date,commodity,FCX,SCCO,BHP
2018-01-02,3.25600004196167,17.80556869506836,32.56319808959961,24.648435592651367
2018-01-03,3.236999988555908,17.53537368774414,32.62311935424805,24.746984481811523
2018-01-04,3.242500066757202,17.778545379638672,32.45665740966797,24.793668746948242
2018-01-05,3.2070000171661377,17.922651290893555,32.70969009399414,24.970027923583984
2018-01-08,3.2009999752044678,17.841588973999023,32.86286163330078,25.156755447387695
2018-01-09,3.194499969482422,17.040023803710938,32.669734954833984,25.33310890197754
2018-01-10,3.2149999141693115,17.571401596069336,32.93610382080078,25.34866714477539
2018-01-11,3.2135000228881836,17.904638290405273,33.36229705810547,25.76362419128418
2018-01-12,3.200000047683716,17.787553787231445,33.24909210205078,26.292695999145508
2018-01-16,3.1989998817443848,17.400279998779297,32.856201171875,25.5250301361084
2018-01-17,3.1665000915527344,17.80556869506836,33.18248748779297,25.644323348999023
2018-01-18,3.177000045776367,17.472335815429688,32.97605895996094,25.58727264404297
2018-01-19,3.1670000553131104,17.976686477661133,33.5221061706543,25.753253936767578
2018-01-22,3.177500009536743,18.003704071044922,33.35563659667969,25.644323348999023
2018-01-23,3.0894999504089355,17.607425689697266,32.736328125,25.286428451538086
2018-01-24,3.2084999084472656,17.6524600982666,33.28903579711914,25.758438110351562
2018-01-25,3.1989998817443848,17.850595474243164,33.3289909362793,25.36941909790039
2018-01-26,3.182499885559082,17.598426818847656,33.71522521972656,25.934799194335938
2018-01-30,3.177000045776367,17.229156494140625,31.983848571777344,25.36941909790039
2018-01-31,3.184000015258789,17.562395095825195,32.33013153076172,25.42647361755371
2018-02-01,3.197000026702881,17.517362594604492,32.729671478271484,25.576894760131836
2018-02-02,3.176500082015991,16.18442726135254,31.5643253326416,24.80922508239746
2018-02-05,3.2105000019073486,15.896219253540039,31.198068618774414,24.103803634643555
2018-02-06,3.177500009536743,16.877914428710938,31.977197647094727,24.757354736328125
2018-02-07,3.0764999389648438,16.085351943969727,31.4444580078125,24.06749153137207
2018-02-08,3.072000026702881,15.454906463623047,30.279115676879883,23.21683120727539
2018-02-09,3.0244998931884766,15.824167251586914,30.965007781982422,23.735525131225586
2018-02-12,3.077500104904175,15.824167251586914,31.4140625,24.27497100830078
2018-02-13,3.1545000076293945,16.03131103515625,32.37250518798828,24.762544631958008
2018-02-14,3.2284998893737793,17.220151901245117,34.20895004272461,25.561338424682617
2018-02-15,3.239000082015991,17.220151901245117,34.0547981262207,25.88811492919922
2018-02-16,3.243000030517578,16.86890411376953,33.847023010253906,25.25530242919922
2018-02-20,3.186000108718872,16.598716735839844,33.826908111572266,24.14529800415039
2018-02-21,3.2114999294281006,16.86890411376953,33.4046745300293,24.103803634643555
2018-02-22,3.237499952316284,17.256179809570312,33.96766662597656,24.689924240112305
2018-02-23,3.2084999084472656,17.607425689697266,34.9663200378418,25.053016662597656
2018-02-26,3.196000099182129,17.589414596557617,36.0453987121582,25.34348487854004
2018-02-27,3.1575000286102295,17.193134307861328,35.80411911010742,24.788484573364258
2018-02-28,3.1075000762939453,16.751821517944336,35.341651916503906,24.119361877441406
2018-03-01,3.0994999408721924,16.697784423828125,35.58965301513672,23.714778900146484
2018-03-02,3.1010000705718994,16.49964714050293,35.48911666870117,23.564359664916992
2018-03-05,3.1054999828338623,16.382556915283203,35.69688034057617,23.704402923583984
2018-03-06,3.13700008392334,16.841886520385742,36.695533752441406,24.20754051208496
2018-03-07,3.114000082015991,16.31951904296875,36.73575973510742,23.808143615722656
2018-03-08,3.058500051498413,16.094358444213867,36.16604232788086,23.755006790161133
2018-03-09,3.115999937057495,16.598716735839844,36.56818389892578,24.0632266998291
2018-03-12,3.1040000915527344,16.715797424316406,36.45425033569336,24.15888786315918
2018-03-13,3.11899995803833,16.64374351501465,36.3336067199707,23.808143615722656
2018-03-14,3.140000104904175,16.805864334106445,36.66202163696289,23.99945640563965
2018-03-15,3.1110000610351562,16.580699920654297,36.527976989746094,24.02602767944336
2018-03-16,3.0929999351501465,16.535673141479492,36.63521194458008,24.13763427734375
2018-03-19,3.069499969482422,16.2564754486084,36.487754821777344,23.494596481323242
2018-03-20,3.0255000591278076,16.652751922607422,36.943519592285156,23.739059448242188
2018-03-21,3.0485000610351562,17.27419090270996,37.432804107666016,24.350200653076172
2018-03-22,3.01200008392334,16.2564754486084,36.400638580322266,23.3883113861084
2018-03-23,2.984499931335449,15.779139518737793,35.830928802490234,23.382999420166016
2018-03-26,2.9605000019073486,15.986278533935547,36.19956588745117,23.818769454956055
2018-03-27,2.991499900817871,15.526960372924805,35.77730941772461,23.436141967773438
2018-03-28,2.99399995803833,15.085646629333496,35.14058303833008,23.11196517944336
2018-03-29,3.0190000534057617,15.824167251586914,36.31349563598633,23.61151123046875
2018-04-02,3.0404999256134033,15.436894416809082,36.347015380859375,23.212940216064453
2018-04-03,3.058000087738037,15.653042793273926,36.75585174560547,23.457395553588867
2018-04-04,3.006999969482422,15.617021560668945,37.198219299316406,23.574312210083008
2018-04-05,3.069499969482422,16.310508728027344,37.59366226196289,23.638084411621094
2018-04-06,3.053999900817871,15.608016014099121,36.67543411254883,23.191686630249023
2018-04-09,3.071500062942505,15.698075294494629,36.44084930419922,23.186370849609375
2018-04-10,3.13100004196167,16.391572952270508,37.65397262573242,24.334259033203125
2018-04-11,3.111999988555908,16.193429946899414,37.446205139160156,24.504318237304688
2018-04-12,3.059999942779541,16.13020896911621,37.59366226196289,24.562774658203125
2018-04-13,3.067500114440918,16.139240264892578,36.79608154296875,24.871007919311523
2018-04-16,3.0915000438690186,16.401147842407227,37.41270065307617,24.59466552734375
2018-04-17,3.075000047683716,16.5275936126709,37.935482025146484,24.801921844482422
2018-04-18,3.1535000801086426,17.322364807128906,38.43144607543945,25.57781410217285
2018-04-19,3.128000020980835,17.674591064453125,38.25718688964844,25.375865936279297
2018-04-20,3.131500005722046,17.484933853149414,37.64057540893555,25.34929656982422
2018-04-23,3.1080000400543213,16.98819351196289,37.111083984375,25.11014747619629
2018-04-24,3.1384999752044678,14.522605895996094,36.62851333618164,25.280210494995117
2018-04-25,3.131999969482422,13.881372451782227,35.5360221862793,25.11014747619629
2018-04-26,3.11299991607666,14.116189956665039,35.73710250854492,25.195178985595703
2018-04-27,3.0460000038146973,13.836213111877441,35.703575134277344,24.727521896362305
2018-04-30,3.052500009536743,13.736868858337402,35.3952751159668,24.844438552856445
2018-05-01,3.015000104904175,13.502049446105957,34.684814453125,24.60529327392578
2018-05-02,3.047499895095825,13.646552085876465,34.67811965942383,24.950721740722656
2018-05-03,3.059000015258789,13.736868858337402,34.725032806396484,25.322721481323242
2018-05-04,3.065500020980835,13.926528930664062,35.49580764770508,25.652212142944336
2018-05-07,3.059499979019165,13.782025337219238,34.90599822998047,25.429012298583984
2018-05-08,3.0404999256134033,13.81815242767334,34.42737579345703,25.29083824157715
2018-05-09,3.0394999980926514,14.161349296569824,34.79140090942383,26.119871139526367
2018-05-10,3.0924999713897705,14.649045944213867,35.27677536010742,26.507822036743164
2018-05-11,3.0950000286102295,14.694204330444336,34.89925003051758,26.789470672607422
2018-05-14,3.0785000324249268,14.63098430633545,34.906005859375,27.203990936279297
2018-05-15,3.0425000190734863,14.414228439331055,34.906005859375,26.927648544311523
2018-05-16,3.058500051498413,15.028367042541504,35.07453155517578,27.352792739868164
2018-05-17,3.0769999027252197,15.154809951782227,35.04756164550781,27.304964065551758
2018-05-18,3.0510001182556152,15.236093521118164,34.616127014160156,27.00204849243164
2018-05-21,3.0855000019073486,15.073525428771973,34.818363189697266,27.363418579101562
2018-05-22,3.11899995803833,15.507040977478027,34.906005859375,27.17741584777832
2018-05-23,3.060499906539917,15.66960334777832,34.48130798339844,27.097700119018555
2018-05-24,3.0855000019073486,15.696701049804688,34.616127014160156,27.03924560546875
2018-05-25,3.066999912261963,15.42574691772461,33.73976516723633,26.050785064697266
2018-05-29,3.052000045776367,15.037402153015137,32.573543548583984,25.5831298828125
2018-05-30,3.059499979019165,15.46187973022461,33.26115036010742,26.268678665161133
2018-05-31,3.058000087738037,15.263184547424316,32.957794189453125,26.45467758178711
2018-06-01,3.0915000438690186,15.46187973022461,33.20721435546875,26.699134826660156
2018-06-04,3.126499891281128,15.543159484863281,33.45663833618164,26.672561645507812
2018-06-05,3.190999984741211,15.940549850463867,34.56219482421875,26.86919403076172
2018-06-06,3.254499912261963,16.43727684020996,35.45203399658203,27.607885360717773
2018-06-07,3.2679998874664307,16.19342803955078,34.777915954589844,27.50691032409668
2018-06-08,3.2929999828338623,16.283742904663086,34.690284729003906,27.459077835083008
2018-06-11,3.250499963760376,16.428247451782227,34.59591293334961,27.544109344482422
2018-06-12,3.242500066757202,16.13020896911621,34.47456359863281,27.17741584777832
2018-06-13,3.247999906539917,16.085052490234375,34.049869537353516,26.938274383544922
2018-06-14,3.2165000438690186,15.877331733703613,33.88806915283203,26.762907028198242
2018-06-15,3.1410000324249268,15.25415325164795,32.742069244384766,25.880727767944336
2018-06-18,3.1034998893737793,15.172869682312012,32.762298583984375,26.024215698242188
2018-06-19,3.0464999675750732,14.685171127319336,31.858972549438477,25.317405700683594
2018-06-20,3.0464999675750732,14.721294403076172,31.71066665649414,25.386497497558594
2018-06-21,3.0250000953674316,14.775485038757324,31.461246490478516,25.444957733154297
2018-06-22,3.0325000286102295,14.847738265991211,31.494945526123047,26.002962112426758
2018-06-25,2.992000102996826,14.215537071228027,31.387088775634766,25.317405700683594
2018-06-26,2.996999979019165,14.676139831542969,31.656734466552734,25.94981575012207
2018-06-27,2.989500045776367,15.263184547424316,31.016324996948242,26.204898834228516
2018-06-28,2.9535000324249268,15.16384220123291,30.942169189453125,26.58221435546875
2018-06-29,2.9509999752044678,15.588319778442383,31.596067428588867,26.576906204223633
2018-07-02,2.93149995803833,15.498004913330078,30.632076263427734,25.811641693115234
2018-07-03,2.9059998989105225,15.416720390319824,30.06580924987793,25.886043548583984
2018-07-05,2.813999891281128,15.326404571533203,30.611854553222656,25.875410079956055
2018-07-06,2.812999963760376,15.814105033874512,30.868017196655273,26.348386764526367
2018-07-09,2.8389999866485596,16.355993270874023,31.33989715576172,27.012678146362305
2018-07-10,2.8285000324249268,16.355993270874023,31.218555450439453,27.198678970336914
2018-07-11,2.7335000038146973,15.72379207611084,30.011882781982422,26.024215698242188
2018-07-12,2.7679998874664307,15.660391807556152,30.193897247314453,26.385589599609375
2018-07-13,2.7699999809265137,15.216568946838379,30.3961238861084,26.10392951965332
2018-07-16,2.756999969482422,15.189401626586914,30.146711349487305,25.76381492614746
2018-07-17,2.739500045776367,15.189401626586914,30.40962028503418,25.89666748046875
2018-07-18,2.752000093460083,15.470178604125977,30.7534122467041,26.486557006835938
2018-07-19,2.686000108718872,14.310826301574707,29.378204345703125,25.758495330810547
2018-07-20,2.746000051498413,14.265538215637207,29.50629425048828,25.76381492614746
2018-07-23,2.736999988555908,14.33799934387207,29.95795440673828,25.630958557128906
2018-07-24,2.799999952316284,14.555377006530762,31.346641540527344,26.645986557006836
2018-07-25,2.805999994277954,14.365166664123535,32.01401138305664,26.8745059967041
2018-07-26,2.803999900817871,14.464802742004395,32.14884948730469,26.598159790039062
2018-07-27,2.7874999046325684,14.482917785644531,32.28366470336914,26.975481033325195
2018-07-30,2.7790000438690186,14.564433097839355,32.40501022338867,27.262447357177734
2018-07-31,2.819000005722046,14.944849967956543,33.274627685546875,27.772626876831055
2018-08-01,2.734999895095825,14.111557006835938,32.20950698852539,27.219932556152344
2018-08-02,2.7269999980926514,13.975696563720703,31.602806091308594,26.550334930419922
2018-08-03,2.753499984741211,14.229305267333984,32.06793975830078,26.773530960083008
2018-08-06,2.7209999561309814,13.948526382446289,31.393827438354492,26.47061538696289
2018-08-07,2.740999937057495,13.9122953414917,31.20343589782715,26.8745059967041
2018-08-08,2.740499973297119,13.939467430114746,31.060649871826172,26.7363338470459
2018-08-09,2.755500078201294,13.8670072555542,31.067447662353516,26.645986557006836
2018-08-10,2.7325000762939453,13.685856819152832,30.809064865112305,26.141128540039062
2018-08-13,2.7219998836517334,13.513766288757324,30.28548240661621,25.843528747558594
2018-08-14,2.67549991607666,13.405076026916504,29.904722213745117,26.220840454101562
2018-08-15,2.556999921798706,12.372523307800293,28.714780807495117,24.95603370666504
2018-08-16,2.6135001182556152,12.472155570983887,29.177154541015625,25.120777130126953
2018-08-17,2.624500036239624,12.653305053710938,29.66672706604004,25.466211318969727
2018-08-20,2.6635000705718994,12.789167404174805,29.76872444152832,25.673471450805664
2018-08-21,2.689500093460083,12.970318794250488,29.911518096923828,25.21112632751465
2018-08-22,2.6684999465942383,13.160524368286133,30.176694869995117,25.615015029907227
2018-08-23,2.6524999141693115,12.843513488769531,29.428739547729492,25.15266227722168
2018-08-24,2.6989998817443848,13.106181144714355,30.169891357421875,25.753183364868164
2018-08-27,2.7049999237060547,13.341672897338867,30.856660842895508,26.056100845336914
2018-08-28,2.7339999675750732,13.278271675109863,31.074247360229492,26.210214614868164
2018-08-29,2.7090001106262207,13.28732967376709,30.849853515625,26.45467758178711
2018-08-30,2.690500020980835,12.816341400146484,29.721120834350586,25.875410079956055
2018-08-31,2.6489999294281006,12.7257661819458,29.673532485961914,25.529979705810547
2018-09-04,2.5834999084472656,12.209486961364746,28.796377182006836,25.104833602905273
2018-09-05,2.5924999713897705,12.381577491760254,28.70117950439453,24.892261505126953
2018-09-06,2.618499994277954,12.291004180908203,28.184406280517578,24.619205474853516
2018-09-07,2.6034998893737793,11.937763214111328,27.497642517089844,24.25876235961914
2018-09-10,2.6105000972747803,11.95588207244873,27.225662231445312,23.952930450439453
2018-09-11,2.6040000915527344,11.810957908630371,27.06247901916504,24.105846405029297
2018-09-12,2.6584999561309814,12.34535026550293,27.953222274780273,24.40074920654297
2018-09-13,2.6644999980926514,12.300063133239746,28.000822067260742,24.624664306640625
2018-09-14,2.627500057220459,12.399696350097656,28.123214721679688,24.832189559936523
2018-09-17,2.633500099182129,12.42686939239502,27.94642448425293,24.701122283935547
2018-09-18,2.7119998931884766,12.689536094665527,28.42919921875,25.22539520263672
2018-09-19,2.7100000381469727,12.952201843261719,28.80997657775879,25.84251594543457
2018-09-20,2.7209999561309814,13.033720016479492,29.41513442993164,26.361331939697266
2018-09-21,2.8364999294281006,13.232983589172363,30.09510040283203,26.88014793395996
2018-09-24,2.815999984741211,12.897857666015625,29.530731201171875,26.863767623901367
2018-09-25,2.803499937057495,13.124295234680176,29.782320022583008,27.29520606994629
2018-09-26,2.806999921798706,12.6804780960083,29.605527877807617,27.082216262817383
2018-09-27,2.7644999027252197,12.56273078918457,29.469524383544922,27.054908752441406
2018-09-28,2.7869999408721924,12.608016967773438,29.333545684814453,27.21874237060547
2018-10-01,2.7739999294281006,12.408751487731934,29.367544174194336,27.540956497192383
2018-10-02,2.7950000762939453,12.580845832824707,29.65992546081543,27.562801361083984
2018-10-03,2.822499990463257,12.635188102722168,29.748323440551758,27.34981918334961
2018-10-04,2.765000104904175,12.34535026550293,29.007171630859375,27.311588287353516
2018-10-05,2.750999927520752,12.019281387329102,28.741975784301758,26.858304977416992
2018-10-08,2.755000114440918,12.037395477294922,28.85077667236328,26.798234939575195
2018-10-09,2.7950000762939453,11.937763214111328,28.707983016967773,26.88014793395996
2018-10-10,2.7690000534057617,11.566408157348633,28.116416931152344,26.01727294921875
2018-10-11,2.796999931335449,11.983050346374512,29.027563095092773,26.04458236694336
2018-10-12,2.7929999828338623,11.583009719848633,28.395200729370117,26.1101131439209
2018-10-15,2.7804999351501465,11.664837837219238,28.65358543395996,26.263029098510742
2018-10-16,2.7704999446868896,11.528457641601562,28.490388870239258,26.47601890563965
2018-10-17,2.7669999599456787,11.273886680603027,28.46319007873535,26.099197387695312
2018-10-18,2.737499952316284,11.037498474121094,27.19845962524414,25.345542907714844
2018-10-19,2.7679998874664307,10.928394317626953,26.0289306640625,25.443851470947266
2018-10-22,2.7739999294281006,10.910213470458984,26.01533317565918,25.71691131591797
2018-10-23,2.746999979019165,10.55562686920166,25.287771224975586,25.198087692260742
2018-10-24,2.746500015258789,9.72827434539795,24.41741943359375,24.051237106323242
2018-10-25,2.748500108718872,10.228326797485352,25.13818359375,24.318832397460938
2018-10-26,2.74399995803833,10.455618858337402,25.43056297302246,24.335214614868164
2018-10-29,2.7385001182556152,10.082858085632324,24.390222549438477,24.187763214111328
2018-10-30,2.6630001068115234,10.373796463012695,25.0225887298584,24.75027084350586
2018-10-31,2.6635000705718994,10.592000007629395,26.069732666015625,25.21993637084961
2018-11-01,2.7214999198913574,11.164788246154785,27.042076110839844,26.4869441986084
2018-11-02,2.802999973297119,11.128418922424316,27.613243103027344,26.24664878845215
2018-11-05,2.755500078201294,11.110233306884766,26.933286666870117,26.432327270507812
2018-11-06,2.7304999828338623,11.092049598693848,27.283594131469727,26.252103805541992
2018-11-07,2.752500057220459,11.21024227142334,27.283594131469727,26.727231979370117
2018-11-08,2.736999988555908,10.84657096862793,26.82337760925293,26.301258087158203
2018-11-09,2.686500072479248,10.319246292114258,26.054052352905273,25.749677658081055
2018-11-12,2.677999973297119,10.146498680114746,25.332807540893555,25.749677658081055
2018-11-13,2.687000036239624,10.228326797485352,25.119869232177734,25.498456954956055
2018-11-14,2.7095000743865967,10.491988182067871,25.44271469116211,25.32370376586914
2018-11-15,2.749000072479248,10.873846054077148,25.923540115356445,25.733293533325195
2018-11-16,2.803999900817871,10.873846054077148,25.971620559692383,26.099197387695312
2018-11-19,2.804500102996826,10.464714050292969,25.600696563720703,25.979047775268555
2018-11-20,2.7664999961853027,9.891925811767578,24.453577041625977,25.12163543701172
2018-11-21,2.7945001125335693,10.373796463012695,24.652772903442383,25.465694427490234
2018-11-23,2.7704999446868896,9.791916847229004,22.063167572021484,24.44990348815918
2018-11-26,2.758500099182129,10.082858085632324,21.939523696899414,24.291528701782227
2018-11-27,2.7105000019073486,10.219234466552734,22.66077423095703,24.105846405029297
2018-11-28,2.7960000038146973,10.882938385009766,23.251508712768555,24.87041664123535
2018-11-29,2.7780001163482666,10.746560096740723,23.0385684967041,24.564592361450195
2018-11-30,2.7774999141693115,10.855659484863281,22.997350692749023,24.225994110107422
2018-12-03,2.799499988555908,10.992039680480957,23.148468017578125,25.394695281982422
2018-12-04,2.748500108718872,10.455618858337402,22.537132263183594,25.056100845336914
2018-12-06,2.740499973297119,10.137408256530762,22.262371063232422,24.504512786865234
2018-12-07,2.757499933242798,9.928295135498047,22.44783592224121,24.346141815185547
2018-12-10,2.7184998989105225,9.719181060791016,22.159334182739258,24.520898818969727
2018-12-11,2.7660000324249268,9.782822608947754,22.083778381347656,25.07248306274414
2018-12-12,2.7685000896453857,10.064671516418457,21.973875045776367,25.454763412475586
2018-12-13,2.762500047683716,9.928295135498047,22.035694122314453,26.04458236694336
2018-12-14,2.760499954223633,9.610078811645508,21.774675369262695,25.209012985229492
2018-12-17,2.753000020980835,9.628264427185059,21.403745651245117,25.662294387817383
2018-12-18,2.6710000038146973,9.637357711791992,21.451833724975586,25.897130966186523
2018-12-19,2.7214999198913574,9.255499839782715,20.79241180419922,25.744213104248047
2018-12-20,2.7019999027252197,9.310047149658203,20.455829620361328,25.542150497436523
2018-12-21,2.678499937057495,9.13730525970459,20.744325637817383,25.72236442565918
2018-12-24,2.6684999465942383,8.89182186126709,20.524520874023438,25.247243881225586
2018-12-26,2.7084999084472656,9.455517768859863,21.17020034790039,26.377717971801758
2018-12-27,2.6675000190734863,9.70099925994873,21.321321487426758,26.186573028564453
2018-12-28,2.678999900817871,9.519161224365234,21.01221466064453,26.170188903808594
2018-12-31,2.628000020980835,9.373688697814941,21.135860443115234,26.372257232666016
2019-01-02,2.625,9.41915225982666,20.73746109008789,26.13742446899414
2019-01-03,2.570499897003174,9.155486106872559,20.064298629760742,25.33462142944336
2019-01-04,2.6514999866485596,9.837374687194824,21.390010833740234,26.88014793395996
2019-01-07,2.6410000324249268,10.001030921936035,21.51365089416504,27.022138595581055
2019-01-08,2.6605000495910645,10.182866096496582,21.78841209411621,26.940223693847656
2019-01-09,2.6619999408721924,10.464714050292969,21.925790786743164,27.087678909301758
2019-01-10,2.6435000896453857,10.464714050292969,21.918926239013672,27.076282501220703
2019-01-11,2.6695001125335693,10.546538352966309,21.78154182434082,26.88263511657715
2019-01-14,2.6454999446868896,10.546539306640625,22.138729095458984,26.848464965820312
2019-01-15,2.6505000591278076,10.564802169799805,21.0877742767334,27.070592880249023
2019-01-16,2.69350004196167,10.857000350952148,21.554866790771484,26.962373733520508
2019-01-17,2.700000047683716,11.07614803314209,21.98761749267578,27.25284767150879
2019-01-18,2.740999937057495,11.468791961669922,22.179943084716797,27.36105728149414
2019-01-22,2.688999891281128,11.304429054260254,21.85023307800293,26.40991973876953
2019-01-23,2.694000005722046,11.240509986877441,21.431224822998047,26.50104522705078
2019-01-24,2.6735000610351562,9.770387649536133,21.335060119628906,26.55230140686035
2019-01-25,2.73799991607666,10.263473510742188,22.14560317993164,27.457881927490234
2019-01-28,2.6875,9.386877059936523,21.822757720947266,27.457881927490234
2019-01-29,2.7320001125335693,9.542107582092285,22.475309371948242,27.970476150512695
2019-01-30,2.7730000019073486,10.290865898132324,23.15534019470215,28.89314079284668
2019-01-31,2.7890000343322754,10.628719329833984,23.093523025512695,29.155132293701172
2019-02-01,2.7750000953674316,10.510015487670898,22.990482330322266,29.098175048828125
2019-02-04,2.7950000762939453,10.829609870910645,23.196552276611328,29.115264892578125
2019-02-05,2.816999912261963,10.838741302490234,23.31332778930664,29.132349014282227
2019-02-06,2.8355000019073486,10.875260353088379,23.560611724853516,29.052614212036133
2019-02-07,2.8285000324249268,10.829609870910645,22.61269187927246,28.74505615234375
2019-02-08,2.809999942779541,10.601323127746582,22.65725326538086,28.876060485839844
2019-02-11,2.7915000915527344,10.528276443481445,21.97344970703125,28.989961624145508
2019-02-12,2.7744998931884766,10.491751670837402,21.289634704589844,29.18930435180664
2019-02-13,2.7739999294281006,11.222249031066895,21.58572006225586,29.422819137573242
2019-02-14,2.7760000228881836,11.103543281555176,22.163780212402344,29.599380493164062
2019-02-15,2.802500009536743,11.21312141418457,22.911035537719727,30.04932403564453
2019-02-19,2.881500005722046,11.952744483947754,24.25750160217285,30.299924850463867
2019-02-20,2.930000066757202,12.190156936645508,25.2585391998291,30.85238265991211
2019-02-21,2.9024999141693115,11.888827323913574,25.279680252075195,30.408138275146484
2019-02-22,2.9609999656677246,12.071450233459473,25.51232147216797,30.926424026489258
2019-02-25,2.950000047683716,12.107976913452148,25.998741149902344,30.846694946289062
2019-02-26,2.944000005722046,12.03492546081543,25.93529510498047,31.028942108154297
2019-02-27,2.9590001106262207,12.016664505004883,25.88594627380371,30.91503143310547
2019-02-28,2.950000047683716,11.779251098632812,25.103445053100586,30.129058837890625
2019-03-01,2.933500051498413,11.751858711242676,25.216238021850586,29.906936645507812
2019-03-04,2.9110000133514404,11.669677734375,25.18804168701172,30.0664119720459
2019-03-05,2.936000108718872,11.724466323852539,25.554616928100586,30.12335777282715
2019-03-06,2.9184999465942383,11.450525283813477,25.470022201538086,30.317012786865234
2019-03-07,2.9114999771118164,11.240509986877441,25.216238021850586,30.177433013916016
2019-03-08,2.8940000534057617,11.03962516784668,25.265586853027344,30.037857055664062
2019-03-11,2.9000000953674316,11.286168098449707,26.104480743408203,30.31700897216797
2019-03-12,2.927500009536743,11.550971984863281,26.668447494506836,30.40424346923828
2019-03-13,2.933500051498413,11.56010627746582,26.96453094482422,30.71247673034668
2019-03-14,2.8884999752044678,11.24964427947998,26.13973045349121,30.35771942138672
2019-03-15,2.9035000801086426,11.277036666870117,26.520404815673828,30.311195373535156
2019-03-18,2.9035000801086426,11.523579597473145,26.83763313293457,30.834606170654297
2019-03-19,2.9195001125335693,11.578364372253418,27.380449295043945,30.72992515563965
2019-03-20,2.9154999256134033,11.706204414367676,27.58488655090332,31.04977798461914
2019-03-21,2.9000000953674316,11.797513008117676,27.803430557250977,31.224254608154297
2019-03-22,2.8359999656677246,11.121806144714355,26.49925994873047,30.386798858642578
2019-03-25,2.8494999408721924,11.304429054260254,26.73894500732422,30.654314041137695
2019-03-26,2.8505001068115234,11.596626281738281,27.59193992614746,31.11375617980957
2019-03-27,2.8580000400543213,11.605758666992188,27.394546508789062,31.3231143951416
2019-03-28,2.868499994277954,11.6240234375,27.507341384887695,31.41035270690918
2019-03-29,2.936000108718872,11.770118713378906,27.972612380981445,31.79418182373047
2019-04-01,2.9205000400543213,11.96187686920166,28.367380142211914,32.56767654418945
2019-04-02,2.9040000438690186,11.98013973236084,28.120656967163086,32.63164520263672
2019-04-03,2.946500062942505,12.016664505004883,28.494274139404297,32.74214172363281
2019-04-04,2.9084999561309814,12.381911277770996,28.903152465820312,32.6723518371582
2019-04-05,2.8924999237060547,12.171894073486328,28.924304962158203,32.75959014892578
2019-04-08,2.929500102996826,12.546273231506348,29.389568328857422,33.22483444213867
2019-04-09,2.93149995803833,12.217550277709961,28.726913452148438,32.8642692565918
2019-04-10,2.922499895095825,12.317992210388184,28.952497482299805,33.14923095703125
2019-04-11,2.885999917984009,12.244945526123047,28.444929122924805,32.77121353149414
2019-04-12,2.946000099182129,12.556564331054688,28.903152465820312,33.05036926269531
2019-04-15,2.934000015258789,12.547401428222656,28.635263442993164,32.57929992675781
2019-04-16,2.930500030517578,12.978175163269043,29.093494415283203,32.20128631591797
2019-04-17,2.9755001068115234,13.014836311340332,29.495311737060547,32.05588912963867
2019-04-18,2.927500009536743,12.831528663635254,28.924304962158203,31.957019805908203
2019-04-22,2.9065001010894775,12.510738372802734,28.409683227539062,32.061702728271484
2019-04-23,2.8984999656677246,12.336594581604004,28.332136154174805,31.799999237060547
2019-04-24,2.9175000190734863,12.44658088684082,27.739980697631836,30.9974422454834
2019-04-25,2.877500057220459,11.190924644470215,26.788284301757812,31.02652359008789
2019-04-26,2.9700000286102295,11.456722259521484,27.443891525268555,30.985807418823242
2019-04-29,2.8949999809265137,11.39256477355957,27.401601791381836,31.020709991455078
2019-04-30,2.9014999866485596,11.282580375671387,27.084369659423828,30.79389190673828
2019-05-01,2.802999973297119,10.732656478881836,25.87184715270996,30.19487762451172
2019-05-02,2.7839999198913574,10.549349784851074,25.935993194580078,30.078567504882812
2019-05-03,2.825000047683716,10.95262622833252,26.90528678894043,30.71247673034668
2019-05-06,2.8369998931884766,10.7418212890625,25.97875213623047,30.18324851989746
2019-05-07,2.7939999103546143,10.485189437866211,26.021516799926758,30.177433013916016
2019-05-08,2.7855000495910645,10.421035766601562,25.87897300720215,30.11346435546875
2019-05-09,2.7834999561309814,10.338544845581055,25.251779556274414,29.921552658081055
2019-05-10,2.7850000858306885,10.421035766601562,25.40857696533203,30.165803909301758
2019-05-13,2.7295000553131104,9.816116333007812,24.710111618041992,29.45629119873047
2019-05-14,2.734499931335449,9.953598976135254,24.959562301635742,29.805234909057617
2019-05-15,2.753499984741211,9.94443416595459,24.995197296142578,29.904102325439453
2019-05-16,2.758500099182129,9.770293235778809,25.00945472717285,30.264671325683594
2019-05-17,2.747999906539917,9.504497528076172,24.745742797851562,30.282119750976562
2019-05-20,2.7360000610351562,9.348685264587402,24.453527450561523,30.427507400512695
2019-05-21,2.7235000133514404,9.486164093017578,24.631710052490234,30.439138412475586
2019-05-22,2.686000108718872,9.22037124633789,23.86196517944336,30.101831436157227
2019-05-23,2.686500072479248,9.119551658630371,23.71229362487793,29.822673797607422
2019-05-24,2.7065000534057617,9.238700866699219,23.86196517944336,30.520553588867188
2019-05-28,2.7035000324249268,9.192873001098633,24.125673294067383,30.910207748413086
2019-05-29,2.672499895095825,9.156209945678711,24.34661865234375,30.613615036010742
2019-05-30,2.6605000495910645,9.00040054321289,24.1898193359375,30.532188415527344
2019-05-31,2.6459999084472656,8.899580955505371,24.040149688720703,30.189064025878906
2019-06-03,2.6554999351501465,9.09205436706543,24.731489181518555,30.4623966217041
2019-06-04,2.6735000610351562,9.458669662475586,25.258907318115234,30.828786849975586
2019-06-05,2.627000093460083,9.25703239440918,25.002323150634766,30.4623966217041
2019-06-06,2.6540000438690186,9.339517593383789,25.116357803344727,30.660133361816406
2019-06-07,2.630500078201294,9.486164093017578,25.693660736083984,30.881128311157227
2019-06-10,2.6640000343322754,9.724466323852539,25.914608001708984,31.014888763427734
2019-06-11,2.67549991607666,9.733630180358887,26.520427703857422,32.01518249511719
2019-06-12,2.6589999198913574,9.706133842468262,26.313732147216797,31.85816192626953
2019-06-13,2.6610000133514404,9.926104545593262,26.67722511291504,32.25944137573242
2019-06-14,2.634500026702881,9.761125564575195,26.363622665405273,31.968658447265625
2019-06-17,2.6510000228881836,9.843615531921387,26.556060791015625,31.898868560791016
2019-06-18,2.7070000171661377,10.201066970825195,27.518239974975586,32.78284454345703
2019-06-19,2.684499979019165,10.25605583190918,27.24739646911621,32.41065216064453
2019-06-20,2.7155001163482666,10.430197715759277,27.796201705932617,33.20157241821289
2019-06-21,2.7060000896453857,10.393537521362305,27.9743709564209,32.91661071777344
2019-06-24,2.7054998874664307,10.393537521362305,28.116926193237305,33.34696960449219
2019-06-25,2.7355000972747803,10.393537521362305,27.667903900146484,33.195762634277344
2019-06-26,2.7109999656677246,10.531018257141113,27.810449600219727,33.65519714355469
2019-06-27,2.7125000953674316,10.595176696777344,27.781940460205078,33.852928161621094
2019-06-28,2.7054998874664307,10.640998840332031,27.689292907714844,33.794769287109375
2019-07-01,2.679500102996826,10.494352340698242,27.43271255493164,33.98668670654297
2019-07-02,2.6575000286102295,10.494352340698242,27.119112014770508,34.29491424560547
2019-07-03,2.679500102996826,10.36603832244873,27.43271255493164,34.27165603637695
2019-07-05,2.6584999561309814,10.347709655761719,27.197513580322266,32.92241668701172
2019-07-08,2.6559998989105225,10.283552169799805,27.076345443725586,33.259735107421875
2019-07-09,2.624500036239624,9.96276569366455,26.54893684387207,33.07363510131836
2019-07-10,2.693000078201294,10.036088943481445,26.54893684387207,33.40512466430664
2019-07-11,2.682499885559082,10.173569679260254,26.263839721679688,33.2713623046875
2019-07-12,2.691499948501587,10.145949363708496,26.278104782104492,33.28881072998047
2019-07-15,2.7074999809265137,10.256431579589844,26.655838012695312,33.64356994628906
2019-07-16,2.69350004196167,10.238016128540039,26.605955123901367,33.47491455078125
2019-07-17,2.7100000381469727,10.18277645111084,26.28521728515625,33.73661804199219
2019-07-18,2.7039999961853027,10.265637397766113,26.199697494506836,33.637752532958984
2019-07-19,2.744499921798706,10.5786714553833,26.81976890563965,33.9052734375
2019-07-22,2.7144999504089355,10.5786714553833,26.81976890563965,34.00413513183594
2019-07-23,2.694000005722046,10.725976943969727,26.655838012695312,33.9517936706543
2019-07-24,2.7039999961853027,10.992979049682617,26.84115219116211,32.76539611816406
2019-07-25,2.695499897003174,10.514225006103516,26.67009735107422,32.63164520263672
2019-07-26,2.676500082015991,10.643117904663086,26.627334594726562,32.64326858520508
2019-07-29,2.7095000743865967,10.689153671264648,26.54893684387207,32.81773376464844
2019-07-30,2.6705000400543213,10.560258865356445,26.41351318359375,32.71887969970703
2019-07-31,2.6579999923706055,10.18277645111084,25.50835609436035,31.945392608642578
2019-08-01,2.6600000858306885,9.851326942443848,24.624574661254883,30.782268524169922
2019-08-02,2.565000057220459,9.483052253723145,23.59825897216797,30.270490646362305
2019-08-05,2.5369999408721924,9.271297454833984,22.99244499206543,29.32834815979004
2019-08-06,2.5510001182556152,9.335745811462402,23.063716888427734,29.20622444152832
2019-08-07,2.565000057220459,9.280503273010254,23.24412727355957,29.014305114746094
2019-08-08,2.6019999980926514,9.317334175109863,24.01628303527832,29.659847259521484
2019-08-09,2.5840001106262207,8.976677894592285,23.07815170288086,29.066646575927734
2019-08-12,2.5799999237060547,8.76491928100586,22.414236068725586,28.810758590698242
2019-08-13,2.624500036239624,9.105576515197754,22.933822631835938,29.45629119873047
2019-08-14,2.5864999294281006,8.617610931396484,22.096717834472656,28.595577239990234
2019-08-15,2.5894999504089355,8.276956558227539,21.519405364990234,28.671180725097656
2019-08-16,2.5899999141693115,8.378232955932617,21.5843505859375,28.386215209960938
2019-08-19,2.5969998836517334,8.516335487365723,21.865787506103516,28.578123092651367
2019-08-20,2.5739998817443848,8.461094856262207,21.764759063720703,28.165218353271484
2019-08-21,2.5815000534057617,8.415060997009277,21.59156036376953,27.688335418701172
2019-08-22,2.553499937057495,8.405855178833008,21.771976470947266,27.47896385192871
2019-08-23,2.5260000228881836,8.129647254943848,21.324554443359375,27.153297424316406
2019-08-26,2.5399999618530273,8.138856887817383,21.310123443603516,27.461523056030273
2019-08-27,2.5434999465942383,8.019165992736816,21.519405364990234,27.414995193481445
2019-08-28,2.5510001182556152,8.240129470825195,21.930740356445312,27.804649353027344
2019-08-29,2.559499979019165,8.396647453308105,22.48640251159668,27.99656867980957
2019-08-30,2.5329999923706055,8.461094856262207,22.803926467895508,28.589765548706055
2019-09-03,2.512500047683716,8.35061264038086,22.55856704711914,28.339683532714844
2019-09-04,2.5789999961853027,8.553163528442383,22.803926467895508,29.316720962524414
2019-09-05,2.624500036239624,8.774126052856445,23.77814483642578,29.5927791595459
2019-09-06,2.615499973297119,8.672853469848633,23.893606185913086,29.502763748168945
2019-09-09,2.6105000972747803,8.930644989013672,24.247209548950195,29.856840133666992
2019-09-10,2.6105000972747803,9.317334175109863,24.903907775878906,30.222923278808594
2019-09-11,2.5975000858306885,9.280503273010254,24.939992904663086,30.354948043823242
2019-09-12,2.623500108718872,9.547501564025879,25.495655059814453,30.583009719848633
2019-09-13,2.680999994277954,9.906570434570312,25.762662887573242,31.159133911132812
2019-09-16,2.621000051498413,9.639572143554688,25.358537673950195,31.231159210205078
2019-09-17,2.609499931335449,9.584329605102539,25.199785232543945,30.955095291137695
2019-09-18,2.5954999923706055,9.538296699523926,25.026588439941406,30.721044540405273
2019-09-19,2.5910000801086426,9.621155738830566,25.019367218017578,30.81706428527832
2019-09-20,2.5899999141693115,9.639572143554688,24.88947868347168,30.601009368896484
2019-09-23,2.5945000648498535,9.510676383972168,24.947206497192383,30.366958618164062
2019-09-24,2.5894999504089355,9.216058731079102,24.239999771118164,29.532772064208984
2019-09-25,2.5950000286102295,9.271297454833984,24.680194854736328,29.78482437133789
2019-09-26,2.559999942779541,9.022711753845215,24.470924377441406,29.694808959960938
2019-09-27,2.5829999446868896,8.88460922241211,24.608036041259766,29.86884307861328
2019-09-30,2.564500093460083,8.810955047607422,24.629684448242188,29.634788513183594
2019-10-01,2.552000045776367,8.442683219909668,23.886390686035156,29.41274070739746
2019-10-02,2.561500072479248,8.166476249694824,23.475053787231445,28.61455726623535
2019-10-03,2.5455000400543213,8.157267570495605,23.619382858276367,28.72858428955078
2019-10-04,2.555500030517578,8.129647254943848,23.814231872558594,29.052663803100586
2019-10-07,2.572000026702881,8.065199851989746,23.814231872558594,28.686573028564453
2019-10-08,2.563499927520752,7.8350300788879395,23.34516143798828,28.488529205322266
2019-10-09,2.562000036239624,7.871859073638916,23.402894973754883,28.530536651611328
2019-10-10,2.6050000190734863,8.249337196350098,24.01628303527832,29.028656005859375
2019-10-11,2.618499994277954,8.841882705688477,24.88947868347168,29.772825241088867
2019-10-14,2.623500108718872,8.795589447021484,25.192564010620117,29.178691864013672
2019-10-15,2.6040000915527344,8.814107894897461,24.680194854736328,29.21469497680664
2019-10-16,2.5794999599456787,8.795589447021484,24.600818634033203,28.90862464904785
2019-10-17,2.5869998931884766,8.74004077911377,24.218345642089844,28.608556747436523
2019-10-18,2.625,8.869658470153809,24.44927406311035,28.524532318115234
2019-10-21,2.634999990463257,9.0918607711792,25.221437454223633,29.034648895263672
2019-10-22,2.621999979019165,9.193706512451172,25.50286865234375,29.14267921447754
2019-10-23,2.6624999046325684,9.378873825073242,26.03689193725586,29.424745559692383
2019-10-24,2.6589999198913574,8.87891674041748,25.56782341003418,29.32872200012207
2019-10-25,2.6665000915527344,9.388134956359863,25.957508087158203,29.538766860961914
2019-10-28,2.672499895095825,9.480718612670898,26.2750301361084,29.94086456298828
2019-10-29,2.682499885559082,9.47145938873291,26.505956649780273,29.838830947875977
2019-10-30,2.680500030517578,9.378873825073242,26.354408264160156,29.628787994384766
2019-10-31,2.632999897003174,9.0918607711792,25.676063537597656,29.35272789001465
2019-11-01,2.6510000228881836,9.739956855773926,26.9533748626709,30.000869750976562
2019-11-04,2.6670000553131104,9.999197006225586,27.516260147094727,30.552997589111328
2019-11-05,2.694999933242798,10.10103988647461,27.40079689025879,31.117136001586914
2019-11-06,2.6610000133514404,9.851061820983887,26.941322326660156,30.847063064575195
2019-11-07,2.7239999771118164,10.434348106384277,27.728992462158203,30.88907814025879
2019-11-08,2.677999973297119,10.665810585021973,27.56124496459961,30.480981826782227
2019-11-11,2.6600000858306885,10.267692565917969,27.77274513244629,30.228923797607422
2019-11-12,2.6419999599456787,10.221400260925293,27.553943634033203,30.19891929626465
2019-11-13,2.6364998817443848,10.036230087280273,27.233051300048828,29.83283233642578
2019-11-14,2.618499994277954,10.008455276489258,27.101768493652344,29.94685935974121
2019-11-15,2.634999990463257,10.332502365112305,27.510189056396484,30.541006088256836
2019-11-18,2.617500066757202,10.19362735748291,27.203882217407227,30.3969669342041
2019-11-19,2.6535000801086426,10.443605422973633,27.41537857055664,30.679025650024414
2019-11-20,2.6465001106262207,10.212141036987305,26.963191986083984,30.13890838623047
2019-11-21,2.621000051498413,10.19362735748291,27.058012008666992,30.19891929626465
2019-11-22,2.6475000381469727,10.508416175842285,27.641475677490234,30.510995864868164
2019-11-25,2.6475000381469727,10.795429229736328,27.860271453857422,30.883079528808594
2019-11-26,2.674499988555908,10.841721534729004,27.77274513244629,30.9490966796875
2019-11-27,2.674499988555908,10.74913501739502,28.093658447265625,31.117136001586914
2019-11-29,2.6419999599456787,10.536190032958984,27.736282348632812,30.92508888244629
2019-12-02,2.632499933242798,10.600998878479004,27.677942276000977,31.05712127685547
2019-12-03,2.6080000400543213,10.110298156738281,26.977785110473633,30.480981826782227
2019-12-04,2.6440000534057617,10.286210060119629,27.495609283447266,30.85907554626465
2019-12-05,2.6484999656677246,10.489899635314941,27.99884033203125,30.655025482177734
2019-12-06,2.7109999656677246,10.776911735534668,28.305158615112305,31.05712127685547
2019-12-09,2.746500015258789,11.202804565429688,28.720867156982422,31.36918830871582
2019-12-10,2.755500078201294,11.369455337524414,28.91050148010254,31.561237335205078
2019-12-11,2.7825000286102295,11.887935638427734,29.581478118896484,31.939319610595703
2019-12-12,2.7894999980926514,12.091621398925781,30.062833786010742,32.25139236450195
2019-12-13,2.7804999351501465,11.915709495544434,30.259756088256836,32.50345230102539
2019-12-16,2.820499897003174,11.989776611328125,30.070131301879883,33.1215934753418
2019-12-17,2.819499969482422,11.99903678894043,30.63900375366211,33.193607330322266
2019-12-18,2.816999912261963,12.017552375793457,31.09119415283203,32.851524353027344
2019-12-19,2.8315000534057617,12.0360689163208,31.251636505126953,32.78551483154297
2019-12-20,2.811000108718872,11.767573356628418,30.84322166442871,32.623477935791016
2019-12-23,2.816999912261963,11.897191047668457,31.120351791381836,32.7194938659668
2019-12-24,2.8385000228881836,12.026814460754395,31.062009811401367,32.68348693847656
2019-12-26,2.864500045776367,12.193463325500488,31.49960708618164,32.89353942871094
2019-12-27,2.8364999294281006,12.0638427734375,31.047426223754883,32.965553283691406
2019-12-30,2.827500104904175,12.045328140258789,30.989078521728516,32.83951950073242
2019-12-31,2.7939999103546143,12.147170066833496,30.981792449951172,32.833526611328125
2020-01-02,2.8329999446868896,12.22124195098877,31.149539947509766,32.95955276489258
2020-01-03,2.7985000610351562,11.850898742675781,30.30351448059082,32.73749923706055
2020-01-06,2.80049991607666,11.897191047668457,30.35457420349121,32.70149612426758
2020-01-07,2.803999900817871,12.082365036010742,30.3983211517334,32.70149612426758
2020-01-08,2.819000005722046,12.202726364135742,30.573354721069336,32.863529205322266
2020-01-09,2.810499906539917,11.99903678894043,30.80674934387207,32.55146408081055
2020-01-10,2.81850004196167,11.94348430633545,31.35374641418457,32.64148712158203
2020-01-13,2.8615000247955322,12.526771545410156,32.3893928527832,32.8575325012207
2020-01-14,2.875999927520752,12.275862693786621,32.30186462402344,33.1215934753418
2020-01-15,2.869999885559082,12.062128067016602,31.959083557128906,33.025569915771484
2020-01-16,2.8519999980926514,11.94132137298584,31.725696563720703,33.34364318847656
2020-01-17,2.8494999408721924,11.959906578063965,32.03931427001953,33.895774841308594
2020-01-21,2.7985000610351562,11.402336120605469,30.82132911682129,33.355648040771484
2020-01-22,2.7669999599456787,11.448800086975098,30.522308349609375,33.81174850463867
2020-01-23,2.7260000705718994,11.12354850769043,29.902376174926758,33.39165496826172
2020-01-24,2.685499906539917,11.002742767333984,29.063648223876953,32.671485900878906
2020-01-27,2.5964999198913574,10.129212379455566,27.692523956298828,31.657249450683594
2020-01-28,2.5794999599456787,10.50092887878418,28.348918914794922,31.813289642333984
2020-01-29,2.553499937057495,10.4916353225708,28.159290313720703,31.75927734375
2020-01-30,2.5234999656677246,10.519512176513672,28.348918914794922,31.795289993286133
2020-01-31,2.5199999809265137,10.315072059631348,27.481019973754883,30.67302894592285
2020-02-03,2.513000011444092,10.631028175354004,27.860271453857422,30.474987030029297
2020-02-04,2.547499895095825,11.1885986328125,29.18035316467285,31.30916976928711
2020-02-05,2.5789999961853027,11.532432556152344,29.275161743164062,31.717260360717773
2020-02-06,2.5985000133514404,11.448800086975098,28.874034881591797,31.525222778320312
2020-02-07,2.559000015258789,10.965570449829102,28.18117904663086,30.649023056030273
2020-02-10,2.557499885559082,11.309407234191895,27.96237564086914,30.643020629882812
2020-02-11,2.5885000228881836,11.523141860961914,28.39997100830078,30.919078826904297
2020-02-12,2.6059999465942383,11.774049758911133,28.81568717956543,31.42920684814453
2020-02-13,2.619499921798706,11.718293190002441,28.779220581054688,31.207149505615234
2020-02-14,2.6054999828338623,11.374458312988281,28.633359909057617,31.02111053466797
2020-02-18,2.609999895095825,11.170013427734375,27.831090927124023,30.943090438842773
2020-02-19,2.612499952316284,11.244356155395508,28.319746017456055,30.865074157714844
2020-02-20,2.5950000286102295,11.225769996643066,27.933197021484375,30.390966415405273
2020-02-21,2.618000030517578,11.095670700073242,27.605003356933594,30.252933502197266
2020-02-24,2.5924999713897705,10.445171356201172,26.357860565185547,28.72858428955078
2020-02-25,2.5964999198913574,9.971233367919922,25.562891006469727,28.07443618774414
2020-02-26,2.5764999389648438,9.720328330993652,25.54830551147461,27.870380401611328
2020-02-27,2.571500062942505,9.107001304626465,24.48348617553711,26.95817756652832
2020-02-28,2.5460000038146973,9.255687713623047,24.541831970214844,25.991952896118164
2020-03-02,2.6010000705718994,9.757499694824219,25.635820388793945,26.55608367919922
2020-03-03,2.5794999599456787,9.35790729522705,25.285749435424805,26.370044708251953
2020-03-04,2.5929999351501465,9.711036682128906,26.117177963256836,27.47429084777832
2020-03-05,2.5824999809265137,9.28356647491455,25.78898048400879,26.621902465820312
2020-03-06,2.572999954223633,8.763161659240723,25.716053009033203,25.78803825378418
2020-03-09,2.5239999294281006,7.648022174835205,23.613615036010742,21.53841781616211
2020-03-10,2.5339999198913574,8.363571166992188,25.996376037597656,23.323503494262695
2020-03-11,2.51200008392334,7.545799732208252,23.25952911376953,21.89666748046875
2020-03-12,2.4809999465942383,6.6629791259765625,19.607934951782227,19.104764938354492
2020-03-13,2.4739999771118164,6.997521877288818,21.607088088989258,21.18016242980957
2020-03-16,2.3984999656677246,5.79874324798584,20.382511138916016,19.48772621154785
2020-03-17,2.315500020980835,6.0217719078063965,20.574317932128906,21.53841781616211
2020-03-18,2.1605000495910645,4.934507846832275,19.106300354003906,19.11712074279785
2020-03-19,2.200000047683716,5.334099292755127,20.013668060302734,19.981868743896484
2020-03-20,2.190500020980835,5.129657745361328,18.744831085205078,19.438310623168945
2020-03-23,2.119499921798706,5.008849620819092,17.357967376708984,19.592729568481445
2020-03-24,2.197499990463257,6.495707035064697,19.600557327270508,22.520524978637695
2020-03-25,2.2339999675750732,6.737320899963379,20.2866153717041,23.051719665527344
2020-03-26,2.2079999446868896,6.495707035064697,20.957921981811523,23.379093170166016
2020-03-27,2.197000026702881,5.761570930480957,19.61530876159668,21.983144760131836
2020-03-30,2.1619999408721924,5.79874324798584,20.37513542175293,22.88494873046875
2020-03-31,2.240000009536743,6.272677898406982,20.773494720458984,22.662588119506836
2020-04-01,2.191999912261963,5.863792419433594,19.578426361083984,22.156091690063477
2020-04-02,2.2330000400543213,5.938135623931885,20.1685791015625,23.409975051879883
2020-04-03,2.2100000381469727,5.873086452484131,19.77022933959961,22.600820541381836
2020-04-06,2.234999895095825,6.681563854217529,20.950538635253906,24.027658462524414
2020-04-07,2.2885000705718994,7.053278923034668,21.79151153564453,23.792940139770508
2020-04-08,2.2780001163482666,7.462164878845215,22.263639450073242,24.280902862548828
2020-04-09,2.2774999141693115,7.610849857330322,22.95707130432129,24.404436111450195
2020-04-13,2.320499897003174,7.713070392608643,22.780019760131836,24.466209411621094
2020-04-14,2.3469998836517334,7.731658458709717,22.86855125427246,24.929462432861328
2020-04-15,2.3125,7.127621650695801,21.297256469726562,23.72499656677246
2020-04-16,2.304500102996826,7.043985843658447,20.921030044555664,23.84853172302246
2020-04-17,2.3534998893737793,7.750241756439209,22.322650909423828,24.719449996948242
2020-04-20,2.3345000743865967,7.452870845794678,21.828397750854492,23.947357177734375
2020-04-21,2.2669999599456787,6.886006832122803,21.407907485961914,22.749059677124023
2020-04-22,2.317500114440918,7.099742412567139,22.226749420166016,23.317323684692383
2020-04-23,2.3239998817443848,7.257720470428467,22.780019760131836,23.687931060791016
2020-04-24,2.3480000495910645,7.880342483520508,22.684123992919922,24.132658004760742
2020-04-27,2.381999969482422,8.2241792678833,24.0267276763916,24.398263931274414
2020-04-28,2.378999948501587,8.289229393005371,24.609508514404297,24.6700382232666
2020-04-29,2.374500036239624,8.605189323425293,25.553756713867188,26.01039695739746
2020-04-30,2.3540000915527344,8.205592155456543,23.930828094482422,25.127119064331055
2020-05-01,2.31850004196167,7.861757278442383,23.4291934967041,23.74352264404297
2020-05-04,2.3239998817443848,8.084785461425781,23.85706329345703,24.015302658081055
2020-05-05,2.3410000801086426,8.177712440490723,23.85706329345703,24.188251495361328
2020-05-06,2.3524999618530273,7.982565402984619,23.916074752807617,24.324142456054688
2020-05-07,2.385499954223633,8.335693359375,24.277545928955078,24.9788761138916
2020-05-08,2.4084999561309814,8.558721542358398,25.41359519958496,25.58420181274414
2020-05-11,2.381999969482422,8.344983100891113,24.985727310180664,24.89240074157715
2020-05-12,2.3605000972747803,8.056907653808594,24.547908782958984,24.342670440673828
2020-05-13,2.3489999771118164,7.805998802185059,24.191709518432617,24.478557586669922
2020-05-14,2.3510000705718994,7.703780174255371,24.444013595581055,24.929462432861328
2020-05-15,2.3334999084472656,7.880342483520508,24.347545623779297,25.540964126586914
2020-05-18,2.4049999713897705,8.530841827392578,26.440204620361328,27.6657772064209
2020-05-19,2.4230000972747803,8.493672370910645,26.647981643676758,27.702838897705078
2020-05-20,2.4674999713897705,8.475085258483887,26.744457244873047,28.326692581176758
2020-05-21,2.4519999027252197,8.27064323425293,26.32889175415039,28.12903594970703
2020-05-22,2.4089999198913574,8.121955871582031,26.10626983642578,28.10433006286621
2020-05-26,2.438499927520752,8.605189323425293,26.6925106048584,28.369930267333984
2020-05-27,2.4024999141693115,8.633064270019531,26.937397003173828,28.542875289916992
2020-05-28,2.4130001068115234,8.447208404541016,27.30101203918457,28.84554672241211
2020-05-29,2.426500082015991,8.428619384765625,26.937397003173828,29.092613220214844
2020-06-01,2.4744999408721924,8.679527282714844,27.34553337097168,29.80294418334961
2020-06-02,2.494499921798706,9.060534477233887,27.83530616760254,30.741809844970703
2020-06-03,2.496500015258789,9.422956466674805,28.414125442504883,31.18036460876465
2020-06-04,2.493000030517578,9.478716850280762,28.258291244506836,31.130950927734375
2020-06-05,2.556999921798706,10.092042922973633,28.903902053833008,31.779512405395508
2020-06-08,2.569999933242798,10.45446491241455,28.7851619720459,32.53925704956055
2020-06-09,2.6005001068115234,10.473050117492676,28.889057159423828,32.29218292236328
2020-06-10,2.6570000648498535,10.658907890319824,29.274932861328125,32.40336608886719
2020-06-11,2.5864999294281006,9.209221839904785,26.7667179107666,30.06236457824707
2020-06-12,2.6015000343322754,9.748208045959473,27.471691131591797,30.89005470275879
2020-06-15,2.56850004196167,9.729622840881348,27.62010955810547,30.482385635375977
2020-06-16,2.565999984741211,10.017699241638184,27.70173454284668,30.91476058959961
2020-06-17,2.5920000076293945,9.943359375,27.902095794677734,30.66151237487793
2020-06-18,2.5910000801086426,9.81325912475586,27.367795944213867,30.27855110168457
2020-06-19,2.615000009536743,9.757499694824219,28.050508499145508,29.62381362915039
2020-06-22,2.6554999351501465,10.026993751525879,27.775941848754883,30.33414649963379
2020-06-23,2.6600000858306885,10.296486854553223,28.436389923095703,30.772695541381836
2020-06-24,2.6505000591278076,9.822549819946289,27.813053131103516,29.901769638061523
2020-06-25,2.6624999046325684,10.296486854553223,28.436389923095703,30.519447326660156
2020-06-26,2.671999931335449,10.026993751525879,27.991146087646484,29.98206901550293
2020-06-29,2.679500102996826,10.259315490722656,28.473491668701172,30.25384521484375
2020-06-30,2.7135000228881836,10.751834869384766,29.51239585876465,30.717103958129883
2020-07-01,2.7170000076293945,10.677492141723633,28.636754989624023,30.544160842895508
2020-07-02,2.7335000038146973,10.686785697937012,28.87421989440918,30.927120208740234
2020-07-06,2.7660000324249268,11.848392486572266,30.232213973999023,31.149478912353516
2020-07-07,2.7874999046325684,11.82980728149414,29.683082580566406,30.83445930480957
2020-07-08,2.814500093460083,11.913440704345703,30.165435791015625,31.56949806213379
2020-07-09,2.828000068664551,11.978492736816406,29.927963256835938,31.19271469116211
2020-07-10,2.88700008392334,12.052837371826172,30.914928436279297,31.544788360595703
2020-07-13,2.941999912261963,12.099299430847168,30.56615447998047,31.359487533569336
2020-07-14,2.9159998893737793,12.545355796813965,31.51600456237793,32.34159851074219
2020-07-15,2.870500087738037,12.573234558105469,31.768320083618164,32.786319732666016
2020-07-16,2.885999917984009,12.517477989196777,31.634748458862305,32.70602035522461
2020-07-17,2.887500047683716,12.619702339172363,32.41392517089844,33.25575637817383
2020-07-20,2.8984999656677246,12.480306625366211,32.49555587768555,33.10133743286133
2020-07-21,2.940999984741211,12.433841705322266,32.09482955932617,32.934566497802734
2020-07-22,2.9084999561309814,12.656869888305664,32.44361114501953,32.85426712036133
2020-07-23,2.924499988555908,12.378087043762207,32.18388366699219,32.557777404785156
2020-07-24,2.881999969482422,12.192227363586426,31.968671798706055,32.49601745605469
2020-07-27,2.888000011444092,12.601113319396973,34.18748092651367,33.59548568725586
2020-07-28,2.9049999713897705,12.294450759887695,33.30441665649414,33.058101654052734
2020-07-29,2.9054999351501465,12.359498023986816,32.851749420166016,33.515174865722656
2020-07-30,2.9045000076293945,12.024955749511719,32.525238037109375,32.82955551147461
2020-07-31,2.8589999675750732,12.006370544433594,32.436180114746094,32.63808059692383
2020-08-03,2.9079999923706055,12.173644065856934,32.77011489868164,33.16310119628906
2020-08-04,2.8894999027252197,12.034250259399414,32.33229064941406,33.45341491699219
2020-08-05,2.9114999771118164,12.982122421264648,33.601253509521484,34.602294921875
2020-08-06,2.9054999351501465,13.530401229858398,34.26170349121094,35.108787536621094
2020-08-07,2.7904999256134033,12.972827911376953,33.437984466552734,34.521995544433594
2020-08-10,2.8585000038146973,13.363127708435059,34.02423095703125,35.30644989013672
2020-08-11,2.871999979019165,12.972827911376953,33.3280143737793,35.10261154174805
2020-08-12,2.88700008392334,12.982122421264648,33.93439865112305,35.49174880981445
2020-08-13,2.803999900817871,12.814850807189941,33.59003829956055,35.22614669799805
2020-08-14,2.8559999465942383,12.80555534362793,33.82958984375,35.20144271850586
2020-08-17,2.8980000019073486,13.102927207946777,34.383575439453125,35.81294250488281
2020-08-18,2.9709999561309814,13.391006469726562,34.847694396972656,35.14584732055664
2020-08-19,3.0190000534057617,13.883528709411621,34.98244857788086,34.45405197143555
2020-08-20,2.9700000286102295,13.660499572753906,34.81027603149414,34.42934799194336
2020-08-21,2.9135000705718994,13.344542503356934,34.42847442626953,33.66960525512695
2020-08-24,2.922499895095825,13.530401229858398,34.89261245727539,34.15138244628906
2020-08-25,2.930999994277954,13.437471389770508,34.64557647705078,33.79930877685547
2020-08-26,2.9595000743865967,13.948577880859375,35.3193244934082,34.07109069824219
2020-08-27,2.9649999141693115,13.846356391906738,34.675514221191406,33.996971130371094
2020-08-28,2.994999885559082,14.543319702148438,36.09038543701172,34.48493194580078
2020-08-31,3.0409998893737793,14.506150245666504,36.00803756713867,34.00932312011719
2020-09-01,3.009500026702881,15.035842895507812,36.32244873046875,35.077911376953125
2020-09-02,3.003000020980835,15.11948013305664,35.918209075927734,34.82465744018555
2020-09-03,2.9579999446868896,14.459685325622559,34.885128021240234,33.482826232910156
2020-09-04,3.0464999675750732,14.887157440185547,35.16960144042969,33.835609436035156
2020-09-08,3.012500047683716,14.60837173461914,34.28623580932617,33.419830322265625
2020-09-09,3.0399999618530273,14.998671531677246,35.08725357055664,34.16319274902344
2020-09-10,2.986999988555908,14.654834747314453,34.04668426513672,33.16154098510742
2020-09-11,3.0339999198913574,15.11948013305664,35.102230072021484,34.13799285888672
2020-09-14,3.066499948501587,15.20311450958252,35.431610107421875,34.56007385253906
2020-09-15,3.062999963760376,15.249576568603516,35.40166473388672,34.9002571105957
2020-09-16,3.058000087738037,15.593413352966309,35.222007751464844,35.202640533447266
2020-09-17,3.066499948501587,15.82573413848877,35.32680892944336,34.956947326660156
2020-09-18,3.1135001182556152,15.797859191894531,34.79529571533203,34.465572357177734
2020-09-21,3.0295000076293945,14.543319702148438,33.81461715698242,33.33793258666992
2020-09-22,3.059000015258789,14.571197509765625,33.979312896728516,33.31903076171875
2020-09-23,2.993499994277954,13.72554874420166,32.90131759643555,32.65127182006836
2020-09-24,2.9690001010894775,14.292412757873535,33.350486755371094,33.167842864990234
2020-09-25,2.9730000495910645,14.218072891235352,33.29808807373047,33.00404739379883
2020-09-28,2.989500045776367,14.775642395019531,33.605010986328125,33.22454071044922
2020-09-29,2.9835000038146973,14.23665714263916,33.27562713623047,32.506370544433594
2020-09-30,3.0285000801086426,14.534029006958008,33.88948440551758,32.57566833496094
2020-10-01,2.8635001182556152,14.45039176940918,33.30556106567383,32.34257507324219
2020-10-02,2.9784998893737793,14.812814712524414,34.158973693847656,32.41817855834961
2020-10-05,2.9649999141693115,15.165943145751953,35.02737045288086,32.865455627441406
2020-10-06,2.9655001163482666,14.60837173461914,34.14400863647461,31.81340789794922
2020-10-07,3.0344998836517334,15.686344146728516,35.29685974121094,32.72056198120117
2020-10-08,3.0420000553131104,15.611997604370117,35.50647735595703,33.085941314697266
2020-10-09,3.0794999599456787,16.011594772338867,35.99307632446289,33.30643081665039
2020-10-12,3.061000108718872,15.621292114257812,35.90323257446289,33.073341369628906
2020-10-13,3.0425000190734863,15.630585670471191,35.476531982421875,32.789859771728516
2020-10-14,3.047499895095825,15.742100715637207,35.603790283203125,32.70795822143555
2020-10-15,3.0829999446868896,15.993005752563477,35.918209075927734,32.638668060302734
2020-10-16,3.065000057220459,15.937247276306152,35.888267517089844,32.537872314453125
2020-10-19,3.0810000896453857,15.927955627441406,35.78345489501953,31.88270378112793
2020-10-20,3.1435000896453857,16.364717483520508,36.87642288208008,32.2543830871582
2020-10-21,3.194499969482422,16.46693992614746,37.36302185058594,32.34888458251953
2020-10-22,3.1500000953674316,17.05238914489746,37.63252639770508,32.5882682800293
2020-10-23,3.125499963760376,17.061683654785156,38.89017868041992,32.374080657958984
2020-10-26,3.0885000228881836,16.132402420043945,38.276309967041016,31.7252140045166
2020-10-27,3.0899999141693115,16.46693992614746,38.89017868041992,31.334632873535156
2020-10-28,3.056999921798706,15.67704963684082,38.493431091308594,30.049495697021484
2020-10-29,3.052000045776367,16.243911743164062,39.30939483642578,30.30777931213379
2020-10-30,3.0434999465942383,16.113815307617188,39.18214416503906,30.30777931213379
2020-11-02,3.073499917984009,16.950170516967773,40.58203125,30.295181274414062
2020-11-03,3.0869998931884766,17.442689895629883,40.36494064331055,31.214941024780273
2020-11-04,3.1010000705718994,16.727142333984375,39.58638000488281,30.77396011352539
2020-11-05,3.1045000553131104,17.48915672302246,40.611976623535156,31.536222457885742
2020-11-06,3.1489999294281006,17.767940521240234,41.270755767822266,32.16619110107422
2020-11-09,3.1514999866485596,18.390562057495117,41.29341125488281,33.451324462890625
2020-11-10,3.1505000591278076,18.41844367980957,40.91568374633789,33.77260971069336
2020-11-11,3.128999948501587,18.148944854736328,40.90058135986328,33.728515625
2020-11-12,3.1429998874664307,18.139657974243164,40.47751998901367,32.827659606933594
2020-11-13,3.17549991607666,18.7158145904541,41.08945083618164,33.35683059692383
2020-11-16,3.2200000286102295,19.514999389648438,41.958229064941406,33.99939727783203
2020-11-17,3.196500062942505,19.542879104614258,42.373722076416016,33.84820556640625
2020-11-18,3.197999954223633,19.245508193969727,42.2075309753418,33.59621810913086
2020-11-19,3.2035000324249268,19.617219924926758,42.34351348876953,33.438724517822266
2020-11-20,3.2934999465942383,19.7473201751709,42.93275451660156,33.82930374145508
2020-11-23,3.259500026702881,20.360645294189453,43.92997360229492,34.72386169433594
2020-11-24,3.299999952316284,21.47579002380371,44.957393646240234,36.44367980957031
2020-11-25,3.312000036239624,21.875385284423828,45.312461853027344,36.10978698730469
2020-11-27,3.3994998931884766,21.856796264648438,45.96971130371094,36.07199478149414
2020-11-30,3.4205000400543213,21.735992431640625,44.851627349853516,35.145938873291016
2020-12-01,3.4679999351501465,21.968318939208984,45.440895080566406,36.380680084228516
2020-12-02,3.4749999046325684,22.377197265625,45.478660583496094,37.8800048828125
2020-12-03,3.4790000915527344,22.665279388427734,45.561767578125,38.79975509643555
2020-12-04,3.5139999389648438,23.28789710998535,46.09813690185547,39.72581100463867
2020-12-07,3.508500099182129,22.841840744018555,44.768524169921875,39.391929626464844
2020-12-08,3.49399995803833,22.7396183013916,45.561767578125,39.694313049316406
2020-12-09,3.507999897003174,22.730329513549805,44.93473434448242,39.68171691894531
2020-12-10,3.570499897003174,23.10204315185547,44.700538635253906,40.79045867919922
2020-12-11,3.5239999294281006,22.869718551635742,45.14625549316406,40.64556884765625
2020-12-14,3.5220000743865967,22.117002487182617,44.7458610534668,39.939998626708984
2020-12-15,3.5380001068115234,22.581642150878906,45.727962493896484,40.752662658691406
2020-12-16,3.553999900817871,22.665279388427734,46.664730072021484,40.866050720214844
2020-12-17,3.5969998836517334,22.971942901611328,47.52595520019531,41.754310607910156
2020-12-18,3.628499984741211,22.888307571411133,47.40507507324219,41.401527404785156
2020-12-21,3.572999954223633,23.10204315185547,48.19076156616211,41.31333541870117
2020-12-22,3.5179998874664307,22.535181045532227,47.66948699951172,40.71486282348633
2020-12-23,3.552000045776367,23.10204315185547,48.659149169921875,41.34482955932617
2020-12-24,3.559999942779541,23.0369930267334,48.424949645996094,41.042449951171875
2020-12-28,3.569999933242798,22.888307571411133,47.99434280395508,41.130645751953125
2020-12-29,3.552999973297119,22.99052619934082,48.553375244140625,41.38893127441406
2020-12-30,3.5429999828338623,24.653949737548828,49.72434616088867,41.54011535644531
2020-12-31,3.5139999389648438,24.18001365661621,49.19552230834961,41.16213607788086
2021-01-04,3.552999973297119,25.22081756591797,50.819759368896484,42.428375244140625
2021-01-05,3.640500068664551,26.36383628845215,51.492122650146484,43.78281021118164
2021-01-06,3.6500000953674316,28.027257919311523,52.08892822265625,45.17504119873047
2021-01-07,3.695499897003174,28.96583366394043,53.773616790771484,46.10109329223633
2021-01-08,3.6735000610351562,28.947248458862305,53.970027923583984,46.27748107910156
2021-01-11,3.563999891281128,28.17594337463379,53.380775451660156,44.90415573120117
2021-01-12,3.6050000190734863,28.79856300354004,54.24955368041992,45.326229095458984
2021-01-13,3.617000102996826,28.398969650268555,53.063472747802734,44.7718620300293
2021-01-14,3.6679999828338623,29.72784996032715,53.637630462646484,46.54207229614258
2021-01-15,3.6029999256134033,28.203819274902344,52.20982360839844,44.48207473754883
2021-01-19,3.635999917984009,29.467647552490234,53.562076568603516,45.004947662353516
2021-01-20,3.6475000381469727,28.779977798461914,53.086143493652344,45.8491096496582
2021-01-21,3.6554999351501465,27.91574478149414,53.19190216064453,45.56562423706055
2021-01-22,3.635499954223633,28.33392333984375,53.65272521972656,45.225440979003906
2021-01-25,3.640500068664551,26.93069839477539,52.72350311279297,44.86005401611328
2021-01-26,3.628000020980835,25.100006103515625,52.69330596923828,45.23173904418945
2021-01-27,3.571500062942505,23.966279983520508,50.91796875,43.55602264404297
2021-01-28,3.5829999446868896,25.824848175048828,52.240020751953125,43.66311264038086
2021-01-29,3.573499917984009,25.007076263427734,50.17006301879883,42.069297790527344
2021-02-01,3.562000036239624,26.233732223510742,52.02849578857422,43.052040100097656
2021-02-02,3.5390000343322754,26.150096893310547,51.46945571899414,42.27717971801758
2021-02-03,3.5785000324249268,27.135141372680664,51.28813934326172,42.2393913269043
2021-02-04,3.565999984741211,27.692712783813477,52.51954650878906,42.207889556884766
2021-02-05,3.6389999389648438,29.486236572265625,53.98513412475586,42.69926452636719
2021-02-08,3.678999900817871,29.84865951538086,53.811370849609375,43.87730026245117
2021-02-09,3.7335000038146973,29.755727767944336,54.138980865478516,43.896202087402344
2021-02-10,3.7855000495910645,29.030881881713867,54.474212646484375,43.97809982299805
2021-02-11,3.7874999046325684,28.79856300354004,53.82662582397461,43.92140579223633
2021-02-12,3.802000045776367,29.021587371826172,55.20561981201172,44.33718490600586
2021-02-16,3.8480000495910645,30.573495864868164,55.63226318359375,47.55002212524414
2021-02-17,3.8359999656677246,31.73511505126953,56.63032531738281,47.606719970703125
2021-02-18,3.9165000915527344,31.725814819335938,56.7674674987793,47.75160217285156
2021-02-19,4.090000152587891,34.838924407958984,60.508277893066406,47.9468994140625
2021-02-22,4.152500152587891,35.38719940185547,62.11583709716797,48.854061126708984
2021-02-23,4.1875,35.173465728759766,60.394004821777344,49.54701614379883
2021-02-24,4.301000118255615,35.21062469482422,59.79212188720703,50.23368835449219
2021-02-25,4.265999794006348,33.156917572021484,57.20172882080078,49.162742614746094
2021-02-26,4.0945000648498535,31.51207733154297,54.344688415527344,47.82090377807617
2021-03-01,4.119500160217285,32.432071685791016,57.056976318359375,49.61631774902344
2021-03-02,4.231500148773193,32.69226837158203,58.009315490722656,50.460472106933594
2021-03-03,4.1529998779296875,32.525001525878906,58.65692138671875,51.02743911743164
2021-03-04,3.990999937057495,30.387645721435547,54.39802932739258,49.10212707519531
2021-03-05,4.086999893188477,32.5435791015625,56.180824279785156,49.34117126464844
2021-03-08,4.103499889373779,31.995302200317383,55.25893783569336,48.966453552246094
2021-03-09,4.019499778747559,31.46561050415039,55.594181060791016,48.863075256347656
2021-03-10,4.041999816894531,32.023189544677734,57.24745178222656,47.14450454711914
2021-03-11,4.14300012588501,34.820335388183594,59.586395263671875,47.874568939208984
2021-03-12,4.145500183105469,34.773868560791016,59.418800354003906,48.184696197509766
2021-03-15,4.146500110626221,34.34639358520508,57.72744369506836,47.196189880371094
2021-03-16,4.078999996185303,32.515708923339844,56.22652816772461,46.4208869934082
2021-03-17,4.127999782562256,33.55651092529297,56.592227935791016,46.22706985473633
2021-03-18,4.117000102996826,32.91530227661133,55.57131576538086,45.15456771850586
2021-03-19,4.123499870300293,32.515708923339844,54.96181869506836,44.4697380065918
2021-03-22,4.14900016784668,32.53428649902344,54.91610336303711,44.689395904541016
2021-03-23,4.0879998207092285,29.92300033569336,51.937164306640625,43.629825592041016
2021-03-24,4.071499824523926,29.374723434448242,51.41145706176758,43.92056655883789
2021-03-25,3.984999895095825,28.91008186340332,50.14674758911133,43.71381378173828
2021-03-26,4.078499794006348,30.629257202148438,52.88950729370117,45.42593002319336
2021-03-29,4.043000221252441,29.830066680908203,51.86859130859375,45.10934829711914
2021-03-30,3.9830000400543213,30.369056701660156,51.87621307373047,45.031822204589844
2021-03-31,4.002999782562256,30.601375579833984,51.70859909057617,44.83153533935547
2021-04-01,4.003499984741211,31.37268829345703,52.881900787353516,44.92844772338867
2021-04-05,4.14900016784668,32.85954666137695,54.6265869140625,45.96217346191406
2021-04-06,4.126500129699707,32.53428649902344,54.39802932739258,45.14165496826172
2021-04-07,4.064000129699707,31.57712173461914,53.97137451171875,45.9686393737793
2021-04-08,4.103499889373779,31.93955421447754,55.21323013305664,46.02032470703125
2021-04-09,4.05049991607666,31.632883071899414,54.078033447265625,45.69728469848633
2021-04-12,4.03000020980835,31.28905487060547,53.62852096557617,45.238563537597656
2021-04-13,4.043000221252441,31.344802856445312,54.03231430053711,45.400089263916016
2021-04-14,4.139999866485596,33.81755447387695,55.94464111328125,46.976524353027344
2021-04-15,4.230500221252441,35.233219146728516,57.041748046875,47.855186462402344
2021-04-16,4.179999828338623,35.52193832397461,58.05501937866211,47.648441314697266
2021-04-19,4.25,34.76755142211914,56.7674674987793,47.88749694824219
2021-04-20,4.223999977111816,33.41707992553711,54.39039611816406,46.81501007080078
2021-04-21,4.286499977111816,33.435699462890625,54.908477783203125,47.77119827270508
2021-04-22,4.2804999351501465,32.35533142089844,52.66094207763672,46.89253234863281
2021-04-23,4.3429999351501465,34.031768798828125,54.580867767333984,48.249290466308594
2021-04-26,4.447999954223633,36.36948013305664,55.533226013183594,48.895381927490234
2021-04-27,4.743000030517578,36.03418731689453,55.60178756713867,48.184696197509766
2021-04-28,4.5370001792907715,36.64888000488281,55.63226318359375,48.92768859863281
2021-04-29,4.493000030517578,35.764095306396484,54.862754821777344,48.30744934082031
2021-04-30,4.479000091552734,35.12145233154297,52.881900787353516,47.008827209472656
2021-05-03,4.543000221252441,36.05281448364258,53.01140594482422,47.88103485107422
2021-05-04,4.535999774932861,36.527809143066406,53.057125091552734,48.17823791503906
2021-05-05,4.539000034332275,38.68855285644531,55.266563415527344,49.8774299621582
2021-05-06,4.61899995803833,39.18217468261719,55.47987747192383,50.63334274291992
2021-05-07,4.765999794006348,40.951759338378906,58.56547927856445,51.2858772277832
2021-05-10,4.733500003814697,39.806190490722656,61.856292724609375,52.22269058227539
2021-05-11,4.778500080108643,41.724769592285156,62.59440231323242,52.138710021972656
2021-05-12,4.752500057220459,39.81549835205078,60.51076126098633,51.07267761230469
2021-05-13,4.70550012588501,39.08903503417969,59.31898498535156,50.18107986450195
2021-05-14,4.664000034332275,39.387081146240234,58.665443420410156,50.05187225341797
2021-05-17,4.721499919891357,41.147335052490234,60.241634368896484,50.8465461730957
2021-05-18,4.735499858856201,40.635093688964844,58.86534881591797,50.07125473022461
2021-05-19,4.5894999504089355,37.924842834472656,54.59040069580078,47.874568939208984
2021-05-20,4.581999778747559,38.39051818847656,54.52886962890625,47.874568939208984
2021-05-21,4.495999813079834,38.064537048339844,53.39093780517578,47.3964729309082
2021-05-24,4.541500091552734,38.71649169921875,52.32219314575195,47.196189880371094
2021-05-25,4.521999835968018,37.88759231567383,51.50718688964844,46.459651947021484
2021-05-26,4.5329999923706055,38.48365783691406,51.70708465576172,46.81501007080078
2021-05-27,4.666500091552734,39.66648864746094,53.1987190246582,47.965030670166016
2021-05-28,4.682499885559082,39.78755569458008,53.62159729003906,47.88103485107422
2021-06-01,4.6620001792907715,41.17527389526367,55.105533599853516,49.29595184326172
2021-06-02,4.599999904632568,40.36499786376953,55.25162887573242,49.26364517211914
2021-06-03,4.471499919891357,38.99590301513672,53.36018371582031,48.42374038696289
2021-06-04,4.537499904632568,38.865509033203125,54.70572280883789,49.17964553833008
2021-06-07,4.534999847412109,38.427772521972656,52.46828079223633,48.346214294433594
2021-06-08,4.563000202178955,38.53953552246094,52.94498825073242,49.10858917236328
2021-06-09,4.536499977111816,37.906211853027344,51.19963836669922,48.08131790161133
2021-06-10,4.489999771118164,37.38465881347656,51.49949645996094,48.61756896972656
2021-06-11,4.541500091552734,38.0459098815918,51.4764289855957,49.01813507080078
2021-06-14,4.5320000648498535,36.76995849609375,50.592220306396484,48.77262878417969
2021-06-15,4.340000152587891,35.01899719238281,48.54700469970703,48.40435791015625
2021-06-16,4.392499923706055,34.516075134277344,48.19332504272461,47.69367218017578
2021-06-17,4.184500217437744,32.737178802490234,45.679080963134766,45.548683166503906
2021-06-18,4.162499904632568,32.56022262573242,45.732906341552734,44.28236389160156
2021-06-21,4.1875,33.32394027709961,47.4090576171875,45.50345993041992
2021-06-22,4.234499931335449,33.985198974609375,47.9011344909668,46.05262756347656
2021-06-23,4.330999851226807,34.62783432006836,48.44705581665039,46.27229309082031
2021-06-24,4.311500072479248,34.94450759887695,48.94682312011719,47.02821350097656
2021-06-25,4.298999786376953,34.683719635009766,49.53116989135742,47.31248474121094
2021-06-28,4.2779998779296875,34.218048095703125,49.554229736328125,47.0411262512207
2021-06-29,4.276500225067139,34.7116584777832,49.99248504638672,47.04758834838867
2021-06-30,4.296500205993652,34.562652587890625,49.45428466796875,47.05405044555664
2021-07-01,4.242000102996826,34.54400634765625,48.577754974365234,46.78269577026367
2021-07-02,4.2820000648498535,34.590576171875,49.35432052612305,47.13804626464844
2021-07-06,4.257999897003174,33.528839111328125,48.00878143310547,46.698707580566406
2021-07-07,4.328999996185303,33.72441101074219,49.20054244995117,47.829345703125
2021-07-08,4.271500110626221,32.308753967285156,48.35477828979492,47.4869270324707
2021-07-09,4.352499961853027,33.994510650634766,50.11551284790039,49.4122428894043
2021-07-12,4.322999954223633,34.022457122802734,50.03093719482422,49.4316291809082
2021-07-13,4.314499855041504,33.277374267578125,49.50810623168945,49.21842575073242
2021-07-14,4.2769999504089355,32.218055725097656,49.0544548034668,49.14090347290039
2021-07-15,4.333000183105469,32.096736907958984,49.177486419677734,49.32826232910156
2021-07-16,4.332499980926514,30.986083984375,47.632041931152344,48.055477142333984
2021-07-19,4.2104997634887695,30.239429473876953,46.8016471862793,46.73747634887695
2021-07-20,4.273499965667725,30.752756118774414,47.701229095458984,47.700130462646484
2021-07-21,4.28249979019165,32.33938980102539,48.86224365234375,48.934146881103516
2021-07-22,4.3480000495910645,32.47938537597656,48.49317932128906,48.863075256347656
2021-07-23,4.406499862670898,32.84337615966797,48.5008659362793,49.37995147705078
2021-07-26,4.589000225067139,34.206024169921875,49.74644470214844,51.059757232666016
2021-07-27,4.546000003814697,33.926025390625,49.96943664550781,50.413673400878906
2021-07-28,4.479000091552734,34.2340202331543,50.11551284790039,51.11143112182617
2021-07-29,4.519999980926514,35.90464782714844,52.06077575683594,51.84150695800781
2021-07-30,4.480500221252441,35.559322357177734,50.46920394897461,50.7560920715332
2021-08-02,4.432000160217285,34.178016662597656,49.6849365234375,50.659183502197266
2021-08-03,4.382999897003174,34.19668197631836,50.3231086730957,51.512001037597656
2021-08-04,4.329999923706055,33.272708892822266,49.7156982421875,51.053287506103516
2021-08-05,4.3454999923706055,33.45935821533203,50.007869720458984,49.76113510131836
2021-08-06,4.3454999923706055,34.402015686035156,50.292362213134766,49.56731033325195
2021-08-09,4.2870001792907715,34.02869415283203,50.153953552246094,49.45100784301758
2021-08-10,4.351500034332275,35.67133712768555,51.153507232666016,50.09062957763672
2021-08-11,4.363999843597412,36.14732360839844,51.86277389526367,50.310306549072266
2021-08-12,4.355999946594238,35.82999801635742,51.44968032836914,49.61252975463867
2021-08-13,4.38700008392334,35.559322357177734,52.38499450683594,50.277992248535156
2021-08-16,4.322000026702881,34.383358001708984,50.53776168823242,48.98583221435547
2021-08-17,4.199999809265137,32.395389556884766,49.20493698120117,45.115806579589844
2021-08-18,4.116000175476074,31.620737075805664,48.72949981689453,42.29889678955078
2021-08-19,4.03849983215332,30.25809669494629,47.443450927734375,40.59970474243164
2021-08-20,4.134500026702881,30.612760543823242,47.38109588623047,41.090728759765625
2021-08-23,4.234499931335449,31.919401168823242,48.869789123535156,41.626976013183594
2021-08-24,4.255000114440918,32.86204147338867,49.150386810302734,42.14384460449219
2021-08-25,4.264999866485596,32.768707275390625,48.65934371948242,42.531490325927734
2021-08-26,4.245999813079834,32.236724853515625,47.70066452026367,41.885406494140625
2021-08-27,4.316500186920166,34.131351470947266,49.10361862182617,43.01604461669922
2021-08-30,4.361000061035156,34.19668197631836,49.13479232788086,43.72027587890625
2021-08-31,4.360000133514404,33.96335983276367,48.784061431884766,42.73177719116211
2021-09-01,4.263000011444092,33.496700286865234,48.1137580871582,42.17613983154297
2021-09-02,4.289999961853027,33.85136032104492,48.63596725463867,42.58909606933594
2021-09-03,4.325500011444092,33.73003387451172,48.823028564453125,43.3668212890625
2021-09-07,4.277500152587891,33.935367584228516,48.612586975097656,42.63726806640625
2021-09-08,4.23199987411499,32.078060150146484,46.77313995361328,41.98343276977539
2021-09-09,4.2835001945495605,32.488712310791016,46.91344451904297,41.59113311767578
2021-09-10,4.447999954223633,33.114036560058594,48.222869873046875,41.88707733154297
2021-09-13,4.363500118255615,32.93671417236328,47.91889572143555,42.04537582397461
2021-09-14,4.317999839782715,32.470054626464844,47.36551284790039,41.171295166015625
2021-09-15,4.403500080108643,34.2900276184082,48.58919906616211,41.515419006347656
2021-09-16,4.278500080108643,32.012718200683594,46.09505081176758,39.994384765625
2021-09-17,4.245500087738037,30.846084594726562,45.60401916503906,38.22557067871094
2021-09-20,4.117000102996826,29.09145164489746,44.33355712890625,37.19319534301758
2021-09-21,4.127999782562256,28.44746208190918,43.9984016418457,37.53731918334961
2021-09-22,4.252500057220459,29.455442428588867,44.232234954833984,37.85391616821289
2021-09-23,4.230999946594238,29.968769073486328,44.53620147705078,37.888328552246094
2021-09-24,4.287499904632568,30.0900936126709,45.16753387451172,37.53044128417969
2021-09-27,4.293499946594238,31.64873695373535,46.180789947509766,37.902095794677734
2021-09-28,4.244999885559082,31.33140754699707,45.36238098144531,36.17457580566406
2021-09-29,4.199999809265137,30.902088165283203,44.55957794189453,36.21587371826172
2021-09-30,4.090000152587891,30.360763549804688,43.75677490234375,36.83530044555664
2021-10-01,4.19350004196167,30.650081634521484,44.26340866088867,36.85594940185547
2021-10-04,4.246500015258789,30.528757095336914,44.05296325683594,36.725181579589844
2021-10-05,4.202000141143799,30.052766799926758,43.834720611572266,36.677001953125
2021-10-06,4.1570000648498535,29.595439910888672,43.803550720214844,36.99360275268555
2021-10-07,4.250999927520752,32.03139114379883,45.44812774658203,37.475379943847656
2021-10-08,4.2829999923706055,31.85406494140625,45.674156188964844,37.89521408081055
2021-10-11,4.374499797821045,32.880714416503906,45.970340728759766,38.43204879760742
2021-10-12,4.328999996185303,32.302059173583984,45.90019607543945,38.45957946777344
2021-10-13,4.520500183105469,33.431373596191406,46.375640869140625,38.23245620727539
2021-10-14,4.631499767303467,34.72673034667969,49.0958251953125,39.67778778076172
2021-10-15,4.734000205993652,36.13899230957031,51.60557174682617,39.5607795715332
2021-10-18,4.730500221252441,36.04545974731445,50.75599670410156,39.92555618286133
2021-10-19,4.714000225067139,36.33538818359375,51.52762222290039,39.973731994628906
2021-10-20,4.75600004196167,36.41020965576172,51.20804977416992,39.92555618286133
2021-10-21,4.58650016784668,35.93321990966797,50.15583801269531,38.49399185180664
2021-10-22,4.526000022888184,35.23176574707031,49.992164611816406,39.0377082824707
2021-10-25,4.551499843597412,36.79368209838867,51.122314453125,39.53325271606445
2021-10-26,4.486499786376953,36.33538818359375,50.179222106933594,39.161598205566406
2021-10-27,4.38700008392334,34.60513687133789,47.78639602661133,38.38386917114258
2021-10-28,4.4375,35.633934020996094,48.160518646240234,38.61787796020508
2021-10-29,4.375500202178955,35.278533935546875,46.757564544677734,37.74379348754883
2021-11-01,4.4019999504089355,35.849063873291016,47.16286087036133,37.509788513183594
2021-11-02,4.374000072479248,36.05481719970703,46.9056396484375,36.546234130859375
2021-11-03,4.326000213623047,35.75551986694336,46.07167434692383,36.97295379638672
2021-11-04,4.326000213623047,34.60513687133789,45.93136978149414,36.601295471191406
2021-11-05,4.348999977111816,34.642555236816406,46.29770278930664,36.766475677490234
2021-11-08,4.40500020980835,36.87785720825195,48.16831588745117,37.654319763183594
2021-11-09,4.380000114440918,36.662742614746094,47.39192199707031,36.75271224975586
2021-11-10,4.328000068664551,35.09148406982422,46.116397857666016,36.0093994140625
2021-11-11,4.4045000076293945,38.25270462036133,48.90510177612305,37.89521408081055
2021-11-12,4.45550012588501,38.561344146728516,49.48343276977539,37.52355194091797
2021-11-15,4.4070000648498535,38.21529006958008,48.1603889465332,36.98671340942383
2021-11-16,4.358500003814697,37.03684616088867,47.98609924316406,36.298465728759766
2021-11-17,4.2729997634887695,36.35409927368164,47.08294677734375,36.0093994140625
2021-11-18,4.309999942779541,36.2792854309082,47.55036544799805,35.99563217163086
2021-11-19,4.4085001945495605,35.80228042602539,47.281005859375,36.03692626953125
2021-11-22,4.395500183105469,35.297245025634766,45.942108154296875,37.17942810058594
2021-11-23,4.423500061035156,36.1764030456543,46.92448806762695,38.21868896484375
2021-11-24,4.458000183105469,36.14834976196289,46.979949951171875,38.18427276611328
2021-11-26,4.281499862670898,34.82960510253906,45.72028350830078,37.461612701416016
2021-11-29,4.336999893188477,35.52170944213867,47.185943603515625,38.514644622802734
2021-11-30,4.2779998779296875,34.679969787597656,46.346153259277344,38.67293930053711
2021-12-01,4.247499942779541,33.88497543334961,45.47468948364258,38.039737701416016
2021-12-02,4.298999786376953,34.69866180419922,46.49668502807617,39.68466567993164
2021-12-03,4.266499996185303,34.19361877441406,46.09264373779297,37.51667404174805
2021-12-06,4.336999893188477,34.951194763183594,46.560054779052734,38.4251594543457
2021-12-07,4.3379998207092285,36.26057434082031,47.39192199707031,39.808555603027344
2021-12-08,4.390999794006348,36.213809967041016,47.78011703491211,39.670902252197266
2021-12-09,4.329999923706055,35.979984283447266,48.42183303833008,39.27171325683594
2021-12-10,4.2829999923706055,35.88645553588867,47.898956298828125,39.36807632446289
2021-12-13,4.28000020980835,35.194366455078125,47.17008972167969,39.66401672363281
2021-12-14,4.254000186920166,35.50300216674805,46.99580764770508,39.973731994628906
2021-12-15,4.179500102996826,34.838958740234375,45.23701858520508,40.09762191772461
2021-12-16,4.30049991607666,35.80228042602539,46.2352409362793,40.22838592529297
2021-12-17,4.290999889373779,35.54041290283203,46.25109100341797,40.104496002197266
2021-12-20,4.288000106811523,34.997955322265625,45.490535736083984,40.070091247558594
2021-12-21,4.3379998207092285,36.64403533935547,46.93241882324219,41.09558868408203
2021-12-22,4.389500141143799,37.54190444946289,47.027488708496094,40.77899169921875
2021-12-23,4.38700008392334,38.46781539916992,47.69296646118164,41.24011993408203
2021-12-27,4.465000152587891,39.27216339111328,48.572357177734375,41.494773864746094
2021-12-28,4.420000076293945,39.27216339111328,48.374298095703125,41.03364562988281
2021-12-29,4.4019999504089355,39.262794494628906,48.231693267822266,41.43971252441406
2021-12-30,4.384500026702881,38.92610549926758,48.50897216796875,41.47412109375
2021-12-31,4.454999923706055,39.02898406982422,48.889251708984375,41.53607177734375
2022-01-03,4.4145002365112305,38.795166015625,48.65158462524414,41.52918243408203
2022-01-04,4.466000080108643,39.42179870605469,49.5785026550293,42.203678131103516
2022-01-05,4.4045000076293945,38.98221969604492,49.61811447143555,42.706092834472656
2022-01-06,4.3480000495910645,37.90665817260742,49.55472946166992,42.754276275634766
2022-01-07,4.4029998779296875,39.16927719116211,50.980770111083984,44.29596710205078
2022-01-10,4.3445000648498535,38.92610549926758,50.59257125854492,43.46317672729492
2022-01-11,4.420499801635742,40.207427978515625,52.29589080810547,44.38543701171875
2022-01-12,4.564000129699707,42.22762680053711,54.83106231689453,46.2161865234375
2022-01-13,4.533999919891357,41.59889221191406,53.84867858886719,46.1817741394043
2022-01-14,4.411499977111816,41.36430358886719,53.71400451660156,46.09230041503906
2022-01-18,4.375999927520752,41.56137466430664,54.30819320678711,45.734413146972656
2022-01-19,4.462500095367432,41.36430358886719,54.1893424987793,47.131561279296875
2022-01-20,4.576499938964844,40.52912521362305,53.8803825378418,46.82184600830078
2022-01-21,4.512499809265137,38.46466827392578,52.49395751953125,44.715797424316406
2022-01-24,4.4029998779296875,37.498130798339844,51.353126525878906,44.4680290222168
2022-01-25,4.442999839782715,37.1884651184082,51.21051788330078,43.96560287475586
2022-01-26,4.504499912261963,36.06239318847656,51.18675994873047,44.371665954589844
2022-01-27,4.413000106811523,34.814327239990234,50.67972183227539,45.28704833984375
2022-01-28,4.302999973297119,33.81962966918945,49.57057189941406,44.16519546508789
2022-01-31,4.317999839782715,34.92694091796875,50.6163444519043,43.772891998291016
2022-02-01,4.428999900817871,36.61603546142578,51.62248611450195,44.75020980834961
2022-02-02,4.491000175476074,36.9632453918457,50.72724533081055,45.094337463378906
2022-02-03,4.4664998054504395,35.84656524658203,50.05384826660156,45.245750427246094
2022-02-04,4.483500003814697,36.05299758911133,50.077613830566406,45.53481674194336
2022-02-07,4.46150016784668,36.50343322753906,50.44205093383789,47.11091613769531
2022-02-08,4.459499835968018,38.12684631347656,51.98691940307617,47.59957504272461
2022-02-09,4.600500106811523,40.8763313293457,53.7298469543457,47.42062759399414
2022-02-10,4.65749979019165,41.20478057861328,53.23866271972656,48.13641357421875
2022-02-11,4.505000114440918,40.16315841674805,53.21489715576172,47.42751693725586
2022-02-14,4.507500171661377,39.8347282409668,53.32748031616211,46.98014831542969
2022-02-15,4.531499862670898,40.979557037353516,54.14777755737305,46.47084426879883
2022-02-16,4.540500164031982,41.523826599121094,55.193267822265625,47.30363082885742
2022-02-17,4.525000095367432,40.547889709472656,54.099525451660156,46.74613952636719
2022-02-18,4.519499778747559,40.36960220336914,54.35688018798828,47.72346496582031
2022-02-22,4.510000228881836,39.750267028808594,53.801963806152344,47.31051254272461
2022-02-23,4.481500148773193,39.84409713745117,53.27922439575195,47.32427978515625
2022-02-24,4.453999996185303,41.02648162841797,53.11838912963867,45.6978645324707
2022-02-25,4.4720001220703125,43.48506164550781,55.32193374633789,48.259822845458984
2022-02-28,4.444499969482422,44.05748748779297,55.80445861816406,48.78517150878906
2022-03-01,4.58650016784668,44.958343505859375,57.76673889160156,49.296119689941406
2022-03-02,4.6554999351501465,45.192935943603516,58.63530349731445,51.793312072753906
2022-03-03,4.771500110626221,46.06565475463867,60.501075744628906,52.5345573425293
2022-03-04,4.928999900817871,47.02280044555664,61.60285568237305,52.620906829833984
2022-03-07,4.7220001220703125,44.24516677856445,59.7370719909668,52.102760314941406
2022-03-08,4.700500011444092,43.79472732543945,60.17939758300781,50.06614303588867
2022-03-09,4.564000129699707,44.09502029418945,60.2115592956543,50.26045227050781
2022-03-10,4.643499851226807,44.770652770996094,60.557376861572266,51.24637985229492
2022-03-11,4.616000175476074,44.03871536254883,59.56818771362305,49.33210372924805
2022-03-14,4.512499809265137,41.777191162109375,55.91705322265625,47.129974365234375
2022-03-15,4.501500129699707,41.551979064941406,55.024383544921875,46.6190185546875
2022-03-16,4.5879998207092285,43.56013870239258,56.673011779785156,48.101505279541016
2022-03-17,4.690499782562256,45.59645462036133,58.77201843261719,48.86432647705078
2022-03-18,4.730500221252441,45.11787414550781,59.76120376586914,49.51201629638672
2022-03-21,4.701499938964844,46.45977020263672,61.980831146240234,51.55582046508789
2022-03-22,4.689000129699707,46.788211822509766,61.56264114379883,51.11683654785156
2022-03-23,4.762499809265137,46.74128341674805,62.38295364379883,52.505767822265625
2022-03-24,4.729000091552734,48.28025436401367,62.013004302978516,53.44850540161133
2022-03-25,4.685999870300293,48.730674743652344,62.455322265625,54.21853256225586
2022-03-28,4.714000225067139,47.172950744628906,61.32941436767578,54.39844512939453
2022-03-29,4.7164998054504395,47.00403594970703,61.46613693237305,54.42723083496094
2022-03-30,4.739500045776367,47.65152359008789,61.795867919921875,56.21916961669922
2022-03-31,4.743000030517578,46.67559814453125,61.039894104003906,55.59307861328125
2022-04-01,4.682499885559082,47.820430755615234,62.865478515625,57.068355560302734
2022-04-04,4.776500225067139,47.76412582397461,62.728755950927734,56.69414138793945
2022-04-05,4.790999889373779,46.06565475463867,59.688819885253906,55.54269790649414
2022-04-06,4.733500003814697,45.09910202026367,58.61921691894531,55.64344024658203
2022-04-07,4.695000171661377,45.49321365356445,59.053497314453125,55.66503143310547
2022-04-08,4.71999979019165,45.953041076660156,59.37518310546875,55.895320892333984
2022-04-11,4.628499984741211,44.78004837036133,59.14195251464844,54.621543884277344
2022-04-12,4.703999996185303,45.04279708862305,59.02132034301758,55.43474578857422
2022-04-13,4.706999778747559,46.53010177612305,59.994422912597656,56.22636032104492
2022-04-14,4.7170000076293945,46.30418014526367,58.538795471191406,56.24075698852539
2022-04-18,4.796000003814697,47.7914924621582,58.88460159301758,56.40627670288086
2022-04-19,4.714000225067139,47.66911315917969,58.45033645629883,56.03206253051758
2022-04-20,4.649499893188477,46.9725341796875,57.734580993652344,55.34119415283203
2022-04-21,4.703499794006348,42.31293487548828,54.82332229614258,51.42628479003906
2022-04-22,4.582499980926514,39.45127487182617,53.19076156616211,48.929100036621094
2022-04-25,4.448999881744385,39.20652770996094,51.70296859741211,47.425025939941406
2022-04-26,4.440000057220459,37.82276916503906,49.91761016845703,46.23759841918945
2022-04-27,4.454500198364258,39.24418640136719,50.601200103759766,48.3461799621582
2022-04-28,4.41349983215332,39.38539123535156,50.665531158447266,49.01545333862305
2022-04-29,4.394999980926514,38.17106246948242,50.078453063964844,48.202247619628906
2022-05-02,4.255499839782715,37.82276916503906,49.75676727294922,48.50450897216797
2022-05-03,4.270999908447266,37.794525146484375,50.47251892089844,48.849937438964844
2022-05-04,4.328499794006348,38.8770637512207,52.2176628112793,49.85024642944336
2022-05-05,4.284999847412109,37.314449310302734,50.33580017089844,47.34586715698242
2022-05-06,4.261499881744385,35.65769577026367,49.3868293762207,47.38904571533203
2022-05-09,4.192999839782715,33.4361572265625,46.9500617980957,44.71913146972656
2022-05-10,4.1545000076293945,33.953887939453125,46.41123962402344,44.99260711669922
2022-05-11,4.212500095367432,33.80327606201172,45.87240982055664,45.17251968383789
2022-05-12,4.105000019073486,32.32538986206055,43.99053955078125,44.6039924621582
2022-05-13,4.180500030517578,32.98432159423828,44.28006362915039,45.72664260864258
2022-05-16,4.196499824523926,33.087860107421875,44.378807067871094,45.67627716064453
2022-05-17,4.239500045776367,35.431785583496094,46.88041687011719,47.17314910888672
2022-05-18,4.182000160217285,33.266719818115234,45.98346710205078,45.92815399169922
2022-05-19,4.284999847412109,34.56575393676758,47.90081024169922,47.403438568115234
2022-05-20,4.281000137329102,34.179805755615234,48.60027313232422,48.44693374633789
2022-05-23,4.347499847412109,36.100135803222656,49.75232696533203,49.44004821777344
2022-05-24,4.325500011444092,35.28117370605469,50.23783493041992,49.66313934326172
2022-05-25,4.2769999504089355,35.61063766479492,50.23783493041992,49.43285369873047
2022-05-26,4.255000114440918,36.23191833496094,50.34482192993164,49.231353759765625
2022-05-27,4.303999900817871,37.32386779785156,51.644989013671875,51.109642028808594
2022-05-31,4.295000076293945,36.78731155395508,50.83855056762695,50.850563049316406
2022-06-01,4.329999923706055,37.314449310302734,51.011356353759766,51.527042388916016
2022-06-02,4.553999900817871,39.27242660522461,52.99454116821289,54.405818939208984
2022-06-03,4.477499961853027,38.90530776977539,52.204559326171875,54.131526947021484
2022-06-06,4.439499855041504,40.270233154296875,52.73120880126953,53.873374938964844
2022-06-07,4.439499855041504,40.84445571899414,53.39776611328125,55.83372497558594
2022-06-08,4.458499908447266,39.72426223754883,52.08935546875,54.526824951171875
2022-06-09,4.388999938964844,38.142822265625,50.27898025512695,52.66328430175781
2022-06-10,4.301000118255615,37.85100555419922,49.46431350708008,51.2111701965332
2022-06-13,4.2164998054504395,34.989356994628906,47.50581741333008,49.05720520019531
2022-06-14,4.161499977111816,34.659889221191406,47.07791519165039,48.37955093383789
2022-06-15,4.167500019073486,34.73519515991211,47.43999481201172,49.97687530517578
2022-06-16,4.111999988555908,32.82429122924805,46.246788024902344,48.57316970825195
2022-06-17,4.017499923706055,31.835887908935547,45.62961959838867,46.596675872802734
2022-06-21,4.043000221252441,32.03357696533203,45.52264404296875,46.56441116333008
2022-06-22,3.9514999389648438,29.482555389404297,43.49008560180664,44.86220932006836
2022-06-23,3.758500099182129,27.835220336914062,40.766300201416016,44.16842269897461
2022-06-24,3.759999990463257,29.171916961669922,42.37916564941406,45.43498611450195
2022-06-27,3.7790000438690186,29.20016098022461,42.4532356262207,46.532142639160156
2022-06-28,3.7839999198913574,28.9742374420166,42.68364334106445,46.943572998046875
2022-06-29,3.7790000438690186,28.512985229492188,42.33803176879883,46.943572998046875
2022-06-30,3.7144999504089355,27.54340934753418,40.98847961425781,45.322052001953125
2022-07-01,3.61899995803833,27.48693084716797,41.235347747802734,43.668251037597656
2022-07-05,3.424999952316284,25.660741806030273,39.38383102416992,42.7082405090332
2022-07-06,3.4179999828338623,25.773704528808594,40.12444305419922,42.3532829284668
2022-07-07,3.5820000171661377,27.505756378173828,42.16522216796875,43.67631530761719
2022-07-08,3.5320000648498535,26.357330322265625,42.08293151855469,42.74857711791992
2022-07-11,3.4375,25.331275939941406,40.52766418457031,41.23999786376953
2022-07-12,3.2964999675750732,24.757061004638672,39.7952766418457,40.48973846435547
2022-07-13,3.325500011444092,24.888851165771484,39.696537017822266,40.57041549682617
2022-07-14,3.2105000019073486,23.752809524536133,37.80386734008789,38.916622161865234
2022-07-15,3.234499931335449,24.443899154663086,38.64322280883789,39.74755096435547
2022-07-18,3.3480000495910645,25.958627700805664,39.350914001464844,40.87696838378906
2022-07-19,3.2915000915527344,26.98107147216797,40.38776779174805,41.03831481933594
2022-07-20,3.3294999599456787,27.047334671020508,39.90226364135742,41.030242919921875
2022-07-21,3.302000045776367,27.369211196899414,40.51943588256836,40.94956970214844
2022-07-22,3.3485000133514404,26.280506134033203,39.556640625,41.215797424316406
2022-07-25,3.3510000705718994,26.782258987426758,40.4947395324707,42.61143493652344
2022-07-26,3.382499933242798,26.44144630432129,40.19027328491211,42.53076934814453
2022-07-27,3.429500102996826,27.72896385192871,39.76235580444336,43.11160659790039
2022-07-28,3.4749999046325684,28.240188598632812,39.400291442871094,43.57951354980469
2022-07-29,3.5840001106262207,29.868513107299805,40.980247497558594,44.40237808227539
2022-08-01,3.552000045776367,28.382186889648438,39.44143295288086,43.71665954589844
2022-08-02,3.5244998931884766,27.766828536987305,38.50334167480469,42.77278137207031
2022-08-03,3.4695000648498535,27.16094398498535,38.23177719116211,42.95833206176758
2022-08-04,3.4830000400543213,27.227209091186523,38.1001091003418,42.86152267456055
2022-08-05,3.552999973297119,28.656734466552734,39.046443939208984,43.88607406616211
2022-08-08,3.5875000953674316,28.988080978393555,39.1945686340332,43.869937896728516
2022-08-09,3.5924999713897705,28.44845962524414,39.3591423034668,43.482704162597656
2022-08-10,3.6554999351501465,29.72650718688965,40.379066467285156,44.31364059448242
2022-08-11,3.7105000019073486,29.98212242126465,40.629878997802734,44.6524658203125
2022-08-12,3.6760001182556152,29.934785842895508,41.11476135253906,44.983219146728516
2022-08-15,3.628999948501587,28.874475479125977,40.613155364990234,44.16035842895508
2022-08-16,3.6364998817443848,29.717041015625,41.23179626464844,46.76609420776367
2022-08-17,3.5980000495910645,28.637802124023438,40.26202392578125,45.62053680419922
2022-08-18,3.6465001106262207,29.565567016601562,41.31539535522461,46.088443756103516
2022-08-19,3.683500051498413,28.8271427154541,40.46267318725586,45.781883239746094
2022-08-22,3.6705000400543213,28.268585205078125,39.869102478027344,46.2336540222168
2022-08-23,3.7044999599456787,30.095726013183594,41.28196334838867,47.427616119384766
2022-08-24,3.6605000495910645,29.650772094726562,41.15655517578125,46.91130447387695
2022-08-25,3.7105000019073486,31.458984375,42.32696533203125,48.34728240966797
2022-08-26,3.7114999294281006,30.474401473999023,42.945613861083984,47.50021743774414
2022-08-29,3.626499891281128,29.82117462158203,41.608001708984375,46.67734909057617
2022-08-30,3.5450000762939453,28.173912048339844,39.743709564208984,44.69279861450195
2022-08-31,3.5185000896453857,28.02243995666504,39.35078811645508,44.28136444091797
2022-09-01,3.4144999980926514,26.592920303344727,37.92957305908203,42.98024368286133
2022-09-02,3.4214999675750732,26.79172134399414,38.19709396362305,43.26459503173828
2022-09-06,3.4690001010894775,26.621320724487305,37.72893142700195,42.95439147949219
2022-09-07,3.437999963760376,26.867460250854492,38.23054122924805,42.22196578979492
2022-09-08,3.5360000133514404,28.988080978393555,39.55142593383789,43.41969299316406
2022-09-09,3.5810000896453857,30.455467224121094,41.13147735595703,45.96162796020508
2022-09-12,3.625499963760376,30.455467224121094,41.42407989501953,46.99563980102539
2022-09-13,3.5810000896453857,29.395160675048828,40.303836822509766,44.96208572387695
2022-09-14,3.5455000400543213,28.429521560668945,39.17522048950195,44.82421875
2022-09-15,3.5234999656677246,28.19285011291504,39.09162902832031,44.531253814697266
2022-09-16,3.561000108718872,27.766828536987305,39.02474594116211,43.9022331237793
2022-09-19,3.557499885559082,28.86501121520996,40.00286865234375,44.71220016479492
2022-09-20,3.5480000972747803,28.13604736328125,39.55978012084961,44.333065032958984
2022-09-21,3.51200008392334,26.602384567260742,37.92121505737305,43.09225845336914
2022-09-22,3.498500108718872,26.83906364440918,38.09678268432617,44.12626266479492
2022-09-23,3.371500015258789,25.258068084716797,36.32444763183594,42.10994338989258
2022-09-26,3.313499927520752,25.08765983581543,35.789405822753906,40.90361022949219
2022-09-27,3.322999954223633,25.437936782836914,36.47492218017578,41.79113006591797
2022-09-28,3.381999969482422,26.375181198120117,37.369449615478516,43.195655822753906
2022-09-29,3.440000057220459,26.668655395507812,37.45305633544922,43.44554138183594
2022-09-30,3.441999912261963,25.873422622680664,37.48649215698242,43.11811065673828
2022-10-03,3.4579999446868896,27.776296615600586,39.91090774536133,44.51401901245117
2022-10-04,3.5179998874664307,29.139554977416992,40.872310638427734,45.866844177246094
2022-10-05,3.5325000286102295,28.883943557739258,40.65495681762695,45.31537628173828
2022-10-06,3.4749999046325684,28.230716705322266,40.379066467285156,44.43647003173828
2022-10-07,3.4124999046325684,27.40708351135254,40.053035736083984,44.10041809082031
2022-10-10,3.4535000324249268,27.700565338134766,39.68518829345703,44.134883880615234
2022-10-11,3.4779999256134033,27.624832153320312,39.52635192871094,43.195655822753906
2022-10-12,3.444499969482422,27.302947998046875,40.186790466308594,42.34260177612305
2022-10-13,3.4674999713897705,27.940555572509766,40.75527572631836,43.29044723510742
2022-10-14,3.450500011444092,26.3037109375,39.317344665527344,41.62741470336914
2022-10-17,3.4554998874664307,27.426664352416992,39.83567428588867,42.919925689697266
2022-10-18,3.4065001010894775,27.11261749267578,39.55978012084961,42.47185516357422
2022-10-19,3.3605000972747803,26.988901138305664,38.79901885986328,41.85144805908203
2022-10-20,3.4509999752044678,27.712158203125,39.41766357421875,41.575714111328125
2022-10-21,3.5230000019073486,30.48146629333496,40.78036117553711,43.307674407958984
2022-10-24,3.4795000553131104,29.548847198486328,38.3057746887207,42.23058319091797
2022-10-25,3.450500011444092,30.138877868652344,39.584869384765625,42.799285888671875
2022-10-26,3.629499912261963,31.728139877319336,41.12311935424805,43.997013092041016
2022-10-27,3.625499963760376,31.157146453857422,40.42088317871094,42.997474670410156
2022-10-28,3.4660000801086426,30.64325523376465,39.384220123291016,40.9553108215332
2022-10-31,3.4135000705718994,30.157909393310547,39.267189025878906,41.2052001953125
2022-11-01,3.509500026702881,31.30941390991211,41.80864715576172,42.73897171020508
2022-11-02,3.505500078201294,29.510784149169922,40.119911193847656,41.42061233520508
2022-11-03,3.4565000534057617,30.034191131591797,40.46267318725586,41.644649505615234
2022-11-04,3.7144999504089355,33.48869705200195,44.89350128173828,45.703128814697266
2022-11-07,3.629499912261963,32.78447341918945,44.34174346923828,45.487709045410156
2022-11-08,3.7054998874664307,33.74563980102539,45.649871826171875,45.970245361328125
2022-11-09,3.741499900817871,32.384788513183594,45.016910552978516,44.89314651489258
2022-11-10,3.7960000038146973,34.97328186035156,47.447513580322266,46.90946578979492
2022-11-11,3.9509999752044678,36.20090866088867,50.96683883666992,50.020111083984375
2022-11-14,3.8550000190734863,36.05815887451172,51.042789459228516,50.31307601928711
2022-11-15,3.8394999504089355,36.24849319458008,51.177825927734375,51.433250427246094
2022-11-16,3.7880001068115234,35.572818756103516,50.06379699707031,50.562965393066406
2022-11-17,3.689500093460083,34.60213088989258,49.439266204833984,50.4940299987793
2022-11-18,3.631999969482422,34.58310317993164,48.966651916503906,50.61466598510742
2022-11-21,3.571500062942505,34.38325119018555,48.31679153442383,49.32215881347656
2022-11-22,3.614500045776367,36.02961349487305,50.19038009643555,50.62327575683594
2022-11-23,3.617500066757202,36.20090866088867,50.089115142822266,51.734840393066406
2022-11-25,3.626499891281128,35.35392761230469,49.61649703979492,51.42463684082031
2022-11-28,3.6105000972747803,34.440345764160156,48.63750457763672,50.82146453857422
2022-11-29,3.630000114440918,35.696533203125,50.07223892211914,52.3983268737793
2022-11-30,3.7295000553131104,37.875823974609375,51.49854278564453,54.11305236816406
2022-12-01,3.813999891281128,37.65694046020508,51.8698844909668,54.3026237487793
2022-12-02,3.8480000495910645,38.27552032470703,52.300289154052734,54.65591049194336
2022-12-05,3.7894999980926514,36.98126220703125,51.177825927734375,53.83732223510742
2022-12-06,3.811500072479248,36.6005973815918,51.36350631713867,54.06135559082031
2022-12-07,3.8554999828338623,36.68625259399414,50.66300582885742,53.81147003173828
2022-12-08,3.880500078201294,37.932918548583984,51.8698844909668,54.69037628173828
2022-12-09,3.875999927520752,36.72431945800781,51.203147888183594,55.129825592041016
2022-12-12,3.7985000610351562,37.00029754638672,51.042789459228516,54.362937927246094
2022-12-13,3.8394999504089355,37.3619270324707,51.54072952270508,54.59559631347656
2022-12-14,3.875,37.523712158203125,51.726402282714844,53.77700424194336
2022-12-15,3.763000011444092,36.30559539794922,50.544864654541016,53.139366149902344
2022-12-16,3.7614998817443848,36.50543975830078,50.435142517089844,52.71714401245117
2022-12-19,3.7829999923706055,35.55378723144531,50.23258972167969,52.406944274902344
2022-12-20,3.797499895095825,35.97250747680664,50.98371505737305,53.027347564697266
2022-12-21,3.805999994277954,36.59108352661133,52.00491714477539,53.99241638183594
2022-12-22,3.751499891281128,35.84879684448242,51.36350631713867,52.91533279418945
2022-12-23,3.802999973297119,36.25800704956055,51.53229522705078,53.466796875
2022-12-27,3.8334999084472656,37.00029754638672,52.47752380371094,54.06135559082031
2022-12-28,3.8320000171661377,36.04865264892578,51.53229522705078,53.19968032836914
2022-12-29,3.821000099182129,36.457855224609375,52.148380279541016,53.630516052246094
2022-12-30,3.805500030517578,36.162841796875,50.96683883666992,53.466796875
2023-01-03,3.7660000324249268,36.08671188354492,52.01335144042969,52.90671157836914
2023-01-04,3.739500045776367,37.11449432373047,53.355247497558594,54.08720779418945
2023-01-05,3.818000078201294,37.913883209228516,54.72247314453125,54.56974411010742
2023-01-06,3.9084999561309814,40.235923767089844,56.882999420166016,56.904876708984375
2023-01-09,4.018499851226807,40.75933074951172,58.38526153564453,56.54297637939453
2023-01-10,4.066999912261963,42.548439025878906,60.61330795288086,57.542510986328125
2023-01-11,4.1545000076293945,43.12895202636719,62.039608001708984,57.9905891418457
2023-01-12,4.185999870300293,43.06210708618164,63.887874603271484,59.446807861328125
2023-01-13,4.207499980926514,43.01437759399414,65.03567504882812,59.69668960571289
2023-01-17,4.215000152587891,42.155033111572266,63.64313888549805,58.38695526123047
2023-01-18,4.228499889373779,41.93543243408203,63.584068298339844,58.64544677734375
2023-01-19,4.226500034332275,42.145484924316406,64.27611541748047,59.352020263671875
2023-01-20,4.248499870300293,43.358097076416016,63.339317321777344,59.85179901123047
2023-01-23,4.254000186920166,42.91889572143555,62.647274017333984,59.782859802246094
2023-01-24,4.245500087738037,42.57516098022461,63.63470458984375,60.110294342041016
2023-01-25,4.239999771118164,44.53252410888672,63.57561492919922,60.97197341918945
2023-01-26,4.267000198364258,43.39629364013672,63.128318786621094,61.38557052612305
2023-01-27,4.223999977111816,42.794761657714844,62.94264602661133,60.21369552612305
2023-01-30,4.203499794006348,41.99271774291992,62.951087951660156,60.03274154663086
2023-01-31,4.228499889373779,42.60380172729492,63.474342346191406,60.44635009765625
2023-02-01,4.111000061035156,42.78521728515625,66.14126586914062,60.40326690673828
2023-02-02,4.093999862670898,41.73491668701172,64.23389434814453,58.20600509643555
2023-02-03,4.063000202178955,41.20977020263672,63.86256790161133,57.80101776123047
2023-02-06,4.043499946594238,41.00926208496094,63.17052459716797,56.88763427734375
2023-02-07,4.088500022888184,41.7158203125,63.094566345214844,57.568363189697266
2023-02-08,4.043499946594238,41.07609939575195,62.8076171875,57.344329833984375
2023-02-09,4.105500221252441,40.999717712402344,62.84138488769531,57.45634460449219
2023-02-10,4.027500152587891,40.445919036865234,62.10712432861328,56.85317611694336
2023-02-13,4.086999893188477,40.20721435546875,63.07394790649414,57.5080451965332
2023-02-14,4.110000133514404,41.03791046142578,63.9466438293457,57.86994934082031
2023-02-15,4.052000045776367,40.3981819152832,64.59689331054688,57.55974578857422
2023-02-16,4.165500164031982,40.827850341796875,65.11023712158203,57.84409713745117
2023-02-17,4.113999843597412,39.853939056396484,63.347740173339844,57.249549865722656
2023-02-21,4.234499931335449,40.732364654541016,63.62152099609375,57.10306167602539
2023-02-22,4.202499866485596,39.901676177978516,63.06538772583008,55.302162170410156
2023-02-23,4.072999954223633,38.755897521972656,61.84190368652344,54.13890838623047
2023-02-24,3.9549999237060547,38.087528228759766,60.9178581237793,52.07089614868164
2023-02-27,4.008999824523926,38.297584533691406,62.03012466430664,52.0881233215332
2023-02-28,4.097499847412109,39.11872863769531,63.04826736450195,52.536197662353516
2023-03-01,4.168000221252441,41.05699920654297,65.15303039550781,54.42325973510742
2023-03-02,4.084000110626221,40.8851318359375,64.37442779541016,56.01735305786133
2023-03-03,4.078000068664551,41.75401306152344,67.24920654296875,56.741153717041016
2023-03-06,4.100500106811523,40.79920196533203,65.68348693847656,55.1815299987793
2023-03-07,3.9865000247955322,38.32624053955078,62.09001922607422,53.60466766357422
2023-03-08,4.041500091552734,38.708160400390625,64.09207916259766,54.50941848754883
2023-03-09,4.054500102996826,37.400062561035156,62.74026107788086,53.86198043823242
2023-03-10,4.045499801635742,36.16835403442383,61.91035461425781,53.312095642089844
2023-03-13,4.069499969482422,35.91055679321289,62.05580139160156,53.853111267089844
2023-03-14,4.010499954223633,36.32112503051758,63.150936126708984,54.10144805908203
2023-03-15,3.8564999103546143,33.90544128417969,58.23131561279297,51.600364685058594
2023-03-16,3.885499954223633,34.468788146972656,58.61632537841797,51.06821823120117
2023-03-17,3.9135000705718994,34.59291076660156,58.27408981323242,51.08595275878906
2023-03-20,3.9755001068115234,35.75778579711914,60.75529098510742,52.114768981933594
2023-03-21,4.018499851226807,36.53117752075195,61.04619216918945,51.61810302734375
2023-03-22,4.06850004196167,36.13016128540039,60.71250915527344,51.02387619018555
2023-03-23,4.145999908447266,36.08242416381836,61.05475616455078,51.09482955932617
2023-03-24,4.101500034332275,36.292476654052734,60.95207595825195,51.57375717163086
2023-03-27,4.104499816894531,36.263832092285156,61.79056167602539,51.777748107910156
2023-03-28,4.111999988555908,36.63621139526367,63.15951919555664,52.89524459838867
2023-03-29,4.114999771118164,37.657867431640625,64.80223083496094,53.915199279785156
2023-03-30,4.0904998779296875,38.38351821899414,64.82788848876953,55.77770233154297
2023-03-31,4.104499816894531,39.06144332885742,65.23859405517578,56.23889923095703
2023-04-03,4.059500217437744,39.33833694458008,66.08560180664062,55.70675277709961
2023-04-04,3.9835000038146973,38.4408073425293,64.00652313232422,53.99501419067383
2023-04-05,3.997999906539917,38.49810028076172,63.49318313598633,53.78215789794922
2023-04-06,4.026000022888184,38.46944808959961,63.92097473144531,53.17905807495117
2023-04-10,3.9865000247955322,38.31668472290039,64.30598449707031,53.49834442138672
2023-04-11,4.024499893188477,39.27149963378906,66.33373260498047,55.61805725097656
2023-04-12,4.084499835968018,39.2619514465332,66.21395111083984,55.33424758911133
2023-04-13,4.124000072479248,41.15940475463867,68.86626434326172,55.609195709228516
2023-04-14,4.107500076293945,41.36064910888672,68.90906524658203,54.6158561706543
2023-04-17,4.065999984741211,40.364009857177734,68.41281127929688,55.11252212524414
2023-04-18,4.0894999504089355,41.16898727416992,70.02986907958984,56.1856803894043
2023-04-19,4.072000026702881,40.14359664916992,69.8844223022461,55.64466857910156
2023-04-20,4.021999835968018,39.63569641113281,69.05450439453125,53.84424591064453
2023-04-21,3.9800000190734863,38.00656509399414,67.2920150756836,52.105899810791016
2023-04-24,3.953000068664551,37.881980895996094,68.01068115234375,52.43405532836914
2023-04-25,3.8459999561309814,36.17618942260742,64.67388916015625,50.64249801635742
2023-04-26,3.8499999046325684,35.72578811645508,64.58831787109375,51.760005950927734
2023-04-27,3.864500045776367,35.907867431640625,64.58831787109375,52.38084411621094
2023-04-28,3.869999885559082,36.329524993896484,65.73483276367188,52.36310577392578
2023-05-01,3.9170000553131104,36.061195373535156,65.84603881835938,52.0172119140625
2023-05-02,3.8480000495910645,35.07414245605469,65.72625732421875,51.21012496948242
2023-05-03,3.8315000534057617,34.81539535522461,65.12734985351562,51.61810302734375
2023-05-04,3.8499999046325684,33.751670837402344,64.1263198852539,51.600364685058594
2023-05-05,3.871500015258789,34.94955825805664,67.77113342285156,53.915199279785156
2023-05-08,3.9179999828338623,35.03580856323242,68.41234588623047,53.98614501953125
2023-05-09,3.8889999389648438,35.13163375854492,68.49034881591797,53.64025115966797
2023-05-10,3.828000068664551,34.72914505004883,64.57363891601562,52.90412139892578
2023-05-11,3.697499990463257,33.10002136230469,60.180328369140625,51.148033142089844
2023-05-12,3.7165000438690186,33.5312614440918,60.21500015258789,51.715660095214844
2023-05-15,3.737499952316284,34.62372970581055,62.64995193481445,52.75334167480469
2023-05-16,3.6545000076293945,33.780426025390625,60.17168426513672,51.5560188293457
2023-05-17,3.743000030517578,34.32665252685547,61.52345275878906,52.4517936706543
2023-05-18,3.68149995803833,34.19248580932617,59.85972213745117,51.87530517578125
2023-05-19,3.7225000858306885,34.240413665771484,59.68641662597656,51.9107780456543
2023-05-22,3.6740000247955322,34.13499450683594,60.12834930419922,51.9906005859375
2023-05-23,3.6414999961853027,33.23418426513672,57.762733459472656,51.21012496948242
2023-05-24,3.553499937057495,31.825469970703125,56.350284576416016,49.14362335205078
2023-05-25,3.5804998874664307,32.22795486450195,56.48893356323242,48.80659866333008
2023-05-26,3.6735000610351562,33.3204345703125,58.28264617919922,50.26112747192383
2023-05-30,3.6579999923706055,32.802947998046875,58.092002868652344,49.507259368896484
2023-05-31,3.63100004196167,32.908355712890625,57.8580436706543,48.69130325317383
2023-06-01,3.7065000534057617,33.991249084472656,59.530433654785156,50.01279830932617
2023-06-02,3.7225000858306885,35.6395378112793,61.471458435058594,52.07929611206055
2023-06-05,3.762500047683716,35.49580001831055,61.06419372558594,51.32542037963867
2023-06-06,3.7669999599456787,36.16661071777344,61.82673645019531,52.12363815307617
2023-06-07,3.754499912261963,36.00369644165039,61.94805908203125,52.08816146850586
2023-06-08,3.7964999675750732,36.26244354248047,62.346649169921875,53.22340393066406
2023-06-09,3.7890000343322754,36.310359954833984,61.766082763671875,52.912986755371094
2023-06-12,3.750499963760376,36.24327087402344,61.11619186401367,52.78882598876953
2023-06-13,3.8285000324249268,38.15988540649414,63.09187698364258,54.47394943237305
2023-06-14,3.865999937057495,38.389888763427734,63.90642547607422,55.635799407958984
2023-06-15,3.8965001106262207,38.409061431884766,64.26168060302734,56.74443435668945
2023-06-16,3.884500026702881,38.22697448730469,64.50431823730469,56.02603530883789
2023-06-20,3.878499984741211,37.75740051269531,63.395164489746094,55.30764389038086
2023-06-21,3.9110000133514404,38.11198043823242,63.4991455078125,54.93513870239258
2023-06-22,3.8884999752044678,38.06406021118164,63.949745178222656,54.01275634765625
2023-06-23,3.805999994277954,36.77033996582031,61.7401008605957,52.60257339477539
2023-06-26,3.7864999771118164,37.6328239440918,62.944549560546875,52.815425872802734
2023-06-27,3.7815001010894775,38.72529983520508,63.60313415527344,53.6136474609375
2023-06-28,3.7204999923706055,37.584903717041016,61.246158599853516,52.66465377807617
2023-06-29,3.677500009536743,37.70949935913086,61.22882843017578,53.01054763793945
2023-06-30,3.740999937057495,38.3323974609375,62.16469192504883,52.92185592651367
2023-07-03,3.7790000438690186,39.060707092285156,63.100528717041016,53.915199279785156
2023-07-05,3.753499984741211,37.54657745361328,61.41947937011719,52.70012664794922
2023-07-06,3.7200000286102295,36.329524993896484,59.7904052734375,51.263336181640625
2023-07-07,3.7669999599456787,37.029090881347656,61.23750686645508,51.46732711791992
2023-07-10,3.7715001106262207,37.35491180419922,61.471458435058594,50.97065734863281
2023-07-11,3.753499984741211,38.054481506347656,62.51129913330078,52.114768981933594
2023-07-12,3.8420000076293945,39.022377014160156,64.23568725585938,53.83537292480469
2023-07-13,3.929500102996826,40.47477340698242,67.53714752197266,55.28104019165039
2023-07-14,3.921999931335449,39.51292419433594,66.531982421875,55.07704544067383
2023-07-17,3.8320000171661377,38.916568756103516,65.76078033447266,54.199005126953125
2023-07-18,3.815999984741211,38.86848068237305,66.4106674194336,54.35865020751953
2023-07-19,3.799499988555908,39.118560791015625,66.51464080810547,53.746681213378906
2023-07-20,3.817500114440918,40.29201889038086,67.814453125,53.98614501953125
2023-07-21,3.802999973297119,39.060848236083984,67.90975952148438,53.870849609375
2023-07-24,3.8405001163482666,40.4940071105957,68.77629089355469,54.536033630371094
2023-07-25,3.9019999504089355,42.023353576660156,72.43304443359375,56.93068313598633
2023-07-26,3.890500068664551,41.75404357910156,72.80564880371094,55.98169708251953
2023-07-27,3.8635001182556152,41.638614654541016,72.7623291015625,55.023834228515625
2023-07-28,3.9170000553131104,41.96564483642578,73.84547424316406,54.394126892089844
2023-07-31,3.994499921798706,42.946739196777344,75.76915740966797,55.564849853515625
2023-08-01,3.8935000896453857,42.08106231689453,73.55953216552734,54.05710220336914
2023-08-02,3.827500104904175,40.94607925415039,71.14190673828125,52.930728912353516
2023-08-03,3.875999927520752,41.407772064208984,72.58901977539062,53.06376266479492
2023-08-04,3.8450000286102295,40.888362884521484,72.68431091308594,53.116981506347656
2023-08-07,3.812999963760376,40.67676544189453,72.84031677246094,53.161319732666016
2023-08-08,3.747999906539917,41.061500549316406,73.34893035888672,52.70899963378906
2023-08-09,3.7674999237060547,40.811424255371094,73.13846588134766,52.77108383178711
2023-08-10,3.750999927520752,40.763336181640625,73.01569366455078,52.6114387512207
2023-08-11,3.7144999504089355,39.83995056152344,72.04228210449219,52.29215621948242
2023-08-14,3.7244999408721924,39.63795852661133,71.60379791259766,51.29881286621094
2023-08-15,3.6614999771118164,38.32984161376953,70.2883529663086,50.252262115478516
2023-08-16,3.6514999866485596,37.521881103515625,70.41990661621094,49.32987594604492
2023-08-17,3.685499906539917,38.108612060546875,70.11296844482422,49.87089157104492
2023-08-18,3.6989998817443848,37.358367919921875,67.74517059326172,49.48952102661133
2023-08-21,3.7119998931884766,37.252559661865234,68.91151428222656,49.8797607421875
2023-08-22,3.750499963760376,37.406463623046875,69.47278594970703,49.09928512573242
2023-08-23,3.803499937057495,37.7623405456543,71.40209197998047,50.53607177734375
2023-08-24,3.7674999237060547,36.935150146484375,69.2096939086914,49.10814666748047
2023-08-25,3.759999990463257,36.86782455444336,68.21873474121094,48.966243743896484
2023-08-28,3.753999948501587,37.473793029785156,69.26229858398438,49.72898483276367
2023-08-29,3.7929999828338623,38.65686798095703,70.61283874511719,50.81101608276367
2023-08-30,3.7850000858306885,38.65686798095703,71.08638763427734,51.21898651123047
2023-08-31,3.7725000381469727,38.387550354003906,70.735595703125,50.98839569091797
2023-09-01,3.8125,39.90727996826172,72.03349304199219,51.67131423950195
2023-09-05,3.811000108718872,39.24359893798828,69.54293060302734,51.88417434692383
2023-09-06,3.748500108718872,38.86848068237305,69.78849029541016,51.88417434692383
2023-09-07,3.7260000705718994,38.24327087402344,68.84136199951172,50.51640319824219
2023-09-08,3.680500030517578,37.79119873046875,69.0343017578125,50.14254379272461
2023-09-11,3.7699999809265137,38.579917907714844,70.50759887695312,51.52854919433594
2023-09-12,3.752000093460083,38.531829833984375,69.53416442871094,51.510318756103516
2023-09-13,3.75600004196167,38.224037170410156,68.72735595703125,51.209407806396484
2023-09-14,3.7825000286102295,39.12818145751953,70.34097290039062,53.25194549560547
2023-09-15,3.7634999752044678,38.82999801635742,69.9551010131836,53.297542572021484
2023-09-18,3.741499900817871,38.65686798095703,69.858642578125,53.11516571044922
2023-09-19,3.7139999866485596,37.339134216308594,68.84136199951172,52.741310119628906
2023-09-20,3.746500015258789,37.21408462524414,68.29764556884766,52.403926849365234
2023-09-21,3.6665000915527344,35.80978775024414,66.64897155761719,50.762596130371094
2023-09-22,3.6654999256134033,35.73283767700195,65.53522491455078,51.747398376464844
2023-09-25,3.6494998931884766,35.78093338012695,65.3335189819336,51.17293167114258
2023-09-26,3.625,35.17495346069336,63.71992111206055,50.15166091918945
2023-09-27,3.627000093460083,35.15572738647461,63.842689514160156,50.789955139160156
2023-09-28,3.694499969482422,35.905975341796875,65.77202606201172,52.15773010253906
2023-09-29,3.7260000705718994,35.86749267578125,66.02632141113281,51.86594009399414
2023-10-02,3.631999969482422,35.24229049682617,64.8511962890625,50.981441497802734
2023-10-03,3.615499973297119,34.953739166259766,64.43025207519531,50.06959533691406
2023-10-04,3.5840001106262207,34.492042541503906,64.31625366210938,50.18813705444336
2023-10-05,3.546999931335449,34.0207405090332,62.86927032470703,50.452571868896484
2023-10-06,3.624500036239624,35.271148681640625,64.83367156982422,51.92976760864258
2023-10-09,3.6424999237060547,35.425048828125,65.05290985107422,51.28235626220703
2023-10-10,3.631999969482422,35.86749267578125,65.95616149902344,52.0665397644043
2023-10-11,3.614000082015991,35.73283767700195,65.18444061279297,52.36745071411133
2023-10-12,3.5940001010894775,34.834686279296875,63.44806671142578,51.60150146484375
2023-10-13,3.5799999237060547,34.235923767089844,63.26390075683594,51.610618591308594
2023-10-16,3.5869998931884766,34.622215270996094,64.11454772949219,52.713958740234375
2023-10-17,3.575500011444092,35.23064422607422,64.7459716796875,53.242828369140625
2023-10-18,3.5820000171661377,34.390438079833984,62.360626220703125,52.11213684082031
2023-10-19,3.5915000438690186,34.02345275878906,62.158939361572266,51.555908203125
2023-10-20,3.5420000553131104,32.719696044921875,61.56260299682617,50.01488494873047
2023-10-23,3.572999954223633,32.362361907958984,61.536285400390625,50.01488494873047
2023-10-24,3.609999895095825,33.24119567871094,62.483421325683594,51.26411819458008
2023-10-25,3.572000026702881,32.681060791015625,61.01011657714844,51.67444610595703
2023-10-26,3.56850004196167,32.55550765991211,61.94847106933594,51.72003936767578
2023-10-27,3.634000062942505,32.51688003540039,62.72895431518555,52.14860916137695
2023-10-30,3.6494998931884766,32.874210357666016,62.94819641113281,52.47687530517578
2023-10-31,3.6414999961853027,32.623111724853516,62.17647171020508,52.03007125854492
2023-11-01,3.6449999809265137,32.55550765991211,63.06219482421875,52.8233757019043
2023-11-02,3.6670000553131104,33.81098556518555,64.77227020263672,53.826412200927734
2023-11-03,3.674499988555908,33.94619369506836,65.12305450439453,53.90847396850586
2023-11-06,3.7095000743865967,34.15866470336914,65.09674835205078,53.81729507446289
2023-11-07,3.6700000762939453,32.893524169921875,63.37221145629883,52.458641052246094
2023-11-08,3.628000020980835,32.458927154541016,62.518829345703125,52.03007125854492
2023-11-09,3.634999990463257,32.10161209106445,62.06547546386719,52.24890899658203
2023-11-10,3.5834999084472656,32.52653503417969,62.82107925415039,52.9510383605957
2023-11-13,3.6624999046325684,32.285099029541016,62.385498046875,53.242828369140625
2023-11-14,3.682499885559082,33.96550369262695,65.8612289428711,55.30360794067383
2023-11-15,3.7174999713897705,34.767086029052734,66.94573211669922,55.25801086425781
2023-11-16,3.7044999599456787,34.322837829589844,66.55460357666016,55.05740737915039
2023-11-17,3.737499952316284,34.767086029052734,66.44792938232422,55.540687561035156
2023-11-20,3.8125,35.39482879638672,66.51903533935547,56.178977966308594
2023-11-21,3.814500093460083,35.73283767700195,67.62133026123047,57.00876235961914
2023-11-22,3.7664999961853027,35.6265983581543,66.87461853027344,56.735206604003906
2023-11-24,3.7964999675750732,35.57832336425781,65.96790313720703,56.54371643066406
2023-11-27,3.762500047683716,35.336883544921875,63.123313903808594,55.90542984008789
2023-11-28,3.8010001182556152,35.94530487060547,63.861141204833984,56.20633316040039
2023-11-29,3.7860000133514404,35.897010803222656,63.79889678955078,55.44038009643555
2023-11-30,3.8289999961853027,36.04187774658203,63.941139221191406,55.58627700805664
2023-12-01,3.9089999198913574,37.896121978759766,68.21690368652344,57.39173889160156
2023-12-04,3.820499897003174,36.32194137573242,65.50566864013672,55.951019287109375
2023-12-05,3.7725000381469727,35.31756591796875,63.638893127441406,55.6409912109375
2023-12-06,3.7165000438690186,35.00851821899414,63.35443115234375,56.033084869384766
2023-12-07,3.7844998836517334,35.12440872192383,63.71000671386719,57.16377258300781
2023-12-08,3.819999933242798,36.84345245361328,67.07018280029297,56.95405197143555
2023-12-11,3.7799999713897705,36.57304382324219,66.78572082519531,56.59843063354492
2023-12-12,3.7860000133514404,36.13844680786133,66.51903533935547,56.67137908935547
2023-12-13,3.7860000133514404,37.847843170166016,68.7591552734375,58.403892517089844
2023-12-14,3.8884999752044678,40.53262710571289,72.63491821289062,59.753421783447266
2023-12-15,3.884999990463257,40.0787239074707,73.14160919189453,59.990509033203125
2023-12-18,3.8480000495910645,39.93385696411133,73.62163543701172,60.26405715942383
2023-12-19,3.8959999084472656,40.73542785644531,75.52395629882812,61.28533172607422
2023-12-20,3.9014999866485596,39.92420196533203,74.04832458496094,60.209346771240234
2023-12-21,3.9084999561309814,40.783721923828125,76.43956756591797,61.814208984375
2023-12-22,3.8954999446868896,40.92858123779297,77.8707504272461,61.84156036376953
2023-12-26,3.8954999446868896,41.36317443847656,77.60407257080078,62.206298828125
2023-12-27,3.94350004196167,41.72050094604492,78.40411376953125,62.817237854003906
2023-12-28,3.9130001068115234,41.54667282104492,77.6307373046875,62.571041107177734
2023-12-29,3.880500078201294,41.11207580566406,76.51068878173828,62.28836441040039
2024-01-02,3.86899995803833,40.648521423339844,75.25728607177734,61.92362976074219
2024-01-03,3.8475000858306885,39.95317077636719,74.57279968261719,61.25797653198242
2024-01-04,3.8310000896453857,40.12701416015625,74.5016860961914,60.7199821472168
2024-01-05,3.7945001125335693,39.99180221557617,74.29723358154297,60.20022201538086
2024-01-08,3.799499988555908,40.7547492980957,75.9950942993164,60.20022201538086
2024-01-09,3.748500108718872,40.27187728881836,74.91947174072266,58.90540313720703
2024-01-10,3.7809998989105225,39.88557052612305,74.05722045898438,58.0573844909668
2024-01-11,3.7764999866485596,39.769256591796875,73.81721496582031,57.89326095581055
2024-01-12,3.740000009536743,39.68202209472656,73.9061050415039,57.68352508544922
2024-01-16,3.7664999961853027,37.7047119140625,70.83038330078125,56.09691619873047
2024-01-17,3.7325000762939453,37.06499481201172,69.76366424560547,55.09387969970703
2024-01-18,3.744999885559082,37.03590393066406,70.0570068359375,55.148590087890625
2024-01-19,3.7869999408721924,37.578704833984375,72.08379364013672,55.19417953491211
2024-01-22,3.7639999389648438,36.32834243774414,71.48819732666016,54.8203239440918
2024-01-23,3.7904999256134033,36.99713897705078,72.85716247558594,55.89630889892578
2024-01-24,3.882499933242798,38.49951171875,74.00389099121094,56.689613342285156
2024-01-25,3.865499973297119,38.228111267089844,74.51057434082031,56.26104736328125
2024-01-26,3.8505001068115234,38.37350845336914,73.95944213867188,56.49812698364258
2024-01-29,3.872999906539917,38.99384689331055,74.36834716796875,56.49812698364258
2024-01-30,3.9065001010894775,38.7418327331543,73.594970703125,56.32487487792969
2024-01-31,3.9024999141693115,38.47043991088867,72.98160552978516,55.823360443115234
2024-02-01,3.8524999618530273,38.94537353515625,74.4839096069336,56.49812698364258
2024-02-02,3.821500062942505,38.86783218383789,72.6527099609375,55.70481872558594
2024-02-05,3.7720000743865967,37.4914665222168,70.83928680419922,54.2458610534668
2024-02-06,3.7825000286102295,38.9356803894043,73.07939910888672,55.01181411743164
2024-02-07,3.737499952316284,37.99549102783203,72.91938018798828,55.18506622314453
2024-02-08,3.7054998874664307,36.94868469238281,71.95044708251953,54.747379302978516
2024-02-09,3.686000108718872,36.2120246887207,71.2570571899414,54.875038146972656
2024-02-12,3.7284998893737793,36.531883239746094,72.08313751220703,55.12123489379883
2024-02-13,3.7139999866485596,35.533538818359375,70.06288146972656,53.735225677490234
2024-02-14,3.700500011444092,36.05694580078125,71.9394760131836,54.57412338256836
2024-02-15,3.756500005722046,37.074676513671875,74.49848937988281,54.35528564453125
2024-02-16,3.8380000591278076,37.63685607910156,75.14495086669922,55.02093505859375
2024-02-20,3.866499900817871,36.96806335449219,73.95075225830078,52.978389739990234
2024-02-21,3.874500036239624,37.66593551635742,74.85763549804688,52.66836166381836
2024-02-22,3.8975000381469727,37.481773376464844,74.65113067626953,53.21547317504883
2024-02-23,3.881999969482422,37.76286315917969,73.65444946289062,53.16987991333008
2024-02-26,3.8239998817443848,36.8614387512207,71.77784729003906,52.15773010253906
2024-02-27,3.8310000896453857,36.98744583129883,72.55004119873047,52.65012741088867
2024-02-28,3.827500104904175,36.26049041748047,70.83506774902344,52.05742263793945
2024-02-29,3.8345000743865967,36.64820098876953,72.60391998291016,52.2853889465332
2024-03-01,3.8550000190734863,36.76451110839844,72.4243392944336,53.197235107421875
2024-03-04,3.8519999980926514,37.14252853393555,73.43896484375,52.941917419433594
2024-03-05,3.8440001010894775,35.97940444946289,71.85865783691406,52.42216491699219
2024-03-06,3.870500087738037,36.96806335449219,73.07979583740234,53.39784240722656
2024-03-07,3.9195001125335693,38.58675003051758,76.08776092529297,54.05222702026367
2024-03-08,3.884999990463257,38.625511169433594,77.47052001953125,53.56610870361328
2024-03-11,3.922499895095825,39.178001403808594,77.62316131591797,52.47235107421875
2024-03-12,3.924999952316284,39.11984634399414,78.56595611572266,52.35082244873047
2024-03-13,4.052499771118164,42.07612991333008,86.46744537353516,53.16413116455078
2024-03-14,4.0370001792907715,41.988887786865234,87.2575912475586,52.38821792602539
2024-03-15,4.112500190734863,43.2392578125,92.48333740234375,52.042327880859375
2024-03-18,4.114500045776367,43.113250732421875,92.12417602539062,52.238643646240234
2024-03-19,4.058499813079834,42.967864990234375,89.61009216308594,52.94911575317383
2024-03-20,4.03849983215332,44.596229553222656,92.69883728027344,54.01483154296875
2024-03-21,4.046500205993652,44.819175720214844,92.9771957397461,54.11766052246094
2024-03-22,3.996000051498413,43.714195251464844,93.7044906616211,53.32305145263672
2024-03-25,4.006999969482422,43.956512451171875,93.28246307373047,53.24826431274414
2024-03-26,3.996000051498413,43.35557174682617,91.67523193359375,52.86498260498047
2024-03-27,3.992500066757202,44.470237731933594,93.66857147216797,53.781124114990234
2024-03-28,4.003499984741211,45.57521057128906,95.6439437866211,53.93069839477539
2024-04-01,4.046000003814697,45.87568283081055,96.11085510253906,54.54768753051758
2024-04-02,4.070000171661377,46.89341354370117,96.76630401611328,55.31425476074219
2024-04-03,4.192999839782715,48.08561706542969,99.87303161621094,55.005760192871094
2024-04-04,4.246500015258789,47.668827056884766,98.4004898071289,53.97744369506836
2024-04-05,4.239500045776367,47.94991683959961,99.02901458740234,53.90265655517578
2024-04-08,4.2769999504089355,48.4636344909668,100.79786682128906,55.80036926269531
2024-04-09,4.285999774932861,49.72368240356445,104.56903076171875,56.54824447631836
2024-04-10,4.2820000648498535,49.35536193847656,104.34455871582031,55.791019439697266
2024-04-11,4.251999855041504,49.180904388427734,105.0090103149414,55.6134033203125
2024-04-12,4.257500171661377,48.09208679199219,103.48257446289062,54.74400329589844
2024-04-15,4.379000186920166,48.62678146362305,102.43203735351562,55.211421966552734
2024-04-16,4.305500030517578,48.03376007080078,102.20756530761719,53.24826431274414
2024-04-17,4.34250020980835,48.432342529296875,102.51286315917969,54.603782653808594
2024-04-18,4.440499782562256,48.76287078857422,103.56340026855469,54.211151123046875
2024-04-19,4.501999855041504,48.22819137573242,101.84840393066406,54.33267593383789
2024-04-22,4.500500202178955,47.58658218383789,100.18729400634766,54.697261810302734
2024-04-23,4.490499973297119,46.653316497802734,98.44537353515625,54.87488555908203
2024-04-24,4.4670000076293945,46.89635467529297,98.0772476196289,55.379695892333984
2024-04-25,4.570499897003174,48.024044036865234,100.40279388427734,53.48197555541992
2024-04-26,4.568999767303467,49.093406677246094,105.00001525878906,52.7528076171875
2024-04-29,4.658999919891357,50.950199127197266,108.51079559326172,53.1080436706543
2024-04-30,4.564499855041504,48.54899597167969,104.7575912475586,51.56555938720703
2024-05-01,4.552499771118164,48.519840240478516,103.4107437133789,51.415985107421875
2024-05-02,4.49399995803833,47.42131042480469,101.48027038574219,51.958194732666016
2024-05-03,4.573500156402588,49.044803619384766,103.62625122070312,52.59387969970703
2024-05-06,4.634500026702881,49.569759368896484,105.98770141601562,53.15478515625
2024-05-07,4.625500202178955,49.9586181640625,103.32096099853516,53.72503662109375
2024-05-08,4.561999797821045,48.568443298339844,101.4443588256836,52.81824493408203
2024-05-09,4.607500076293945,49.657257080078125,105.07185363769531,53.3978385925293
2024-05-10,4.69350004196167,50.15304183959961,106.6252212524414,53.463279724121094
2024-05-13,4.804500102996826,50.59050750732422,108.34917449951172,53.45393371582031
2024-05-14,4.953499794006348,51.99040222167969,111.15060424804688,54.95901870727539
2024-05-15,4.9695000648498535,52.11677932739258,110.34251403808594,55.407737731933594
2024-05-16,4.892000198364258,50.59050750732422,107.8912582397461,56.10886764526367
2024-05-17,5.057000160217285,52.71950912475586,112.55133056640625,57.464378356933594
2024-05-20,5.087500095367432,53.331966400146484,116.06210327148438,57.56721115112305
2024-05-21,5.11899995803833,52.807003021240234,113.77247619628906,57.613948822021484
2024-05-22,4.867499828338623,49.803062438964844,104.74861145019531,54.90292739868164
2024-05-23,4.816500186920166,49.77391052246094,104.64984130859375,54.92162322998047
2024-05-24,4.778500080108643,50.09471893310547,105.51183319091797,55.74427795410156
2024-05-28,4.875500202178955,52.136226654052734,108.57365417480469,55.71623229980469
2024-05-29,4.805500030517578,51.3001823425293,107.28966522216797,55.576011657714844
2024-05-30,4.671999931335449,50.85299301147461,106.56236267089844,54.83749008178711
2024-05-31,4.610000133514404,51.261287689208984,106.51746368408203,55.650794982910156
2024-06-03,4.677000045776367,50.59050750732422,103.93152618408203,55.51057052612305
2024-06-04,4.547999858856201,48.31568908691406,98.93024444580078,54.28593826293945
2024-06-05,4.619500160217285,49.083683013916016,100.42972564697266,54.80009460449219
2024-06-06,4.690999984741211,49.82251739501953,102.23450469970703,55.80971908569336
2024-06-07,4.494500160217285,47.89766311645508,97.78093719482422,54.39811325073242
2024-06-10,4.55649995803833,48.60733413696289,99.05595397949219,54.603782653808594
2024-06-11,4.5229997634887695,47.96571731567383,96.7214126586914,53.098690032958984
2024-06-12,4.581500053405762,47.82961654663086,97.03567504882812,53.650245666503906
2024-06-13,4.507500171661377,46.653316497802734,95.2398910522461,53.61285400390625
2024-06-14,4.551000118255615,46.76997375488281,95.44639587402344,53.12674331665039
2024-06-17,4.521500110626221,45.94364929199219,94.51258850097656,52.58453369140625
2024-06-18,4.561999797821045,46.361671447753906,96.9818115234375,52.96781539916992
2024-06-20,4.618000030517578,47.98516082763672,99.25348663330078,53.48197555541992
2024-06-21,4.49399995803833,48.179588317871094,97.97847747802734,52.89303207397461
2024-06-24,4.5269999504089355,48.976749420166016,98.75066375732422,52.9958610534668
2024-06-25,4.38100004196167,48.490684509277344,98.05030059814453,53.25761795043945
2024-06-26,4.367499828338623,48.09208679199219,97.68215942382812,53.59415817260742
2024-06-27,4.328499794006348,46.97412109375,96.73040771484375,53.0426025390625
2024-06-28,4.390500068664551,47.2463264465332,96.73937225341797,53.36979675292969
2024-07-01,4.426499843597412,47.06162643432617,97.5474853515625,53.94939422607422
2024-07-02,4.429500102996826,47.353267669677734,98.71475219726562,53.98678970336914
2024-07-03,4.540999889373779,49.239227294921875,104.18293762207031,55.6601448059082
2024-07-05,4.6585001945495605,50.084991455078125,104.82942199707031,55.6134033203125
2024-07-08,4.622000217437744,49.70586013793945,104.56005096435547,54.54768753051758
2024-07-09,4.578000068664551,49.38504409790039,103.24913787841797,54.557037353515625
2024-07-10,4.607500076293945,50.15304183959961,104.46128845214844,54.73465347290039
2024-07-11,4.508500099182129,50.07527160644531,102.88998413085938,54.435508728027344
2024-07-12,4.598499774932861,49.85167694091797,103.43769073486328,55.407737731933594
2024-07-15,4.5289998054504395,49.15943145751953,101.08519744873047,54.51029586791992
2024-07-16,4.443999767303467,48.81818389892578,100.38484954833984,53.472625732421875
2024-07-17,4.39900016784668,47.28743362426758,98.66985321044922,53.27631378173828
2024-07-18,4.265999794006348,44.771934509277344,93.36328125,52.46300506591797
2024-07-19,4.218999862670898,44.752437591552734,93.65061950683594,52.02363204956055
2024-07-22,4.180500030517578,44.85968017578125,94.18934631347656,52.11711502075195
2024-07-23,4.145999908447266,44.138187408447266,94.89868927001953,51.48142623901367
2024-07-24,4.098999977111816,43.075443267822266,93.54285430908203,50.88313293457031
2024-07-25,4.112500190734863,43.41668701171875,93.6865234375,51.21967315673828
2024-07-26,4.104499816894531,43.87493896484375,94.65625762939453,51.77122497558594
2024-07-29,4.061999797821045,43.27043533325195,93.25552368164062,51.42533493041992
2024-07-30,4.063000202178955,42.753684997558594,90.8222427368164,50.583988189697266
2024-07-31,4.159999847412109,44.27468490600586,95.7247543334961,51.91144943237305
2024-08-01,4.066500186920166,42.539188385009766,91.78298950195312,50.72420883178711
2024-08-02,4.084000110626221,40.92068862915039,89.33173370361328,50.490501403808594
2024-08-05,3.9839999675750732,39.84819412231445,87.51797485351562,49.58371353149414
2024-08-06,4.011499881744385,40.01394271850586,89.07135009765625,50.032432556152344
2024-08-07,3.9375,38.531944274902344,87.13188171386719,49.32195281982422
2024-08-08,3.944999933242798,40.01394271850586,90.17574310302734,49.68654251098633
2024-08-09,3.9800000190734863,40.02369689941406,90.02745819091797,50.25679397583008
2024-08-12,4.054999828338623,40.52094268798828,91.07144165039062,50.06982421875
2024-08-13,4.035999774932861,40.842689514160156,91.33470916748047,50.163307189941406
2024-08-14,4.025000095367432,40.8621940612793,92.11543273925781,48.84518814086914
2024-08-15,4.138999938964844,42.49044418334961,96.03716278076172,49.21912384033203
2024-08-16,4.127500057220459,42.35393524169922,94.30325317382812,49.77067565917969
2024-08-19,4.166500091552734,43.14368438720703,95.58325958251953,50.443756103515625
2024-08-20,4.149499893188477,42.44169235229492,93.79487609863281,50.14461135864258
2024-08-21,4.18149995803833,42.792686462402344,94.68452453613281,51.74317932128906
2024-08-22,4.140999794006348,42.217437744140625,92.32422637939453,50.752254486083984
2024-08-23,4.194499969482422,43.54343795776367,94.97502899169922,51.593605041503906
2024-08-26,4.21150016784668,44.060184478759766,95.828369140625,51.89275360107422
2024-08-27,4.230500221252441,44.09918212890625,95.91915893554688,52.042327880859375
2024-08-28,4.144999980926514,42.7731819152832,91.56166076660156,50.873783111572266
2024-08-29,4.147500038146973,42.734188079833984,92.0791244506836,51.53751754760742
2024-08-30,4.144999980926514,43.17293167114258,92.3423843383789,51.53751754760742
2024-09-03,4.0320000648498535,40.32594680786133,87.31311798095703,48.9293212890625
2024-09-04,4.019499778747559,40.56968688964844,87.46743774414062,48.84518814086914
2024-09-05,4.077499866485596,40.36493682861328,87.74885559082031,49.08824157714844
2024-09-06,4.014500141143799,38.99994659423828,85.42487335205078,48.041229248046875
2024-09-09,4.084499835968018,39.38994216918945,86.55963134765625,48.405818939208984
2024-09-10,4.040500164031982,39.399696350097656,85.65180969238281,47.97578811645508
2024-09-11,4.083000183105469,40.2674446105957,87.55821990966797,49.36869812011719
2024-09-12,4.132999897003174,40.76469421386719,88.96533203125,50.1820068359375
2024-09-13,4.175000190734863,41.593441009521484,89.59172058105469,50.84532928466797
2024-09-16,4.2129998207092285,41.81768798828125,90.2998046875,51.47019958496094
2024-09-17,4.213500022888184,42.051692962646484,90.03654479980469,51.38368225097656
2024-09-18,4.23799991607666,42.82193374633789,91.96109771728516,50.999141693115234
2024-09-19,4.285999774932861,44.01143264770508,95.22013854980469,53.05641174316406
2024-09-20,4.281499862670898,43.41668701171875,94.04906463623047,51.71053695678711
2024-09-23,4.289000034332275,44.01143264770508,96.28226470947266,52.479610443115234
2024-09-24,4.429500102996826,47.501930236816406,103.23609161376953,55.13290786743164
2024-09-25,4.427999973297119,47.1021842956543,101.01195526123047,55.49821853637695
2024-09-26,4.580999851226807,50.612178802490234,109.32749938964844,58.55528259277344
2024-09-27,4.540999889373779,50.05643081665039,107.91130828857422,59.61275863647461
2024-09-30,4.495999813079834,48.67192840576172,105.0063247680664,59.708892822265625
2024-10-01,4.5355000495910645,49.12042999267578,106.28633117675781,59.97806930541992
2024-10-02,4.5960001945495605,49.5494270324707,106.51329040527344,60.01652145385742
2024-10-03,4.501999855041504,48.52568435668945,104.6885757446289,58.53606033325195
2024-10-04,4.522500038146973,49.28617477416992,107.07613372802734,58.228431701660156
2024-10-07,4.519000053405762,49.520179748535156,106.73115539550781,58.45915222167969
2024-10-08,4.4120001792907715,47.37518310546875,102.68233489990234,56.14231872558594
2024-10-09,4.355000019073486,47.64817810058594,103.88064575195312,55.930824279785156
2024-10-10,4.385000228881836,48.30142593383789,105.65087127685547,56.63260269165039
2024-10-11,4.451499938964844,48.779178619384766,106.79470825195312,56.671058654785156
2024-10-14,4.363500118255615,47.638427734375,106.73115539550781,57.13249969482422
2024-10-15,4.30049991607666,46.23988723754883,101.2298355102539,55.91159439086914
2024-10-16,4.331500053405762,46.91471481323242,102.70956420898438,54.53688049316406
2024-10-17,4.286499977111816,46.8951530456543,101.66558837890625,54.69069290161133
2024-10-18,4.3460001945495605,47.120094299316406,102.49168395996094,54.911800384521484
2024-10-21,4.322999954223633,46.8853645324707,102.02870178222656,54.14272689819336
2024-10-22,4.3480000495910645,47.46238708496094,104.00774383544922,54.450355529785156
2024-10-23,4.304500102996826,46.865806579589844,103.33595275878906,53.57553482055664
2024-10-24,4.319499969482422,45.809574127197266,103.97142028808594,53.988914489746094
2024-10-25,4.3394999504089355,45.57484436035156,104.7702865600586,54.258087158203125
2024-10-28,4.331999778747559,45.701988220214844,104.22559356689453,54.911800384521484
2024-10-29,4.332499980926514,45.54550552368164,103.86246490478516,54.931026458740234
2024-10-30,4.327499866485596,44.958709716796875,101.53848266601562,54.238861083984375
2024-10-31,4.313499927520752,44.029598236083984,99.45053100585938,53.315975189208984
2024-11-01,4.347499847412109,44.587066650390625,99.9498291015625,53.77741622924805
2024-11-04,4.4070000648498535,45.25210952758789,101.04826354980469,53.95045852661133
2024-11-05,4.450500011444092,45.956268310546875,103.50843048095703,54.48881149291992
2024-11-06,4.222499847412109,45.83890914916992,100.61945343017578,53.77741622924805
2024-11-07,4.409999847412109,47.51129150390625,104.30423736572266,55.51744842529297
2024-11-08,4.286499977111816,45.340126037597656,98.42328643798828,53.05641174316406
2024-11-11,4.210999965667725,43.91224670410156,96.26387786865234,51.46058654785156
2024-11-12,4.119500160217285,42.64084243774414,94.37094116210938,50.5665397644043
2024-11-13,4.065999984741211,42.17140197753906,92.79962158203125,50.297367095947266
2024-11-14,4.072999954223633,42.31809997558594,92.13801574707031,50.037803649902344
2024-11-15,4.051000118255615,41.760650634765625,91.1915512084961,49.83592224121094
2024-11-18,4.107999801635742,42.59195327758789,93.57150268554688,50.460792541503906
2024-11-19,4.130000114440918,43.14939880371094,95.36335754394531,50.64344787597656
2024-11-20,4.143499851226807,42.738643646240234,94.64661407470703,50.249298095703125
2024-11-21,4.11299991607666,42.79732131958008,92.51476287841797,50.00896072387695
2024-11-22,4.073999881744385,42.758201599121094,91.65100860595703,50.335819244384766
2024-11-25,4.0914998054504395,43.4036865234375,93.73690795898438,50.43195343017578
2024-11-26,4.039000034332275,42.52348327636719,90.54832458496094,49.2110481262207
2024-11-27,4.066999912261963,42.79732131958008,91.6234359741211,49.79746627807617
2024-11-29,4.08050012588501,43.2276496887207,92.21153259277344,50.61460876464844
2024-12-02,4.075500011444092,42.679962158203125,91.93585205078125,50.80687713623047
2024-12-03,4.145999908447266,42.865787506103516,93.11205291748047,51.066436767578125
2024-12-04,4.142000198364258,42.093162536621094,93.01097106933594,50.72035217285156
2024-12-05,4.135000228881836,41.84866714477539,92.9190673828125,50.17238998413086
2024-12-06,4.138500213623047,41.144508361816406,91.8899154663086,49.412933349609375
2024-12-09,4.223499774932861,42.76798629760742,96.98062133789062,51.672080993652344
2024-12-10,4.223499774932861,41.73130798339844,94.20553588867188,51.33561325073242
2024-12-11,4.214000225067139,42.05404281616211,95.11524963378906,51.48942947387695
2024-12-12,4.195000171661377,41.1542854309082,93.29582977294922,50.422340393066406
2024-12-13,4.14900016784668,40.6750602722168,91.8899154663086,49.672489166259766
2024-12-16,4.143499851226807,39.84376907348633,89.49158477783203,49.13414001464844
2024-12-17,4.0914998054504395,39.72639846801758,88.8943099975586,49.02839279174805
2024-12-18,4.099999904632568,37.85841751098633,85.42086029052734,47.49024963378906
2024-12-19,4.020500183105469,37.398765563964844,84.52034759521484,47.048030853271484
2024-12-20,4.040999889373779,38.00511932373047,85.46680450439453,47.29798126220703
2024-12-23,4.0229997634887695,38.386539459228516,85.98139190673828,47.49986267089844
2024-12-24,4.049499988555908,38.357200622558594,86.77165222167969,47.50947189331055
2024-12-26,4.072000026702881,38.32786178588867,86.9278564453125,47.44218063354492
2024-12-27,4.0625,38.00511932373047,85.65059661865234,47.30759048461914
2024-12-30,4.045499801635742,37.32052230834961,84.03333282470703,46.89421463012695
2024-12-31,3.9860000610351562,37.242279052734375,83.73926544189453,46.94228744506836
2025-01-02,3.9885001182556152,37.04668045043945,84.68573760986328,47.30759048461914
2025-01-03,4.0395002365112305,36.88041687011719,84.54792022705078,46.923057556152344
2025-01-06,4.126999855041504,37.721500396728516,85.9721908569336,46.61542892456055
2025-01-07,4.1605000495910645,37.88776397705078,86.17435455322266,46.317413330078125
2025-01-08,4.227499961853027,38.865760803222656,87.84676361083984,46.83654022216797
2025-01-10,4.274499893188477,38.122474670410156,86.93704986572266,46.66349411010742
2025-01-13,4.295499801635742,38.54302215576172,87.06568908691406,47.39411544799805
2025-01-14,4.310500144958496,38.631046295166016,87.60784912109375,47.701744079589844
2025-01-15,4.359499931335449,39.298614501953125,89.12403106689453,47.8843994140625
2025-01-16,4.4105000495910645,39.298614501953125,89.51914978027344,47.64406204223633
2025-01-17,4.337500095367432,39.48514938354492,90.16238403320312,48.15357208251953
2025-01-21,4.310999870300293,39.563682556152344,90.67695617675781,48.182411193847656
2025-01-22,4.271500110626221,38.375789642333984,88.53592681884766,47.17300796508789
2025-01-23,4.299499988555908,37.79656982421875,89.29862213134766,47.55754470825195
2025-01-24,4.289999961853027,37.119178771972656,88.67375946044922,47.94207763671875
2025-01-27,4.203499794006348,36.000003814697266,86.50516510009766,47.97092056274414
2025-01-28,4.2204999923706055,35.1851692199707,83.17874145507812,46.82692337036133
2025-01-29,4.257500171661377,35.617130279541016,83.95982360839844,46.90383529663086
2025-01-30,4.288000106811523,35.970558166503906,85.13600158691406,47.82672119140625
2025-01-31,4.26200008392334,35.19499206542969,84.18953704833984,47.249916076660156
2025-02-03,4.294000148773193,35.20480728149414,82.63658905029297,46.90383529663086
2025-02-04,4.34250020980835,35.813480377197266,85.696533203125,47.903629302978516
2025-02-05,4.434500217437744,36.009822845458984,85.85273742675781,48.11511993408203
2025-02-06,4.453499794006348,36.47123718261719,86.93704986572266,48.730377197265625
2025-02-07,4.581500053405762,37.52168655395508,88.87592315673828,48.40352249145508
2025-02-10,4.700500011444092,37.757301330566406,89.16996765136719,48.85535430908203
2025-02-11,4.5945000648498535,36.9031982421875,85.23185729980469,48.25932312011719
2025-02-12,4.697999954223633,37.26643371582031,87.24024200439453,48.701541900634766
2025-02-13,4.769000053405762,39.48514938354492,90.55364227294922,49.82630920410156
2025-02-14,4.656499862670898,38.74885559082031,90.02608489990234,49.557132720947266
2025-02-18,4.585000038146973,38.58195495605469,90.17416381835938,49.93205642700195
2025-02-19,4.557000160217285,37.865291595458984,89.20236206054688,49.10530090332031
2025-02-20,4.607999801635742,38.2481689453125,90.53512573242188,50.09548568725586
2025-02-21,4.559999942779541,36.304344177246094,85.99077606201172,49.451385498046875
2025-02-24,4.517000198364258,36.431968688964844,85.98152923583984,49.11491775512695
2025-02-25,4.486000061035156,36.08835983276367,86.09259796142578,48.739994049072266
2025-02-26,4.541999816894531,37.25661849975586,86.30545806884766,48.27854919433594
2025-02-27,4.579999923706055,36.736297607421875,83.7509994506836,47.45179748535156
2025-02-28,4.514500141143799,36.235618591308594,82.30718994140625,46.60581588745117
2025-03-03,4.576499938964844,34.88083267211914,80.25251770019531,46.95189666748047
2025-03-04,4.527500152587891,34.26234436035156,79.52134704589844,47.31721115112305
2025-03-05,4.766499996185303,37.46278381347656,83.7509994506836,48.749603271484375
2025-03-06,4.7789998054504395,36.991554260253906,84.05642700195312,48.730377197265625
2025-03-07,4.683000087738037,36.265071868896484,84.18600463867188,49.19130325317383
2025-03-10,4.639500141143799,33.86965560913086,81.87218475341797,48.65192413330078
2025-03-11,4.739999771118164,35.22444152832031,82.24238586425781,48.818641662597656
2025-03-12,4.821000099182129,36.108001708984375,83.6121826171875,47.426063537597656
2025-03-13,4.898499965667725,36.89338302612305,85.52801513671875,47.71046447753906
2025-03-14,4.869500160217285,38.14017868041992,88.97098541259766,48.49501419067383
2025-03-17,4.933499813079834,38.788116455078125,90.59066009521484,49.5933837890625
2025-03-18,4.993000030517578,39.112091064453125,91.44213104248047,49.56396484375
2025-03-19,5.076000213623047,39.681488037109375,92.12702941894531,49.09323501586914
2025-03-20,5.085000038146973,39.95637512207031,91.83085632324219,48.35771942138672
2025-03-21,5.087500095367432,39.51459884643555,92.93223571777344,48.200809478759766
2025-03-24,5.064000129699707,40.849754333496094,92.21958923339844,48.3479118347168
2025-03-25,5.183000087738037,42.22416687011719,93.92256164550781,48.69115447998047
2025-03-26,5.216000080108643,40.7319450378418,90.4240493774414,48.85786819458008
2025-03-27,5.097499847412109,39.249534606933594,89.62810516357422,48.671539306640625
2025-03-28,5.112500190734863,37.7180290222168,87.12918090820312,47.97524642944336
2025-03-31,5.019999980926514,37.168270111083984,86.49980926513672,47.60258865356445
2025-04-01,5.019000053405762,37.43333435058594,86.88854217529297,47.83795166015625
2025-04-02,5.023499965667725,37.50204849243164,87.33279418945312,46.95533752441406
2025-04-03,4.810999870300293,32.897743225097656,80.27102661132812,45.58237075805664
2025-04-04,4.384500026702881,28.617403030395508,72.55211639404297,41.257537841796875
2025-04-07,4.169000148773193,29.81511688232422,73.48690032958984,41.502708435058594
2025-04-08,4.127500057220459,28.676305770874023,69.9976577758789,39.443267822265625
2025-04-09,4.17549991607666,33.12354278564453,78.13304901123047,43.49350357055664
2025-04-10,4.321000099182129,30.777212142944336,75.74518585205078,42.650115966796875
2025-04-11,4.507500171661377,32.74066162109375,78.3274154663086,44.37612533569336
2025-04-14,4.610499858856201,33.13336181640625,81.1410140991211,45.39604187011719
2025-04-15,4.611000061035156,32.90654754638672,80.36357879638672,45.3568115234375
2025-04-16,4.673999786376953,32.85724639892578,79.77123260498047,44.74878692626953
2025-04-17,4.731500148773193,32.44308090209961,79.83601379394531,45.59217834472656
2025-04-21,4.7210001945495605,32.49238204956055,80.1877212524414,45.98445129394531
2025-04-22,4.870500087738037,33.586971282958984,82.47378540039062,46.72977828979492
2025-04-23,4.8354997634887695,34.70127868652344,85.37992858886719,47.4456787109375
2025-04-24,4.849999904632568,37.107383728027344,88.69332122802734,48.35771942138672
2025-04-25,4.8354997634887695,36.83127975463867,87.25875854492188,47.278961181640625
2025-04-28,4.8379998207092285,36.72280502319336,86.8330078125,47.48490524291992
2025-04-29,4.822999954223633,36.653770446777344,85.95375061035156,47.66142654418945
2025-04-30,4.559999942779541,35.52961349487305,82.85324096679688,46.63170623779297
2025-05-01,4.580999851226807,35.90433120727539,83.1494140625,46.78861618041992
2025-05-02,4.627500057220459,37.07780075073242,84.83821868896484,47.88698959350586
2025-05-05,4.65500020980835,36.83127975463867,83.34174346923828,47.6810417175293
2025-05-06,4.735000133514404,37.39335632324219,85.19586944580078,47.88698959350586
2025-05-07,4.616499900817871,36.505863189697266,82.31585693359375,47.43587112426758
2025-05-08,4.560999870300293,36.95947265625,82.89938354492188,47.23973083496094
2025-05-09,4.611000061035156,37.334197998046875,84.12291717529297,47.73007583618164
2025-05-12,4.578499794006348,38.56683349609375,86.83353424072266,48.93632507324219
2025-05-13,4.68149995803833,38.92184066772461,87.80294799804688,49.82875061035156
2025-05-14,4.611000061035156,38.51753234863281,87.90648651123047,49.32859802246094
2025-05-15,4.644499778747559,37.93571853637695,86.7864761352539,49.55415725708008
2025-05-16,4.555500030517578,37.491973876953125,85.44999694824219,49.534542083740234
2025-05-19,4.633500099182129,38.261131286621094,86.2405776977539,49.37763214111328
2025-05-20,4.619500160217285,37.866695404052734,86.27822875976562,48.75979995727539
2025-05-21,4.638000011444092,37.48210906982422,85.58175659179688,48.38713836669922
2025-05-22,4.648499965667725,37.176414489746094,85.10174560546875,48.200809478759766
2025-05-23,4.80649995803833,38.478084564208984,86.9088134765625,48.926517486572266
2025-05-27,4.710000038146973,39.08946990966797,87.68058776855469,48.838253021240234
2025-05-28,4.644000053405762,38.349884033203125,86.3441162109375,48.24984359741211
2025-05-29,4.653500080108643,38.487945556640625,86.95587921142578,48.3184928894043
2025-05-30,4.652500152587891,37.94558334350586,85.56292724609375,48.04389953613281
2025-06-02,4.834499835968018,39.59238815307617,87.0123519897461,48.47540283203125
2025-06-03,4.809500217437744,39.6811408996582,87.05941009521484,47.66142654418945
2025-06-04,4.864500045776367,40.29253005981445,88.22647857666016,48.151771545410156
2025-06-05,4.91349983215332,41.111000061035156,90.41944122314453,48.867679595947266
2025-06-06,4.829999923706055,40.9039192199707,90.01473236083984,48.62250518798828
2025-06-09,4.9095001220703125,41.75197219848633,91.22884368896484,49.21091842651367
2025-06-10,4.883999824523926,41.60405731201172,91.87826538085938,49.89739990234375
2025-06-11,4.801000118255615,40.44044494628906,90.41002655029297,49.63261413574219
2025-06-12,4.821499824523926,40.60808563232422,90.29707336425781,48.84806442260742
2025-06-13,4.802999973297119,40.37141799926758,89.18648529052734,47.612396240234375
2025-06-16,4.826499938964844,41.327945709228516,90.77708435058594,47.95563888549805
2025-06-17,4.80049991607666,40.795448303222656,89.72296142578125,46.85726547241211
2025-06-18,4.84499979019165,40.60808563232422,89.64765930175781,46.700355529785156
2025-06-20,4.826000213623047,39.66142272949219,87.96294403076172,45.24893569946289
2025-06-23,4.8429999351501465,40.37141799926758,89.08295440673828,45.92561340332031
2025-06-24,4.867000102996826,41.42655944824219,91.21002197265625,46.37672805786133
2025-06-25,4.913000106811523,41.0321159362793,91.37002563476562,45.83735275268555
2025-06-26,5.065499782562256,43.842533111572266,98.48536682128906,47.40645217895508
2025-06-27,5.06850004196167,43.26072311401367,96.48065185546875,47.6810417175293
2025-06-30,5.03000020980835,42.747947692871094,95.2194595336914,47.161277770996094
2025-07-01,5.047999858856201,43.43822479248047,96.09477233886719,47.73007583618164
2025-07-02,5.14900016784668,45.13433837890625,99.85008239746094,49.75029373168945
2025-07-03,5.0970001220703125,45.16392135620117,99.63361358642578,49.544349670410156
2025-07-07,4.984499931335449,44.50322723388672,98.36302185058594,48.43617248535156
2025-07-08,5.644999980926514,45.62739562988281,96.94182586669922,48.40675354003906
2025-07-09,5.44350004196167,44.95684051513672,94.04298400878906,48.65192413330078
2025-07-10,5.547999858856201,46.55433654785156,96.24535369873047,50.515228271484375
2025-07-11,5.561999797821045,45.71614456176758,95.63359069824219,51.07422637939453
2025-07-14,5.514999866485596,44.99628829956055,94.09945678710938,50.91731262207031
2025-07-15,5.546000003814697,43.6507453918457,91.8123779296875,49.397247314453125
2025-07-16,5.496500015258789,43.512237548828125,90.97472381591797,50.18179702758789
2025-07-17,5.486000061035156,43.98712921142578,90.83354949951172,50.69175338745117
2025-07-18,5.578000068664551,44.323516845703125,90.76766967773438,50.83885955810547
2025-07-21,5.610499858856201,44.7093620300293,92.28296661376953,52.15298080444336
2025-07-22,5.697000026702881,45.3128776550293,93.31827545166016,53.996673583984375
2025-07-23,5.795000076293945,44.363094329833984,94.89946746826172,54.24184799194336
2025-07-24,5.7769999504089355,44.105857849121094,93.62886810302734,53.03560256958008
2025-07-25,5.763500213623047,44.41255569458008,92.41474151611328,52.12356185913086
2025-07-28,5.59499979019165,43.324256896972656,91.39826202392578,51.27035903930664
2025-07-29,5.603499889373779,42.77021408081055,90.97472381591797,51.692054748535156
2025-07-30,5.570000171661377,38.72371292114258,85.2146987915039,49.67184066772461
2025-07-31,4.33050012588501,39.81201171875,88.62177276611328,49.69145202636719
2025-08-01,4.412499904632568,39.604244232177734,86.2688217163086,49.75029373168945
2025-08-04,4.414999961853027,39.99009704589844,87.57705688476562,50.63291549682617
2025-08-05,4.363999843597412,39.604244232177734,88.97000885009766,50.14257049560547
2025-08-06,4.390999794006348,39.436058044433594,89.47825622558594,50.544654846191406
2025-08-07,4.378499984741211,40.36605453491211,91.77474212646484,51.10364532470703
2025-08-08,4.45550012588501,41.42467498779297,94.21240234375,51.83916091918945
2025-08-11,4.423500061035156,41.019039154052734,90.46649169921875,52.28047180175781
2025-08-12,4.508500099182129,41.70170211791992,92.47120666503906,52.99637222290039
2025-08-13,4.48199987411499,42.28542709350586,93.6476821899414,53.67304611206055
2025-08-14,4.4644999504089355,41.83031463623047,91.87826538085938,52.78062057495117
2025-08-15,4.478000164031982,41.90946578979492,91.88644409179688,53.104248046875
2025-08-18,4.456999778747559,41.30595397949219,91.89602661132812,52.39815139770508
2025-08-19,4.408999919891357,41.019039154052734,90.33375549316406,52.66293716430664
2025-08-20,4.426000118255615,40.87063980102539,89.80661010742188,52.55506134033203
2025-08-21,4.43149995803833,41.276275634765625,89.83536529541016,53.447486877441406
2025-08-22,4.447500228881836,42.819679260253906,93.487060546875,54.86948776245117
2025-08-25,4.4664998054504395,43.225318908691406,92.97908020019531,54.692962646484375
2025-08-26,4.450500011444092,43.878299713134766,93.71708679199219,54.575279235839844
2025-08-27,4.4145002365112305,43.403404235839844,92.21231079101562,54.79103088378906
2025-08-28,4.463500022888184,43.89808654785156,92.70112609863281,55.03620147705078
2025-08-29,4.518499851226807,43.927772521972656,92.09730529785156,54.692962646484375
2025-09-02,4.569499969482422,44.4620246887207,93.2091064453125,54.59489059448242
2025-09-03,4.558499813079834,45.71851348876953,96.73619079589844,54.81064224243164
2025-09-04,4.48799991607666,45.58000946044922,96.63076782226562,54.477210998535156
2025-09-05,4.482500076293945,45.847137451171875,98.70101165771484,53.3396110534668
2025-09-08,4.490499973297119,46.163726806640625,99.09397888183594,53.153282165527344
2025-09-09,4.500999927520752,43.42319869995117,95.75857543945312,52.12356185913086
2025-09-10,4.550000190734863,44.40266799926758,97.85758209228516,52.22163009643555
2025-09-11,4.5904998779296875,45.431602478027344,100.68500518798828,53.1630859375
2025-09-12,4.588500022888184,44.24436950683594,101.7680435180664,53.02579116821289
2025-09-15,4.6554999351501465,45.15458297729492,105.37181091308594,53.741695404052734
2025-09-16,4.632999897003174,44.818199157714844,103.9437255859375,53.06502151489258
2025-09-17,4.571000099182129,44.61043167114258,102.43896484375,52.14317321777344
2025-09-18,4.540999889373779,44.45213317871094,102.80317687988281,51.17229080200195
2025-09-19,4.568999767303467,44.4620246887207,105.41973876953125,51.13306427001953
2025-09-22,4.572999954223633,44.679683685302734,106.80948638916016,52.12356185913086
2025-09-23,4.584499835968018,44.8775634765625,105.67851257324219,52.26085662841797
2025-09-24,4.752500057220459,37.269344329833984,114.53457641601562,52.466800689697266
2025-09-25,4.699999809265137,34.96413040161133,113.05857849121094,54.614505767822266
2025-09-26,4.7154998779296875,35.36977005004883,112.13845825195312,53.68285369873047
2025-09-29,4.841000080108643,36.725196838378906,116.05850982666016,55.134273529052734
2025-09-30,4.804999828338623,38.8028678894043,116.31729125976562,54.67334747314453
2025-10-01,4.83050012588501,38.67424774169922,117.54410552978516,54.67334747314453
2025-10-02,4.8979997634887695,38.45658493041992,120.11275482177734,54.42817687988281
2025-10-03,5.058000087738037,39.24807357788086,122.95933532714844,54.39875793457031
2025-10-06,4.986999988555908,39.89116668701172,124.57911682128906,54.88909912109375
2025-10-07,5.047999858856201,40.25722885131836,121.46415710449219,54.13397216796875
2025-10-08,5.046000003814697,42.39425277709961,127.02315521240234,54.97736358642578
2025-10-09,5.075500011444092,42.849361419677734,125.14460754394531,54.95774841308594
2025-10-10,4.848499774932861,40.44520950317383,119.90189361572266,52.58448028564453
2025-10-13,5.100500106811523,42.32500076293945,127.66532897949219,54.63412094116211
2025-10-14,4.980500221252441,41.523616790771484,125.31712341308594,55.330406188964844
2025-10-15,4.9720001220703125,41.414390563964844,126.4193344116211,55.595191955566406
2025-10-16,4.958000183105469,41.40446472167969,127.7323989868164,55.193111419677734
2025-10-17,4.93149995803833,40.88814926147461,124.41618347167969,54.51643753051758
2025-10-20,4.998000144958496,41.890987396240234,129.33302307128906,55.703067779541016
2025-10-21,4.929999828338623,41.01723098754883,122.98809051513672,54.88909912109375
2025-10-22,4.960999965667725,40.49098205566406,121.64627838134766,54.71257781982422
2025-10-23,5.081999778747559,40.93779373168945,123.0360107421875,54.222232818603516
2025-10-24,5.093500137329102,41.07680130004883,123.96571350097656,54.54585647583008
2025-10-27,5.140500068664551,40.8087158203125,127.46403503417969,55.29118347167969
2025-10-28,5.140500068664551,40.87821578979492,132.6109161376953,56.02669906616211
2025-10-29,5.233500003814697,41.890987396240234,135.79296875,56.840667724609375
2025-10-30,5.078000068664551,41.43425369262695,134.28819274902344,56.13457489013672
2025-10-31,5.065499782562256,41.40446472167969,133.0326385498047,55.9482421875
2025-11-03,5.046999931335449,40.88814926147461,132.5438232421875,55.06562423706055
2025-11-04,4.926000118255615,39.140621185302734,125.35546875,53.38864517211914
2025-11-05,4.9629998207092285,39.92502212524414,130.27230834960938,54.43798065185547
2025-11-06,4.945499897003174,38.37607955932617,131.53746032714844,54.53605270385742
2025-11-07,4.938000202178955,39.527862548828125,130.9336395263672,54.09474182128906
2025-11-10,5.086999893188477,40.65978240966797,133.69395446777344,54.78122329711914
2025-11-11,5.048500061035156,40.7789306640625,132.7642822265625,54.692962646484375
2025-11-12,5.0894999504089355,41.51368713378906,133.0087127685547,55.232337951660156
2025-11-13,5.087500095367432,40.252685546875,128.38966369628906,54.86948776245117
2025-11-14,5.049499988555908,39.8753776550293,127.08660888671875,54.16339111328125
2025-11-17,5.0,38.72359848022461,123.54698181152344,53.53575134277344
2025-11-18,4.962500095367432,39.71651077270508,120.71720886230469,52.67274475097656
2025-11-19,5.007999897003174,40.9576530456543,121.92302703857422,52.437381744384766
2025-11-20,4.959499835968018,39.34913635253906,116.71080780029297,51.56456756591797
2025-11-21,5.008500099182129,39.587432861328125,120.27961730957031,52.05491256713867
2025-11-24,4.961999893188477,40.500911712646484,123.30387115478516,51.90781021118164
2025-11-25,4.999499797821045,40.7789306640625,125.55989837646484,52.64332580566406
2025-11-26,5.104499816894531,41.85127639770508,129.36209106445312,53.820152282714844
2025-11-28,5.185500144958496,42.675392150878906,131.06385803222656,53.67304611206055
2025-12-01,5.218999862670898,42.76475524902344,131.0443878173828,54.10454559326172
2025-12-02,5.160999774932861,42.66546630859375,131.1805419921875,55.18330764770508
2025-12-03,5.308000087738037,44.21440505981445,134.76878356933594,56.80143737792969
2025-12-04,5.291500091552734,44.29384231567383,136.09130859375,57.8311653137207
2025-12-05,5.381999969482422,44.87965774536133,136.5386199951172,57.713478088378906
2025-12-08,5.364500045776367,44.68107604980469,137.15122985839844,57.21332931518555
2025-12-09,5.240499973297119,44.48249435424805,136.5288848876953,57.87038803100586
2025-12-10,5.2754998207092285,46.12080001831055,140.0101776123047,59.36103439331055
2025-12-11,5.427000045776367,47.76903533935547,143.55955505371094,59.74350357055664
2025-12-12,5.2835001945495605,47.04420852661133,138.4834747314453,58.488224029541016
2025-12-15,5.338500022888184,47.18321990966797,139.89349365234375,58.046913146972656
2025-12-16,5.2870001792907715,47.20307540893555,136.40248107910156,57.48792266845703
2025-12-17,5.363500118255615,47.4810905456543,137.54994201660156,57.90961837768555
2025-12-18,5.366499900817871,47.580379486083984,138.3570556640625,58.125370025634766
2025-12-19,5.439499855041504,48.80166244506836,140.02963256835938,58.17440414428711
2025-12-22,5.4375,50.281105041503906,143.1219482421875,59.59640121459961
2025-12-23,5.47599983215332,51.53217697143555,143.9387969970703,59.90041732788086
2025-12-24,5.498499870300293,51.552032470703125,144.04576110839844,59.6944694519043
2025-12-26,5.766499996185303,52.664100646972656,145.39744567871094,60.69477081298828
2025-12-29,5.490499973297119,51.115150451660156,141.29379272460938,59.22373962402344
2025-12-30,5.727499961853027,51.04564666748047,141.4688262939453,59.74350357055664
2025-12-31,5.630000114440918,50.43004608154297,139.51425170898438,59.204124450683594
2026-01-02,5.639999866485596,51.56196212768555,144.59031677246094,60.56727981567383
2026-01-05,5.924499988555908,54.02438735961914,150.13316345214844,61.920631408691406
2026-01-06,6.010499954223633,55.75205612182617,155.66627502441406,63.54857635498047
2026-01-07,5.809000015258789,55.10666275024414,153.73114013671875,62.62672805786133
2026-01-08,5.746500015258789,53.835731506347656,156.12332153320312,61.73430252075195
2026-01-09,5.855500221252441,56.129356384277344,165.81842041015625,60.52805709838867
2026-01-12,5.985000133514404,58.29391098022461,171.14732360839844,61.587196350097656
2026-01-13,5.96999979019165,58.91944885253906,169.56227111816406,62.75421905517578
2026-01-14,6.008999824523926,59.92228698730469,175.28985595703125,64.74501037597656
2026-01-15,5.947999954223633,59.68339538574219,177.92515563964844,64.75482177734375
2026-01-16,5.78849983215332,58.43916320800781,175.96084594726562,63.60741424560547
2026-01-20,5.7729997634887695,59.79288864135742,181.1147003173828,63.14649200439453
2026-01-21,5.729499816894531,60.300537109375,178.98509216308594,64.34293365478516
2026-01-22,5.742499828338623,58.578514099121094,171.5460205078125,63.71529006958008
2026-01-23,5.910999774932861,60.13132095336914,179.21849060058594,66.2160415649414
2026-01-26,5.984000205993652,60.887813568115234,183.2151641845703,66.46121215820312
2026-01-27,5.828499794006348,62.57997131347656,189.46788024902344,69.1286849975586
2026-01-28,5.892499923706055,63.33646774291992,192.7157745361328,69.58960723876953
2026-01-29,6.17549991607666,64.82954406738281,202.1969451904297,70.77623748779297
2026-01-30,5.896999835968018,59.9521484375,185.072509765625,67.40267944335938
2026-02-02,5.801499843597412,60.47970199584961,187.48411560058594,68.0499267578125
2026-02-03,6.0625,64.37166595458984,209.4998779296875,71.33523559570312
2026-02-04,5.826000213623047,61.57463455200195,190.56671142578125,70.82527923583984
2026-02-05,5.798999786376953,58.94681167602539,184.2362060546875,67.7655258178711
2026-02-06,5.863500118255615,60.39011764526367,194.52450561523438,68.29510498046875
2026-02-09,5.945000171661377,63.316558837890625,202.5373077392578,70.28589630126953
2026-02-10,5.895999908447266,62.968170166015625,195.90377807617188,70.95276641845703
2026-02-11,5.948999881744385,65.15802764892578,203.4089813232422,73.6790771484375
2026-02-12,5.770999908447266,61.75380325317383,194.8695831298828,71.35485076904297
2026-02-13,5.792500019073486,62.55010986328125,195.01731872558594,71.96287536621094
2026-02-17,5.632999897003174,60.80818176269531,185.16796875,72.85530090332031
2026-02-18,5.793499946594238,62.26144790649414,189.7577667236328,73.09066772460938
2026-02-19,5.730000019073486,62.28135681152344,191.1465301513672,73.6202392578125
2026-02-20,5.830999851226807,64.04318237304688,197.98199462890625,75.33644104003906
2026-02-23,5.7729997634887695,65.24761199951172,203.93099975585938,76.50346374511719
2026-02-24,5.922999858856201,67.56685638427734,207.5161590576172,78.11178588867188
2026-02-25,5.979499816894531,68.50252532958984,211.95822143554688,80.10258483886719
2026-02-26,5.947000026702881,68.0645523071289,212.45069885253906,79.50436401367188
2026-02-27,6.004499912261963,67.76593780517578,215.0115203857422,79.99470520019531
2026-03-02,5.894499778747559,67.9749755859375,215.55323791503906,81.40689849853516
2026-03-03,5.773499965667725,65.26751708984375,203.1233673095703,76.8172836303711
2026-03-04,5.855000019073486,65.6258544921875,203.546875,76.62113952636719
2026-03-05,5.752999782562256,62.370941162109375,188.9796600341797,74.13999938964844
2026-03-06,5.756999969482422,59.08616256713867,182.18360900878906,71.8499984741211
2026-03-09,5.80049991607666,60.21095275878906,187.76820373535156,72.88999938964844
2026-03-10,5.9039998054504395,62.112144470214844,193.20504760742188,73.88999938964844
2026-03-11,5.8454999923706055,61.256107330322266,189.12741088867188,73.3499984741211
2026-03-12,5.82450008392334,58.93685531616211,177.8400421142578,70.7699966430664
2026-03-13,5.7144999504089355,56.119911193847656,168.25662231445312,68.73999786376953
2026-03-16,5.790500164031982,57.66276168823242,174.13668823242188,70.30999755859375
2026-03-17,5.726500034332275,57.822021484375,174.35337829589844,70.4800033569336
2026-03-18,5.553999900817871,55.1942024230957,164.20852661132812,68.30000305175781
2026-03-19,5.433000087738037,53.372642517089844,157.40261840820312,67.37000274658203
2026-03-20,5.34250020980835,51.849700927734375,150.40957641601562,65.29000091552734
2026-03-23,5.439499855041504,54.68655014038086,157.18594360351562,68.20999908447266
2026-03-24,5.422500133514404,56.21944808959961,157.47157287597656,68.7699966430664
2026-03-25,5.5289998054504395,56.826637268066406,162.99705505371094,70.01000213623047
2026-03-26,5.446499824523926,55.572452545166016,157.35337829589844,68.5
2026-03-27,5.4670000076293945,55.980560302734375,159.6285858154297,69.5
2026-03-30,5.47599983215332,54.397891998291016,156.880615234375,69.0199966430664
2026-03-31,5.587500095367432,58.50883865356445,169.46807861328125,72.73999786376953
2026-04-01,5.624000072479248,60.91767883300781,175.2693634033203,73.55999755859375
2026-04-02,5.563000202178955,61.09684753417969,175.1511688232422,73.23999786376953
2026-04-06,5.583499908447266,60.768367767333984,174.00865173339844,72.79000091552734
2026-04-07,5.54449987411499,60.47970199584961,171.3493194580078,73.30999755859375
2026-04-08,5.759500026702881,64.7996826171875,184.35047912597656,76.95999908447266
2026-04-09,5.748000144958496,66.14344787597656,185.21722412109375,77.2300033569336
2026-04-10,5.870500087738037,67.48723602294922,189.65927124023438,76.80999755859375
2026-04-13,5.97599983215332,67.7161636352539,193.42172241210938,78.0999984741211
2026-04-14,6.070499897003174,67.9550552368164,190.4570770263672,79.16999816894531
2026-04-15,6.072000026702881,68.53365325927734,186.44837951660156,79.47000122070312
2026-04-16,6.066500186920166,68.11466979980469,185.41419982910156,79.47000122070312
2026-04-17,6.103499889373779,70.04000091552734,191.39276123046875,80.44999694824219
2026-04-20,6.035999774932861,70.01007080078125,187.8863983154297,79.58999633789062
2026-04-21,6.001500129699707,67.40638732910156,180.7653045654297,77.69000244140625
2026-04-22,6.119999885559082,70.18963623046875,184.88233947753906,80.55999755859375
2026-04-23,6.075500011444092,61.331138610839844,179.50457763671875,79.83999633789062
2026-04-24,6.023499965667725,60.90217590332031,177.71200561523438,79.81999969482422
2026-04-27,6.01800012588501,60.42333984375,175.43679809570312,79.83999633789062
2026-04-28,5.9145002365112305,58.069053649902344,167.9217529296875,78.12000274658203
2026-04-29,5.878499984741211,56.79215621948242,165.8927764892578,77.05999755859375
2026-04-30,5.926000118255615,57.64009475708008,169.10366821289062,79.30000305175781
2026-05-01,5.932000160217285,56.4130744934082,168.60134887695312,79.05999755859375
2026-05-04,5.795000076293945,55.435447692871094,163.7948455810547,77.87000274658203
2026-05-05,5.942999839782715,57.540340423583984,168.45361328125,79.23999786376953
2026-05-06,6.136499881744385,60.7425651550293,181.13958740234375,84.33000183105469
2026-05-07,6.127500057220459,60.4632453918457,176.8354034423828,82.55000305175781
2026-05-08,6.249000072479248,61.500728607177734,182.49879455566406,84.72000122070312
2026-05-11,6.41349983215332,64.21414184570312,182.439697265625,87.6500015258789
2026-05-12,6.485000133514404,65.8701171875,188.86148071289062,88.31999969482422
2026-05-13,6.635499954223633,66.99739074707031,191.88999938964844,90.80999755859375
2026-05-14,6.567500114440918,65.97985076904297,188.5,88.93000030517578
2026-05-15,6.251500129699707,62.85742950439453,176.77999877929688,84.4000015258789
2026-05-18,6.271999835968018,60.353511810302734,171.89999389648438,84.0199966430664
2026-05-19,6.164999961853027,58.55786895751953,169.0,81.87000274658203
2026-05-20,6.290500164031982,60.72261428833008,174.08999633789062,83.55000305175781
2026-05-21,6.256999969482422,62.15913009643555,179.1199951171875,84.94000244140625
2026-05-22,6.3420000076293945,61.83990478515625,179.6699981689453,84.5999984741211
2026-05-26,6.361000061035156,64.20416259765625,189.8800048828125,86.48999786376953
2026-05-27,6.304999828338623,63.47593307495117,187.75,87.83000183105469
2026-05-28,6.395999908447266,65.71051025390625,194.8800048828125,87.80000305175781
2026-05-29,6.359499931335449,65.55089569091797,191.3000030517578,88.91000366210938
2026-06-01,6.52400016784668,66.87767791748047,194.6199951171875,91.22000122070312
2026-06-02,6.649499893188477,71.54634094238281,201.3699951171875,93.1500015258789
2026-06-03,6.480999946594238,70.46895599365234,196.58999633789062,90.8499984741211
2026-06-04,6.511000156402588,69.5212631225586,194.08999633789062,88.77999877929688
2026-06-05,6.263500213623047,63.21656036376953,172.97000122070312,82.72000122070312
2026-06-08,6.329500198364258,63.755252838134766,170.47999572753906,83.69999694824219
2026-06-09,6.302499771118164,64.09442901611328,175.1699981689453,84.7300033569336
2026-06-10,6.249000072479248,61.9296875,167.75999450683594,82.94999694824219
2026-06-11,6.258999824523926,66.17936706542969,182.16000366210938,88.0
2026-06-12,6.430500030517578,68.2443618774414,189.7899932861328,90.81999969482422
2026-06-15,6.482500076293945,69.96018981933594,193.22000122070312,92.12999725341797
2026-06-16,6.488999843597412,69.98014831542969,194.52999877929688,92.51000213623047
2026-06-17,6.481500148773193,68.89278411865234,191.67999267578125,90.36000061035156
2026-06-18,6.374499797821045,68.51370239257812,192.92999267578125,87.87000274658203
2026-06-22,6.356500148773193,69.04241943359375,189.91000366210938,85.77999877929688
2026-06-23,6.140999794006348,64.24407196044922,178.57000732421875,82.25
2026-06-24,5.942999839782715,61.69026565551758,171.83999633789062,80.72000122070312
2026-06-25,6.070499897003174,62.64794158935547,174.72999572753906,81.16000366210938
2026-06-26,6.141499996185303,62.298789978027344,171.25999450683594,81.0199966430664
2026-06-29,6.097499847412109,61.47079849243164,168.4499969482422,81.73999786376953
2026-06-30,6.192500114440918,62.73772430419922,174.25999450683594,83.30999755859375
