date,commodity,FCX,SCCO,BHP
2018-01-03,-0.005835397162438194,-0.01517474740354996,0.0018401529384048931,0.003998180281653996
2018-01-04,0.0016991282733207491,0.013867494142111747,-0.005102575960701405,0.0018864627797794409
2018-01-05,-0.010948357397126518,0.008105607527369774,0.007796017967358626,0.007113073036335127
2018-01-08,-0.001870920464469461,-0.0045228976214986005,0.0046827572767118575,0.007478066279106965
2018-01-09,-0.0020306172359875196,-0.04492678154710472,-0.005876745629208924,0.007010182809888299
2018-01-10,0.006417262445681304,0.031184099181990277,0.00815338313381031,0.000614146603879151
2018-01-11,-0.00046652918232359397,0.0189647190358726,0.01294000163539466,0.01636997496313386
2018-01-12,-0.004201019171717446,-0.006539339207794592,-0.0033932002900617375,0.020535612689161598
2018-01-16,-0.000312551851383569,-0.021772178068135917,-0.011816591231119555,-0.029196924615948805
2018-01-17,-0.010159359610206864,0.023292078996286047,0.009930737707963377,0.004673577749154889
2018-01-18,0.0033159494457757344,-0.018715093314091602,-0.006221008232368708,-0.002224691374369314
2018-01-19,-0.003147620497063297,0.02886566899578802,0.01655889842253022,0.006486869274176188
2018-01-22,0.003315425967870711,0.0015029239908790348,-0.004965964045550941,-0.0042297795857569875
2018-01-23,-0.027694747085346916,-0.022010936182015106,-0.018566831122669547,-0.01395610609764475
2018-01-24,0.038517546511880996,0.0025576940867446663,0.01688361840731467,0.018666521439280936
2018-01-25,-0.0029608935558543825,0.011224235878375843,0.0012002492172997759,-0.015102585443441008
2018-01-26,-0.005157860830024563,-0.014126624277569055,0.011588538164437612,0.022285890514629036
2018-01-30,-0.0017281508186915984,-0.020983144033735357,-0.051352961063306224,-0.021800056834796022
2018-01-31,0.0022033268434251685,0.019341550574335953,0.010826807105694503,0.0022489486035588424
2018-02-01,0.004082918147547465,-0.002564143499505289,0.012358129354642644,0.005915926244458802
2018-02-02,-0.006412244140026391,-0.07609223854637281,-0.03560518920587186,-0.030014186043060498
2018-02-05,0.010703579100737493,-0.017807735989565976,-0.011603502055164472,-0.028433836422178893
2018-02-06,-0.010278770394331227,0.061756519554313494,0.02497363018976917,0.027114023645016916
2018-02-07,-0.031786017393788946,-0.04695855569648977,-0.01665998519199907,-0.02786498041908214
2018-02-08,-0.001462672631639017,-0.03919376352738302,-0.03706034082836107,-0.03534478543340669
2018-02-09,-0.015462282910649994,0.02389278698211572,0.022652316283670926,0.0223412884953762
2018-02-12,0.017523628231914,0.0,0.014502005656813255,0.022727362217300096
2018-02-13,0.025020276230865335,0.013090343414347005,0.030509988575603053,0.020085446177896538
2018-02-14,0.023458513731307917,0.074157432507034,0.056728536888696945,0.03225814651106984
2018-02-15,0.0032523441232790162,0.0,-0.004506186723397865,0.012784013852774612
2018-02-16,0.0012349331276020337,-0.02039748484740067,-0.006101199460842421,-0.02444413205560403
2018-02-20,-0.01757629394459459,-0.016016889781781507,-0.0005942885634445672,-0.04395134163055925
2018-02-21,0.008003709930657354,0.016277606409554668,-0.012482180758297656,-0.0017185279510611995
2018-02-22,0.008095912645034176,0.02295796414449125,0.016853692001733478,0.02431651926612699
2018-02-23,-0.008957542639736693,0.020354787908048566,0.029400118143573684,0.01470609706835213
2018-02-26,-0.003895842176036113,-0.001022925977770095,0.03086051586637062,0.011594141330534047
2018-02-27,-0.012046329592340088,-0.022529475698062407,-0.006693769820040774,-0.02189913138763866
2018-02-28,-0.015835297502211465,-0.025667966178523294,-0.012916591864229443,-0.02699328770754461
2018-03-01,-0.0025744602495051394,-0.0032257443799963426,0.007017246936241728,-0.016774199058447126
2018-03-02,0.000483990878633378,-0.011866082247561471,-0.0028248757129716306,-0.006342847886663727
2018-03-05,0.0014511164655126585,-0.007096529048327138,0.005854292565648178,0.00594301142311493
2018-03-06,0.010143326763355054,0.028037723749583465,0.027975929614501238,0.021225490898165278
2018-03-07,-0.007331846124333907,-0.031015971802488274,0.001096209226370437,-0.016498863077928805
2018-03-08,-0.017822745361537606,-0.013797011919410296,-0.015508523883394743,-0.0022318760512866076
2018-03-09,0.0188000276576461,0.03133758287875721,0.011119313730795,0.012974945130119986
2018-03-12,-0.0038510416390099556,0.007053598801632921,-0.0031156472945808034,0.003975408806282665
2018-03-13,0.004832431070610044,-0.004310527788338736,-0.003309452659475798,-0.014518228215769313
2018-03-14,0.0067329743983237655,0.009740646324280622,0.009038874657375295,0.008035602985469792
2018-03-15,-0.009235682452279237,-0.013397966862983113,-0.0036562262862681605,0.0011071614854354372
2018-03-16,-0.005785961276715712,-0.0027156138999123725,0.0029356937797044846,0.004645237214801146
2018-03-19,-0.00759779054653742,-0.016884567715040877,-0.004025010774492022,-0.026640464787557105
2018-03-20,-0.014334553116817084,0.02437653077087787,0.012490896541428098,0.010405071954024736
2018-03-21,0.007602049729914517,0.03731749460933753,0.013244122941741487,0.025744120409085358
2018-03-22,-0.01197309377760758,-0.05891537611419495,-0.02757382333353886,-0.039502313786734966
2018-03-23,-0.009130196487932896,-0.02936281799702567,-0.01565109294923217,-0.00022712054131179826
2018-03-26,-0.008041524536863243,0.01312739613917313,0.010288236930529049,0.018636190634047534
2018-03-27,0.010471170035652788,-0.028732025407645967,-0.01166468324618608,-0.016064116490409286
2018-03-28,0.0008357203086570841,-0.028422417072748618,-0.0177969330214387,-0.013832344452250123
2018-03-29,0.008350065370011484,0.048955185044397886,0.03337772160401786,0.02161417461245163
2018-04-02,0.00712152097625407,-0.02447350490048661,0.0009230657717189672,-0.016880368669074164
2018-04-03,0.005755685759835538,0.014002063538731013,0.011248141297494074,0.0105309941458962
2018-04-04,-0.016677605229677872,-0.002301228782205733,0.012035295951584812,0.004984213026848705
2018-04-05,0.020784835595045736,0.04440585323291901,0.010630696041241672,0.00270515639946467
2018-04-06,-0.005049704778842035,-0.04306994500552186,-0.024425078435178715,-0.0188846851377098
2018-04-09,0.0057302431869585835,0.005770065863217599,-0.0063962380821375175,-0.0002292106100085789
2018-04-10,0.019371635292158906,0.0441772411436383,0.03329020439140562,0.049507022510730136
2018-04-11,-0.0060683657461267915,-0.012088101974597087,-0.005517810527919664,0.006988468556594407
2018-04-12,-0.016709526339200642,-0.003904112840239171,0.0039378388879391935,0.0023855558980394598
2018-04-13,0.0024510365364791564,0.0005598994900599674,-0.021215829238353523,0.012548796518208505
2018-04-16,0.007823937581979523,0.016227999163279883,0.016757738439821646,-0.011111025048293421
2018-04-17,-0.005337213634534876,0.007709568347206153,0.013973366342034721,0.008426880898553035
2018-04-18,0.025528465433377168,0.04808753246744257,0.013073882914264923,0.03128355385343018
2018-04-19,-0.008086271913755327,0.02033361271662293,-0.004534286465540549,-0.007895442710110223
2018-04-20,0.0011189209455675364,-0.010730500672524568,-0.016117533223012126,-0.001047032898179534
2018-04-23,-0.007504379889760271,-0.02840962084034704,-0.014067038529778975,-0.009434151080650155
2018-04-24,0.009813363821453924,-0.14513536205191913,-0.013003410204793231,0.006772681003169856
2018-04-25,-0.0020710548903613013,-0.044154158613548544,-0.02982624874439499,-0.006727120362882144
2018-04-26,-0.006066428349583153,0.016916015019297737,0.005658492703870088,0.003386340501585039
2018-04-27,-0.02152261936017119,-0.019833740240609687,-0.0009381671124445434,-0.018561371979169627
2018-04-30,0.002133948034768629,-0.007180017591284393,-0.008634990113764895,0.004728199493024832
2018-05-01,-0.012284981004229256,-0.017094100165986892,-0.020072189310976984,-0.009625706711861581
2018-05-02,0.010779366189336503,0.01070227452116046,-0.00019301800533544355,0.014038786815149473
2018-05-03,0.0037736244655726114,0.0066182851091309836,0.0013528169183736338,0.014909377951718206
2018-05-04,0.002124879270880342,0.013806645042807375,0.022196518736380177,0.013011660767351163
2018-05-07,-0.0019572800262941392,-0.010376138531306922,-0.01661631208897829,-0.008700997914588893
2018-05-08,-0.006210182557952804,0.0026213194048148036,-0.01371175330297103,-0.00543371702307649
2018-05-09,-0.0003288694442412643,0.02483666833846554,0.010573710821025761,0.03277996917422543
2018-05-10,0.01743706969250791,0.034438572019558356,0.01395098897992697,0.014852710993268348
2018-05-11,0.0008084259478053912,0.00308268445620552,-0.010701809497496328,0.010625114182291506
2018-05-14,-0.005331178039669315,-0.004302378181709643,0.0001935809179713921,0.015473253232126227
2018-05-15,-0.011694011035329854,-0.014814851992598688,0.0,-0.010158156301957932
2018-05-16,0.005258843820746817,0.04260641530660725,0.00482798566182896,0.015788389203648112
2018-05-17,0.006048667946807251,0.008413615989201872,-0.0007689314289356375,-0.0017485846791319704
2018-05-18,-0.008449718976779041,0.005363549235823939,-0.012309975675667384,-0.011093791311825196
2018-05-21,0.011307729372183273,-0.010669932691136474,0.005842253105160511,0.01338306190995886
2018-05-22,0.010857221231655556,0.028760063513646905,0.0025171392807938897,-0.006797496109104517
2018-05-23,-0.01875602830569012,0.010483132825688246,-0.012166899807658726,-0.002933160724561068
2018-05-24,0.008168631312162278,0.001729316398440206,0.00390991637633431,-0.00215717619181921
2018-05-25,-0.005995815794506476,-0.017261852106398523,-0.02531657705569834,-0.03655651326942222
2018-05-29,-0.004890729349429024,-0.02517510281873314,-0.03456519667139912,-0.017951673269091195
2018-05-30,0.0024573830702188104,0.028228118985589523,0.021109364736380698,0.0267969081769468
2018-05-31,-0.0004902406574320839,-0.012850648580061574,-0.009120435323792475,0.007080634659887064
2018-06-01,0.010954857805697715,0.013017937520372946,0.007567865876638047,0.009240605715842953
2018-06-04,0.01132131551526916,0.005256783525471764,0.007511138334065581,-0.0009952824810566252
2018-06-05,0.020630128163431127,0.02556689751447161,0.03304445823062574,0.007372084761383402
2018-06-06,0.01989969533826308,0.031161220560508962,0.025746026167867697,0.0274921283128311
2018-06-07,0.004148095120114714,-0.014835109430210491,-0.019014932741438173,-0.0036574708747800777
2018-06-08,0.007649968246116856,0.005577254234972351,-0.002519737689295698,-0.0017389262716202003
2018-06-11,-0.012906170450967314,0.008874160441194379,-0.0027204099473819854,0.0030966629655266864
2018-06-12,-0.0024611281625486203,-0.01814183062075092,-0.0035076205374484637,-0.013312955308085073
2018-06-13,0.0016961726043125402,-0.002799497450299282,-0.012319055470107254,-0.008799271629533867
2018-06-14,-0.009698233860005012,-0.012913899824503194,-0.004751865035605651,-0.006509969898212953
2018-06-15,-0.023472722031514515,-0.03924957244124416,-0.03381720874325744,-0.03296275921462544
2018-06-18,-0.011938918390330788,-0.005328618901029869,0.0006178393750444489,0.00554419997708
2018-06-19,-0.018366336017562213,-0.03214280259463487,-0.02757212019877886,-0.02715970409076862
2018-06-20,0.0,0.0024598471099621655,-0.004655074570097839,0.0027290235694699128
2018-06-21,-0.007057236972418224,0.0036811053564576035,-0.007865497396111865,0.002302808238959564
2018-06-22,0.0024793166963146263,0.004890074812729406,0.0010711284327125092,0.0219298607262135
2018-06-25,-0.01335529273909497,-0.042578956029366566,-0.0034245733303085446,-0.026364550653078744
2018-06-26,0.0016710815007427993,0.0324013618343828,0.008590974870128498,0.02497925960168179
2018-06-27,-0.0025024802453460504,0.03999994021722464,-0.020229801980400808,0.009829861088907599
2018-06-28,-0.012042151798024592,-0.006508625109179489,-0.0023908637629510565,0.014398663533376821
2018-06-29,-0.0008464727249067883,0.02799274561001175,0.02113291525012495,-0.00019968807617509743
2018-07-02,-0.0066079353879989755,-0.005793752398972729,-0.030509846433891652,-0.02879434141912207
2018-07-03,-0.008698638749042087,-0.00524483786557195,-0.018486080038455754,0.002882492185245056
2018-07-05,-0.031658641028819656,-0.00585830296587142,0.01816166991570145,-0.00041077998682848005
2018-07-06,-0.00035534028407402385,0.031820930999508334,0.008368086389122453,0.01827900246252323
2018-07-09,0.009242809535421115,0.034266133672361754,0.015287018796839913,0.025211842674569107
2018-07-10,-0.0036984692754535864,0.0,-0.003871796538424732,0.0068856861569521755
2018-07-11,-0.03358671646497535,-0.038652571219198184,-0.0386524184430207,-0.043180893946195176
2018-07-12,0.01262113905380935,-0.004032123310191316,0.006064746642330032,0.013886063102051427
2018-07-13,0.000722577146458514,-0.028340469776984012,0.006697599754597272,-0.010674769229345737
2018-07-16,-0.004693144957980677,-0.0017853775280339823,-0.008205405977275926,-0.013029248843542507
2018-07-17,-0.006347451541444893,0.0,0.008720982282246492,0.005156555995380119
2018-07-18,0.004562893767053433,0.01848505849286397,0.011305368447468434,0.022778588280213397
2018-07-19,-0.0239825517804505,-0.07494110651328001,-0.04471724600733895,-0.027487969683544944
2018-07-20,0.022338026936327582,-0.0031646031461172175,0.0043600317867587,0.00020651809310279212
2018-07-23,-0.003277517397566654,0.005079452814155561,0.015307247749097641,-0.005156704059526507
2018-07-24,0.023017889668905722,0.015160948012708397,0.04635453792788713,0.03960164024359569
2018-07-25,0.0021428721656606697,-0.013068046421736979,0.02128999502758444,0.008576129812584155
2018-07-26,-0.0007127916835928394,0.006935950010917402,0.004211846576633871,-0.010282838564509067
2018-07-27,-0.005884449632287847,0.0012523533132970943,0.0041934693842680115,0.014185990544633098
2018-07-30,-0.00304927750828754,0.00562837636733815,0.003758728172110759,0.010638042876715437
2018-07-31,0.014393652832526804,0.026119579633595347,0.02683589531875996,0.0187136361225837
2018-08-01,-0.029797839821112504,-0.055757867285873064,-0.03200999593705833,-0.019900685777037186
2018-08-02,-0.0029250081572282927,-0.009627601195914881,-0.018836081453619702,-0.0245995328736065
2018-08-03,0.00971763354128874,0.018146408836009043,0.014718112867835087,0.008406524070148746
2018-08-06,-0.01180317007093934,-0.01973243806444125,-0.021021379141508256,-0.011313994167289287
2018-08-07,0.007350231991532841,-0.0025974816235918574,-0.006064617030249075,0.015258074050674697
2018-08-08,-0.00018240195981644725,0.0019530988924603143,-0.004575971263822254,-0.005141383796046228
2018-08-09,0.005473492081858433,-0.005198202508368777,0.00021885538632959722,-0.003379195164001314
2018-08-10,-0.008346942933989077,-0.013063412534727759,-0.008316833749890229,-0.018946869011123746
2018-08-13,-0.003842705342739894,-0.012574333684002403,-0.016994428775700676,-0.011384351368941448
2018-08-14,-0.017083016003913487,-0.008042928930274917,-0.01257236677821294,0.01459985245159734
2018-08-15,-0.04429078601942993,-0.07702699462822249,-0.03979108709804591,-0.04823669743349812
2018-08-16,0.022096283998774835,0.008052703616309165,0.01610229019752163,0.006601346407779429
2018-08-17,0.004208883675639763,0.014524312312820253,0.016779310139246162,0.013750935612119264
2018-08-20,0.014859986204517117,0.010737301431298585,0.003438106780745631,0.008138632372124865
2018-08-21,0.0097616002250005,0.014164439666068507,0.004796767684016157,-0.018008671876607707
2018-08-22,-0.007808197113251536,0.014664679955280535,0.00886537327233028,0.016020256181564774
2018-08-23,-0.005995890104981028,-0.02408801280597339,-0.024785859600857774,-0.01805006759300043
2018-08-24,0.017530619822710092,0.020451386310646358,0.02518462635786123,0.023875050721382962
2018-08-27,0.0022230612169542585,0.017967991592996224,0.02276340598437998,0.011762331521391056
2018-08-28,0.010720903765973677,-0.004752119371900454,0.007051525064290409,0.0059146903999962586
2018-08-29,-0.009144058977815672,0.0006821669927272733,-0.0072212157547436595,0.00932701126301616
2018-08-30,-0.00682912103724842,-0.03544642040081747,-0.03658794297686785,-0.02189660032862606
2018-08-31,-0.015424676167668405,-0.007067166469180375,-0.0016011626430209036,-0.013349754576956085
2018-09-04,-0.024726320394797385,-0.040569598183683886,-0.02956019154005496,-0.016652817895053462
2018-09-05,0.0034836707030945213,0.014094820768478122,-0.0033058907726694065,-0.008467377284417488
2018-09-06,0.010028938543920507,-0.0073151673050001476,-0.018005295698660384,-0.010969514771375755
2018-09-07,-0.005728510573593137,-0.028739797139241796,-0.02436679902327621,-0.014640728987072249
2018-09-10,0.002688768272882447,0.001517776656516645,-0.009891040131003725,-0.012607069752609168
2018-09-11,-0.00248994655423751,-0.01212157856193019,-0.005993727935543092,0.006384018644659761
2018-09-12,0.02092928673660288,0.045245471282399086,0.032914325956037827,0.012233663010984053
2018-09-13,0.0022569276135713245,-0.003668355396098444,0.0017028374050247486,0.009176566596472036
2018-09-14,-0.013886260423598529,0.008100219956486354,0.004371037897564101,0.008427536339649988
2018-09-17,0.002283555406661808,0.002191428042280119,-0.006286274139580272,-0.005278119985538288
2018-09-18,0.02980816064169778,0.021136997096891763,0.01727500900049317,0.02122465986260602
2018-09-19,-0.0007374097051134898,0.020699397254294594,0.013393882679525237,0.024464264596867347
2018-09-20,0.004059010269066299,0.006293769523070036,0.021005149051041894,0.02007606362159753
2018-09-21,0.04244762041868966,0.01528831158264321,0.023116194641914944,0.01968094766415862
2018-09-24,-0.007227197319558121,-0.0253250463811463,-0.0187528599043002,-0.0006093831811803119
2018-09-25,-0.004438937411736066,0.017556215499352934,0.00851955949540284,0.016060235931353972
2018-09-26,0.001248434035951762,-0.03381645495897667,-0.00593614414999688,-0.007803194692251103
2018-09-27,-0.015140726846280983,-0.009285715091515101,-0.00459385472956364,-0.0010083188949889799
2018-09-28,0.00813891804618705,0.0036048037125697707,-0.004614214228933933,0.006055596774070748
2018-10-01,-0.004664518019337871,-0.01580466464717123,0.0011590310201565757,0.011837950563611921
2018-10-02,0.007570348738319632,0.013868788109981711,0.009955932470445239,0.0007931773863347757
2018-10-03,0.009838967233866791,0.004319444862417532,0.0029803844198164064,-0.007727160056926752
2018-10-04,-0.020371970151767727,-0.022938941222156783,-0.02491406990291334,-0.0013978482175621698
2018-10-05,-0.005063355100273337,-0.026412282451391822,-0.00914242346452998,-0.016596739272992544
2018-10-08,0.001454084705764025,0.0015070859381756119,0.003785435242101398,-0.002236553568525812
2018-10-09,0.014519041811780431,-0.008276895394150774,-0.004949386874991579,0.003056656327159679
2018-10-10,-0.009302333516447936,-0.031107591104146404,-0.020606327008964254,-0.03210082722986307
2018-10-11,0.010111909494276983,0.03602174360077104,0.03240619763789687,0.0010496648814006804
2018-10-12,-0.001430085305607065,-0.0333838726336414,-0.021784893332281174,0.0025161001260942673
2018-10-15,-0.0044754915003732965,0.0070644952693412755,0.00909959070381161,0.005856579546283935
2018-10-16,-0.0035964721080695705,-0.01169156378518399,-0.005695502369043259,0.008109872106907279
2018-10-17,-0.0012633043894921814,-0.022081961777774217,-0.0009546655058934039,-0.014232559633958752
2018-10-18,-0.010661369012081146,-0.020967764993473303,-0.044433896903076975,-0.02887653856879846
2018-10-19,0.011141529016042373,-0.009884862657054905,-0.0429998234200053,0.0038787317987376557
2018-10-22,0.002167645305492405,-0.0016636338916362625,-0.0005223990404682466,0.01073185972974633
2018-10-23,-0.009733219573117236,-0.03250042744052806,-0.027966658961120827,-0.02017441430985889
2018-10-24,-0.00018200355449382588,-0.07838023587378706,-0.034417892491934166,-0.0455133976809573
2018-10-25,0.000728233551418489,0.051401968564338096,0.029518441214333002,0.011126051019942906
2018-10-26,-0.0016373114435275227,0.022221822332459285,0.011630887258901046,0.000673643254720524
2018-10-29,-0.002004314820269415,-0.03565171777544618,-0.04090905988544613,-0.0060591781535696
2018-10-30,-0.027569840490707764,0.02885475278035976,0.0259270360956374,0.02325587630469106
2018-10-31,0.00018774455137915425,0.021034106982404488,0.04184794576860518,0.018976177283610784
2018-11-01,0.02177580168301052,0.05407743939886833,0.03729779116959486,0.050238343552018394
2018-11-02,0.029946741063661353,-0.003257502330417661,0.021121417965336953,-0.00907222095363025
2018-11-05,-0.01694609188310192,-0.0016341598628090148,-0.024624287470336292,0.007074369133836189
2018-11-06,-0.00907279791614124,-0.0016366630374584634,0.013006487805683031,-0.0068182972736913205
2018-11-07,0.008057159686836401,0.010655620647730402,0.0,0.018098670390287896
2018-11-08,-0.005631269152525653,-0.03244098512683047,-0.01686788478083867,-0.015937822986709205
2018-11-09,-0.01845082801893061,-0.04861671748969132,-0.028681147749352487,-0.020971636689366635
2018-11-12,-0.003164004821442079,-0.01674033229844718,-0.02768263463365972,0.0
2018-11-13,0.0033607404900097837,0.008064665452622855,-0.008405634013209262,-0.009756265940912057
2018-11-14,0.008373664995725338,0.025777567514497113,0.012852195049280812,-0.006853480953597391
2018-11-15,0.014578334382070013,0.03639518701154465,0.01889835381290328,0.016174165171213728
2018-11-16,0.020007212400332985,0.0,0.0018547021017185639,0.014219083690016676
2018-11-19,0.00017838880051646022,-0.03762532610352487,-0.014281896469231059,-0.004603574992823489
2018-11-20,-0.01354968993258987,-0.05473520210610583,-0.044808137123906744,-0.033003994052202
2018-11-21,0.010121133702105878,0.04871353267448453,0.00814587826874269,0.013695724203194759
2018-11-23,-0.008588358160744658,-0.05609128903370686,-0.10504316660700264,-0.03988860159393526
2018-11-26,-0.004331292454191615,0.02971238858974301,-0.00560408539338042,-0.006477521944152187
2018-11-27,-0.017400795921309498,0.013525567826323082,0.03287448460695375,-0.00764391154762134
2018-11-28,0.031543996254264295,0.0649465398439888,0.026068592175660044,0.031717211806615575
2018-11-29,-0.006437727983502395,-0.012531384764329023,-0.009158124691819092,-0.012296709146323526
2018-11-30,-0.00018005837221224397,0.010152028848342542,-0.0017890783431694368,-0.013783996345656635
2018-12-03,0.00792081910583109,0.012563050251146901,0.006571075375075619,0.04824161875724231
2018-12-04,-0.01821749599768485,-0.04880084476915603,-0.026409339656097486,-0.013333274248253812
2018-12-06,-0.0029107277079505334,-0.03043441102033828,-0.012191488994365951,-0.022014121904938455
2018-12-07,0.006203233027302746,-0.02062786816324569,0.008330867295402111,-0.006462930851029891
2018-12-10,-0.014143258486469579,-0.021062435378190525,-0.01285209587691738,0.007178016340773086
2018-12-11,0.01747292083161045,0.006548036069981222,-0.003409660270860204,0.022494454540455067
2018-12-12,0.000903852925217441,0.028810591660213936,-0.004976654523218493,0.015247007995769168
2018-12-13,-0.0021672536634949058,-0.013550008134685765,0.0028132988109426105,0.023171260518520365
2018-12-14,-0.0007240157196594099,-0.03205145692282807,-0.011845270296588328,-0.032082272233875386
2018-12-17,-0.0027168749745214438,0.001892348220652762,-0.01703491380363753,0.017980926220851234
2018-12-18,-0.029785694348423153,0.000944436525990966,0.0022467130059393714,0.009151035944807262
2018-12-19,0.018906745041009643,-0.03962267287661714,-0.03073965280686597,-0.005904818651075283
2018-12-20,-0.007165172787113705,0.0058935023304769185,-0.016187741326377236,-0.00784885542989
2018-12-21,-0.008697248894799281,-0.018554351785420864,0.014103364312777256,0.007055550324188253
2018-12-24,-0.003733429418797174,-0.0268660607761545,-0.01059589825341134,-0.01847110695467946
2018-12-26,0.014989680589680532,0.06339487187077397,0.03145893041011982,0.044776138571577695
2018-12-27,-0.015137489665740356,0.025961718553088486,0.007138389672413092,-0.007246454884446085
2018-12-28,0.004311108401933161,-0.018744258267725855,-0.014497545424870029,-0.0006256689158213868
2018-12-31,-0.019036909938468627,-0.0152820740316848,0.005884471697421345,0.007721317167413089
2019-01-02,-0.0011415604858767692,0.004850125012399564,-0.01884945039732777,-0.008904537886161634
2019-01-03,-0.020761943998790944,-0.02799255662090272,-0.03246118015135935,-0.03071469572310448
2019-01-04,0.03151141524643508,0.07447868658884271,0.06607318942178741,0.0610045233484493
2019-01-07,-0.003960005384312515,0.0166361697043258,0.00578027105202672,0.005282361613855091
2019-01-08,0.007383573239956753,0.018181643070587228,0.012771481758388825,-0.0030313996593442916
2019-01-09,0.0005637629216952433,0.027678646770515458,0.00630512641460701,0.005473422089207647
2019-01-10,-0.006949606174951772,0.0,-0.0003130809646164634,-0.00042072294637029994
2019-01-11,0.009835453756943613,0.007819067227264442,-0.006267844198878714,-0.007151919198465473
2019-01-14,-0.008990510146074326,9.042534010461623e-08,0.01639862200751141,-0.0012710863577419795
2019-01-15,0.001890045188229994,0.001731645104444901,-0.0474713256661673,0.008273393458862355
2019-01-16,0.016223347245656106,0.027657704939105354,0.022149920039377546,-0.003997664447440763
2019-01-17,0.0024132190906935858,0.020184919877130003,0.020076705001469852,0.010773307308145297
2019-01-18,0.01518514394433157,0.03544950169977512,0.008746995535331648,0.003970579929468476
2019-01-22,-0.018971195538293184,-0.014331318238136048,-0.014865232316175536,-0.0347624557391617
2019-01-23,0.001859469930486135,-0.005654338408070614,-0.019176374618479763,0.0034504265511825505
2019-01-24,-0.007609482050240479,-0.1307878680822827,-0.0044871305379590165,0.001934119177958049
2019-01-25,0.024125623178976152,0.05046737948309188,0.03799113083149974,0.034105537849759004
2019-01-28,-0.01844408970947764,-0.08540933533741579,-0.014578309579616144,0.0
2019-01-29,0.01655818140783971,0.016536971898597708,0.02990234595211594,0.018668381792015243
2019-01-30,0.01500727953329295,0.0784688612655382,0.030256794756412297,0.032987091008712444
2019-01-31,0.005769935958860994,0.032830418260816785,-0.002669672251396915,0.00906760198667489
2019-02-01,-0.005019698383831539,-0.011168216835860334,-0.004461887217320437,-0.0019535924001055083
2019-02-04,0.007207200086191579,0.030408554926931952,0.008963271989177679,0.000587316686401218
2019-02-05,0.007871139666367544,0.0008431911849491325,0.005034175393946683,0.0005867754171955397
2019-02-06,0.006567302173087652,0.003369307337352412,0.010606977166953468,-0.0027369849992873174
2019-02-07,-0.002468689641231925,-0.004197644993829575,-0.0402332442234985,-0.010586243890058133
2019-02-08,-0.006540600824927467,-0.021079867685470544,0.0019706360634244025,0.004557456169220764
2019-02-11,-0.006583577083103864,-0.006890336553741383,-0.030180337852092065,0.0039444832982504785
2019-02-12,-0.006089986676232395,-0.003469207219255477,-0.03112005677572749,0.006876267386815016
2019-02-13,-0.00018019959618786885,0.06962587212771765,0.013907488868382556,0.008000012023313241
2019-02-14,0.0007210142433187183,-0.0105777147863233,0.02677974830023211,0.00600083067381374
2019-02-15,0.009546104621781959,0.009868753590704937,0.03371515680791837,0.015201113502506747
2019-02-19,0.028189115402843967,0.06596049774575374,0.058769323727701606,0.008339648989177606
2019-02-20,0.016831532513914782,0.01986258913311434,0.04126713517630276,0.01823297622600495
2019-02-21,-0.009385717392944137,-0.024719092157549638,0.000836986338712542,-0.014399030041295724
2019-02-22,0.02015505709847898,0.015360885020052839,0.009202696306796598,0.017044310528092632
2019-02-25,-0.0037149335060961963,0.0030258733860686338,0.01906606885088924,-0.002578024544056756
2019-02-26,-0.0020339124965035316,-0.006033332666463664,-0.0024403506522127083,0.005908158465033786
2019-02-27,0.005095144318960632,-0.0015173301961862729,-0.0019027672897881098,-0.003671110495864882
2019-02-28,-0.0030415892551622914,-0.01975701379306949,-0.030228804944055998,-0.02542363888309629
2019-03-01,-0.005593218955456725,-0.0023254778390211506,0.00449312707922811,-0.0073723574831175975
2019-03-04,-0.007670031618196127,-0.006993019477766094,-0.0011181816579631798,0.005332385875169265
2019-03-05,0.008588146771819849,0.004694953084792619,0.014553542734443425,0.0018940005489911371
2019-03-06,-0.005960545462060596,-0.023364904847033463,-0.0033103500162225963,0.0064287326631553565
2019-03-07,-0.0023984819635136656,-0.018341105908295186,-0.009964034490404727,-0.004604008116844915
2019-03-08,-0.006010621275503003,-0.017871503985609327,0.0019570259106054255,-0.004625176640690065
2019-03-11,0.002073269471646544,0.022332545431079653,0.03320302414746168,0.009293336604758506
2019-03-12,0.00948272871205802,0.023462692040706834,0.021604212573392845,0.0028774110648710494
2019-03-13,0.002049544642911627,0.0007907812965444183,0.01110238795784313,0.010137836891756846
2019-03-14,-0.015340063236392143,-0.026856327315175732,-0.03058834930304344,-0.011550918282322353
2019-03-15,0.005193043113359552,0.0024349558714582553,0.014563056143976905,-0.0015325277635575008
2019-03-18,0.0,0.021862386182295968,0.01196166949432298,0.0172679035144927
2019-03-19,0.0055106016819286285,0.004754145560142309,0.02022593271994766,-0.003394919800022489
2019-03-20,-0.001370161591360497,0.011041286835005382,0.00746654131407487,0.010408513114155582
2019-03-21,-0.005316354190168848,0.007800017026691641,0.00792259942575324,0.005619255107768728
2019-03-22,-0.022069009515531812,-0.057275364980600374,-0.046906823452417035,-0.0268206802699148
2019-03-25,0.0047602169844487285,0.016420256491585183,0.009044971786286826,0.00880366450377279
2019-03-26,0.00035099700301266523,0.025848030544090905,0.03190084420270112,0.014987846019170803
2019-03-27,0.0026310938297726683,0.0007875036266613566,-0.007154024613229115,0.006728799124160023
2019-03-28,0.0036738817622385955,0.0015737679053897669,0.004117420818134265,0.0027851097648550205
2019-03-29,0.023531502379489755,0.012568391371923004,0.01691442984560365,0.012219828296829771
2019-04-01,-0.0052793147447511846,0.016291947472440116,0.014112652613699872,0.024328184469325276
2019-04-02,-0.005649716130459614,0.001526755655393952,-0.008697425487018906,0.001964176301016529
2019-04-03,0.014634992572817973,0.0030487768473503873,0.01328621776786676,0.0033861768326399755
2019-04-04,-0.012896693025546635,0.030395021231889308,0.014349490863168946,-0.002131500347890669
2019-04-05,-0.005501128645781672,-0.016961614372225986,0.0007318404579883531,0.0026700958719587664
2019-04-08,0.012791765001453959,0.030757674669180668,0.01608555044997373,0.014201773926287853
2019-04-09,0.0006826608537948697,-0.026200844484312147,-0.02254728171894682,-0.010852279374779172
2019-04-10,-0.003070122146113685,0.008221118832755892,0.007852706853701097,0.008670866776759212
2019-04-11,-0.012489299716679558,-0.005930080407384408,-0.017531073431067634,-0.01140350513793531
2019-04-12,0.020790084166056655,0.02544877021027503,0.016109139907337866,0.008518321451016497
2019-04-15,-0.004073348105681052,-0.0007297300910066307,-0.00926850533497836,-0.014253073307389785
2019-04-16,-0.0011929054952313223,0.03433170904036387,0.016002331293451633,-0.011602877032031444
2019-04-17,0.015355767215603056,0.0028248307339113765,0.013811243023672759,-0.00451526019342352
2019-04-18,-0.01613177467710325,-0.01408451426664159,-0.019359238511959198,-0.003084279563440817
2019-04-22,-0.007173324809173542,-0.025000161651950625,-0.017792017311822117,0.0032757410734503
2019-04-23,-0.002752497899020989,-0.013919545434448843,-0.00272960007132661,-0.00816249509356759
2019-04-24,0.006555133217462261,0.00891545105979441,-0.02090048746485762,-0.025237641850061054
2019-04-25,-0.013710355301293276,-0.10088362850701849,-0.034307752634999855,0.0009381852984573502
2019-04-26,0.03214594945277649,0.023751175483306408,0.02447365483080688,-0.001312302074269689
2019-04-29,-0.02525254106438879,-0.0055999861486206726,-0.001540952522997019,0.0011264051363926164
2019-04-30,0.002245252423098698,-0.009654050696594751,-0.01157713824079365,-0.007311827639640556
2019-05-01,-0.03394796271056166,-0.0487409686861483,-0.04476834875468394,-0.019452373348608387
2019-05-02,-0.006778470776584555,-0.017079340458855286,0.0024793761918695534,-0.003851981818746908
2019-05-03,0.014727057820446587,0.03822761134155894,0.03737252655367396,0.021075113545914848
2019-05-06,0.004247732850340968,-0.019246976467133026,-0.034436899334253424,-0.017231700819696272
2019-05-07,-0.015156850353467921,-0.02389090679227701,0.0016461400252034686,-0.00019267329616989848
2019-05-08,-0.003042183620711403,-0.006118503785250029,-0.0054779202081336464,-0.0021197514850838095
2019-05-09,-0.000718037488592671,-0.007915808262061952,-0.02423563913271154,-0.006372953145553417
2019-05-10,0.0005389364912338213,0.00797896824481703,0.00620936075844436,0.008163054037061634
2019-05-13,-0.01992819705821447,-0.058047918377985064,-0.027489353230723546,-0.0235204310385545
2019-05-14,0.0018317918743420147,0.014005808250778351,0.010095085261031977,0.01184615225226282
2019-05-15,0.006948273498943891,-0.0009207534081528967,0.001427709111088804,0.0033171158249045707
2019-05-16,0.0018159122820506912,-0.017511396553055114,0.0005704068210126145,0.01205750957912577
2019-05-17,-0.003806486229717798,-0.02720447598535658,-0.010544489362047771,0.0005765278302614085
2019-05-20,-0.004366756154613571,-0.01639352980296982,-0.011808711893482093,0.004801105428936969
2019-05-21,-0.004568730776631114,0.014705685830599391,0.007286580731100889,0.0003822531964183806
2019-05-22,-0.013769012097937239,-0.028019001576762514,-0.031250159709031444,-0.011081357551832482
2019-05-23,0.00018613690995517018,-0.010934439082109892,-0.006272390117070814,-0.0092737758877518
2019-05-24,0.0074446232596065975,0.013065248438621335,0.00631198132636146,0.02340097993881929
2019-05-28,-0.0011084503682384783,-0.004960423144099391,0.011051399691556218,0.01276694272308454
2019-05-29,-0.011466668007137248,-0.003988204276893614,0.00915810123030636,-0.009595299870398644
2019-05-30,-0.004490120103196715,-0.017016800989732128,-0.00644029130472934,-0.0026598172214427063
2019-05-31,-0.005450156314046106,-0.011201677883496686,-0.006187299092161536,-0.01123811975016964
2019-06-03,0.003590335234915365,0.021627244307608873,0.02875770333169836,0.009054026835376039
2019-06-04,0.00677843205595563,0.04032260263842713,0.02132577349975384,0.012027623197921278
2019-06-05,-0.01739291808995469,-0.021317719643634603,-0.010158165761052218,-0.011884678759967904
2019-06-06,0.010277864274216064,0.008910544487715777,0.004560962276302094,0.006491174761063201
2019-06-07,-0.00885454607358116,0.01570172101155154,0.022985137306109626,0.0072078926315448655
2019-06-10,0.01273520438512521,0.025121031904810298,0.008599291003897447,0.0043314625982167065
2019-06-11,0.004316772370938526,0.0009423505826606782,0.023377536797333898,0.03225204963072392
2019-06-12,-0.0061670703430625196,-0.0028248800684979036,-0.007793824403916405,-0.004904565790671445
2019-06-13,0.0007521976383380036,0.022663060977228477,0.013813812638382661,0.012595812978525966
2019-06-14,-0.00995865708966448,-0.01662071765013895,-0.011755437313378692,-0.009013886045948105
2019-06-17,0.006263046505242453,0.00845086632688763,0.0072993809709949176,-0.00218307210450297
2019-06-18,0.021124101770826798,0.036313023171683945,0.03623199960008683,0.027711828743435918
2019-06-19,-0.008311798302287121,0.005390500938897036,-0.009842326620658648,-0.011353266868563527
2019-06-20,0.011547825506196485,0.016979420422839286,0.020141566091955054,0.02440309604534141
2019-06-21,-0.0034984445943078146,-0.0035148129878287415,0.00640984161696645,-0.008582777250728535
2019-06-24,-0.00018484928395567923,0.0,0.0050959228730640405,0.013074216249316928
2019-06-25,0.011088601388353103,0.0,-0.01596982152333637,-0.004534354155961262
2019-06-26,-0.008956362908363213,0.013227520995256814,0.005152023824706475,0.013840155273400434
2019-06-27,0.0005533492138343199,0.006092330111831634,-0.001025123305249398,0.005875200113165002
2019-06-28,-0.002580721716086365,0.004324811644587756,-0.0033348121461473923,-0.0017179865279025597
2019-07-01,-0.009609974330456184,-0.013781272024761648,-0.009266410436639005,0.00567890899929302
2019-07-02,-0.008210514476932218,0.0,-0.011431627096050945,0.009069067006262754
2019-07-03,0.008278485098681898,-0.012226959233291201,0.01156382037842274,-0.0006781824576655993
2019-07-05,-0.00783733758485683,-0.001768145757991224,-0.008573668175846927,-0.039368956899343055
2019-07-08,-0.0009404014525911109,-0.006200162943902354,-0.0044551181577254795,0.010245858425795173
2019-07-09,-0.011859888505198923,-0.031194131253335033,-0.019478574054599074,-0.005595354427882615
2019-07-10,0.026100225191772797,0.007359728419942924,0.0,0.010022773788632255
2019-07-11,-0.00389906882187141,0.013698636645513629,-0.010738551372846739,-0.004004246682607571
2019-07-12,0.0033551028244047654,-0.002714908967308083,0.0005431445126065082,0.0005244277385814122
2019-07-15,0.005944652695919261,0.01088929304896169,0.014374447233655108,0.010657010825234847
2019-07-16,-0.005170799284753058,-0.0017955027444878091,-0.0018713682447419888,-0.005013005331392151
2019-07-17,0.006125857036662907,-0.005395545068073271,-0.012055114625709629,0.007817898707819904
2019-07-18,-0.00221403759306682,0.008137362835480388,-0.0032535318130205715,-0.002930510370368067
2019-07-19,0.014977783162181568,0.03049338735511009,0.02366712101400492,0.00795299579776887
2019-07-22,-0.010930942701615765,0.0,0.0,0.0029158205881505417
2019-07-23,-0.007552015126690792,0.01392476259497255,-0.006112315640045107,-0.001539267532572386
2019-07-24,0.003711948939130183,0.024893033716896218,0.0069521047651377454,-0.03494358984384616
2019-07-25,-0.0031435278084764873,-0.04355089202075069,-0.006372857575920765,-0.00408207839285657
2019-07-26,-0.007048716643731412,0.01225890624223358,-0.0016033970849353985,0.0003561997103174175
2019-07-29,0.012329531611950939,0.0043254022941334735,-0.002944258298764102,0.005344598963427094
2019-07-30,-0.014393811869927609,-0.01205846691630108,-0.005100907093745999,-0.003012214848543082
2019-07-31,-0.004680789176644828,-0.035745564484594095,-0.034268712493558784,-0.02364039044623456
2019-08-01,0.0007524806116718796,-0.032550013275685186,-0.034646742025875366,-0.03640976020304043
2019-08-02,-0.03571429531761161,-0.03738325718680735,-0.04167851437863623,-0.016625736254810897
2019-08-05,-0.010916224453658918,-0.022329814623347932,-0.02567197778518504,-0.031124123410450455
2019-08-06,0.005518398781913181,0.006951384845798048,0.0030997963194823175,-0.004164016247909741
2019-08-07,0.005488019723972837,-0.005917313899476806,0.007822259785991159,-0.006571178933670652
2019-08-08,0.014424927893485817,0.003968631982138593,0.03321939140288066,0.022249098926284683
2019-08-09,-0.006917712328833647,-0.036561560862290454,-0.03906230331393945,-0.020000126042568178
2019-08-12,-0.0015480598873490736,-0.02358986432096366,-0.028768145850796012,-0.008803491815303266
2019-08-13,0.017248106143215258,0.038865986470647984,0.023181096224614395,0.022405956649841352
2019-08-14,-0.01447898886904564,-0.053589751619441794,-0.03650088390416173,-0.02922003835898157
2019-08-15,0.0011598766915483782,-0.03953002472272693,-0.02612661635121971,0.002643887356178043
2019-08-16,0.0001930734774862053,0.012235946509155715,0.0030179839937829467,-0.00993909242416624
2019-08-19,0.0027026910094192225,0.016483491466457112,0.013038933881539982,0.006760601273222422
2019-08-20,-0.008856373868992073,-0.006486432008869003,-0.004620388922860097,-0.014448280527074142
2019-08-21,0.002913819738132206,-0.0054406504164008496,-0.00795775866133408,-0.01693162568771356
2019-08-22,-0.01084645197327272,-0.0010939692747968799,0.008355862389661795,-0.007561724589302932
2019-08-23,-0.01076949866738619,-0.032858991502100365,-0.02055036336204641,-0.011851481350140025
2019-08-26,0.005542335248610364,0.001132845323385201,-0.0006767315956912601,0.011351314976494997
2019-08-27,0.0013779467692029979,-0.014706106364853921,0.009820774710225244,-0.0016942928640154564
2019-08-28,0.0029487602983517824,0.027554421281279273,0.01911460769842077,0.014213176285310825
2019-08-29,0.003331971920629284,0.018994602334474697,0.025337136189661713,0.0069024185252430925
2019-08-30,-0.01035357955295424,0.007675373214426351,0.01412070944363264,0.021188199013984388
2019-09-03,-0.008093148341348444,-0.013057673712235651,-0.01075952516869394,-0.008747256621085886
2019-09-04,0.026467640692342975,0.024255811733147947,0.010876551700463644,0.034475947082531544
2019-09-05,0.017642512648942343,0.025834011436737025,0.04272151859031048,0.009416407700382656
2019-09-06,-0.003429248549525754,-0.011542184645825015,0.004855776187822292,-0.0030418032348921153
2019-09-09,-0.0019116329854272918,0.029723956488052927,0.01479907889523946,0.01200146496512633
2019-09-10,0.0,0.04329913310537936,0.0270834557520101,0.012261282289173003
2019-09-11,-0.004979893108474909,-0.003952944201357389,0.001448974558889482,0.004368365157688681
2019-09-12,0.010009633119942185,0.028769807321992413,0.02227996444407454,0.0075131631158169565
2019-09-13,0.021917241538503607,0.03760867365524945,0.010472679644134342,0.018838047548677572
2019-09-16,-0.022379687768593337,-0.02695163707552095,-0.0156864690341455,0.002311530842856069
2019-09-17,-0.0043876840660073135,-0.00573080813437199,-0.006260315300804176,-0.00883937471578633
2019-09-18,-0.005364989206065651,-0.004802934318338337,-0.006872947170155519,-0.00756097658660515
2019-09-19,-0.001733736187705781,0.008686984890161398,-0.0002885420016858209,0.00312553646236724
2019-09-20,-0.0003860154027046647,0.0019141572201968327,-0.005191519570181602,-0.007010885734662575
2019-09-23,0.00173750997284694,-0.01337152289157384,0.0023193661247327135,-0.007648465052604303
2019-09-24,-0.001927197655016144,-0.03097757099480014,-0.028348132932391024,-0.027470204192793557
2019-09-25,0.002123992394912122,0.005993746933122601,0.018159863357039008,0.008534664696592031
2019-09-26,-0.01348750884192973,-0.026812396236856717,-0.008479287887581677,-0.003022190436804295
2019-09-27,0.008984375945874534,-0.015306100338875472,0.005603043910542116,0.0058607589928261206
2019-09-30,-0.007162157035605077,-0.008290086030895871,0.0008797291643316552,-0.007836077373792771
2019-10-01,-0.004874262908234228,-0.041797038539852394,-0.030178777311135163,-0.0074928088549492955
2019-10-02,0.003722580929653052,-0.0327155435091403,-0.017220554758998974,-0.027137336472740303
2019-10-03,-0.00624635251696104,-0.0011276196633233093,0.006148189152325845,0.003984930546172771
2019-10-04,0.003928497468435932,-0.003385976408529112,0.008249538756003094,0.011280733860167258
2019-10-07,0.006456660531505065,-0.007927453791418793,0.0,-0.012600936596287693
2019-10-08,-0.003304859678802341,-0.028538632312381185,-0.019697063381281188,-0.006903711469647744
2019-10-09,-0.0005850951135304427,0.004700555630311465,0.0024730407592150616,0.0014745389622015104
2019-10-10,0.016783755747707074,0.04795285575872055,0.02620992241392872,0.017459165256182185
2019-10-11,0.005182332094288977,0.0718294688693959,0.036358484237993594,0.025635676521823303
2019-10-14,0.0019095338750598767,-0.005235678894180418,0.012177246900301864,-0.019955559214287932
2019-10-15,-0.007432824988774289,0.0021054243138016737,-0.020338110708691515,0.0012338837176375517
2019-10-16,-0.009408652360087477,-0.0021010008156011617,-0.003216191005392055,-0.010476588169131218
2019-10-17,0.002907514386220722,-0.006315513956432484,-0.015547165223771864,-0.010379874700168767
2019-10-18,0.014688870653445818,0.014830330237106892,0.009535268198467284,-0.0029370383855109594
2019-10-21,0.003809520176478731,0.02505195682258754,0.031582262488453194,0.01788343351117705
2019-10-22,-0.004933590698725676,0.011201858875228288,0.011158412308216237,0.0037207379225960846
2019-10-23,0.01544619600971675,0.02014065952304378,0.020939733964517426,0.009678806232569004
2019-10-24,-0.0013145483066951957,-0.05330672892935073,-0.018015534586541593,-0.00326336074429312
2019-10-25,0.002820673895200132,0.057351389908228745,0.01524121435268877,0.007161746114916712
2019-10-28,0.002250066880589152,0.009861773050920508,0.012232377926418847,0.013612541915477783
2019-10-29,0.0037418113585738766,-0.000976637353798604,0.008788820126014896,-0.0034078379699975514
2019-10-30,-0.0007455191525896909,-0.009775216242789986,-0.0057175218243396,-0.007039248751337657
2019-10-31,-0.017720624127444018,-0.030602080723887037,-0.025739326785985672,-0.009317293181970054
2019-11-01,0.006836356471375815,0.07128310704549756,0.049747163275354334,0.022081145690803217
2019-11-04,0.006035470496712936,0.026616149772571207,0.020883666230732345,0.01840372771582044
2019-11-05,0.010498641675656062,0.010185105882563938,-0.004196182774065305,0.01846425742123059
2019-11-06,-0.012615926060690619,-0.02474775550836561,-0.01676865696420604,-0.00867923503621748
2019-11-07,0.023675296296233217,0.05921049892895036,0.029236506135357665,0.001362044600344614
2019-11-08,-0.016886932526141152,0.022182744554599898,-0.006049534536370915,-0.013211670209888116
2019-11-11,-0.0067213919514231835,-0.037326560033147604,0.007673824898633441,-0.008269354005956964
2019-11-12,-0.006766964400073849,-0.004508540229022473,-0.007878281292311495,-0.000992575903252857
2019-11-13,-0.0020817858761084107,-0.018115930197244556,-0.011645967569884452,-0.01212251856589286
2019-11-14,-0.006827190697433871,-0.0027674545670507422,-0.00482071600974987,0.003822199046659147
2019-11-15,0.006301316105159049,0.0323773329321122,0.015069886042300196,0.01984003468872464
2019-11-18,-0.006641337293886718,-0.013440597710222213,-0.011134305124596677,-0.0047162543904576415
2019-11-19,0.01375358641195401,0.024522974670760256,0.007774491576576503,0.009279173031666144
2019-11-20,-0.0026380136691517286,-0.02216326418050585,-0.01649390262143935,-0.017605424303738126
2019-11-21,-0.00963538940558506,-0.0018129087169223013,0.003516646791371869,0.0019911441139519592
2019-11-22,0.010110639499381069,0.030880942310324455,0.02156343446947817,0.010334031014219702
2019-11-25,0.0,0.02731268433713674,0.00791548826553301,0.012195067823691286
2019-11-26,0.01019828140506207,0.0042881393604212725,-0.0031416176815108887,0.002137647925211761
2019-11-27,0.0,-0.008539835397672224,0.011554972808374586,0.005429538821070112
2019-11-29,-0.012151814824937768,-0.019810429777971206,-0.012720881451009358,-0.006171747911852488
2019-12-02,-0.003595770948867205,0.00615107029365336,-0.0021033847254122717,0.004269426513568542
2019-12-03,-0.009306702301905445,-0.04628815900894867,-0.025296575827258527,-0.018550961144702005
2019-12-04,0.01380368588901204,0.017399279492475328,0.019194465774456715,0.012404250021572638
2019-12-05,0.0017019334988916945,0.019802198672281834,0.018302233036419313,-0.006612319406036571
2019-12-06,0.02359826347373306,0.027360805174291736,0.010940391796535165,0.013116798578800992
2019-12-09,0.013094817425540084,0.03951900510521256,0.014686670635654542,0.010048163481684691
2019-12-10,0.003276920769161862,0.014875808206900931,0.006602667046353927,0.006122218547679026
2019-12-11,0.009798566373679929,0.04560291460859145,0.02320875129944522,0.011979323604302872
2019-12-12,0.0025157122768901807,0.017133820933521227,0.016272197933434818,0.00977080156092991
2019-12-13,-0.0032264072230359098,-0.014548247714485596,0.006550357283275465,0.007815474559196733
2019-12-16,0.014385888432278504,0.006215921579104222,-0.006266566915605232,0.01901770829115601
2019-12-17,-0.0003545213817643944,0.0007723394615672952,0.018918189816705677,0.0021742267633977352
2019-12-18,-0.0008867023399605767,0.0015430894311527776,0.014758652167855546,-0.010305688498713717
2019-12-19,0.005147370108419924,0.0015407913315728106,0.005160379222047595,-0.0020093290276282927
2019-12-20,-0.007239959138348628,-0.022307579123970078,-0.013068590524251134,-0.004942331898233787
2019-12-23,0.002134401747079684,0.011014819038032808,0.008985122564960202,0.002943154324770658
2019-12-24,0.007632272380497351,0.010895295584190778,-0.001874721094786147,-0.0011004732419680474
2019-12-26,0.009159775472444176,0.013856442642388611,0.014087860941298436,0.006426869037253535
2019-12-27,-0.009774870274326553,-0.010630331071887489,-0.014355127071572937,0.002189300884951617
2019-12-30,-0.003172862593985748,-0.0015347210276543954,-0.0018793088227624377,-0.003823196349061031
2019-12-31,-0.011847990559383459,0.008454890177240104,-0.00023511740667714331,-0.00018249016719518174
2020-01-02,0.013958495198135301,0.00609787166457143,0.0054143896880587405,0.00383833741213091
2020-01-03,-0.012177862451580923,-0.030303238394116305,-0.027160127191110606,-0.00673715233383132
2020-01-06,0.0007146167582230412,0.0039062273670413816,0.0016849439339154948,-0.001099751466422716
2020-01-07,0.0012497714144246164,0.015564513304052063,0.0014411978882957754,0.0
2020-01-08,0.005349538314819435,0.009961735783207137,0.005758001189021478,0.004954913391086224
2020-01-09,-0.0030152888133647693,-0.016692136586292983,0.0076339225751334006,-0.009495788555210272
2020-01-10,0.0028465168787719097,-0.004629745168894139,0.017755754240955213,0.0027655604229659403
2020-01-13,0.015256335708242252,0.04883727596688847,0.03303102681630743,0.00661873580802097
2020-01-14,0.005067238371334826,-0.020029809812845856,-0.002702373247859269,0.00803654303959922
2020-01-15,-0.002086245519081875,-0.017410965901256015,-0.010611804330317165,-0.002899122581218827
2020-01-16,-0.006271738043266195,-0.010015371529763728,-0.0073026810356126015,0.009631121386134867
2020-01-17,-0.0008765979039729865,0.0015563775982254668,0.00988528985231052,0.016558828011416837
2020-01-21,-0.017897835022037456,-0.04661996762425835,-0.038015331505954264,-0.01593493003378288
2020-01-22,-0.011256065893322065,0.004074951472941013,-0.00970174797065182,0.013673860070404942
2020-01-23,-0.014817452102378836,-0.028409228636518513,-0.020310789327654177,-0.012424484238646172
2020-01-24,-0.014856993024026433,-0.01086035991778378,-0.028048872977294748,-0.02156733675127287
2020-01-27,-0.033140938278128584,-0.07939205763056101,-0.047176605531981775,-0.031043474829163697
2020-01-28,-0.006547259953849749,0.03669747315028582,0.02370296616992884,0.004929050829051818
2020-01-29,-0.010079481795662093,-0.0008850222985659073,-0.006689094622767233,-0.0016977904263038024
2020-01-30,-0.011748569465147796,0.0026570551764126815,0.006734139921907856,0.0011339253455406872
2020-01-31,-0.0013869565242038417,-0.019434372378860476,-0.0306148867139725,-0.03529645578323892
2020-02-03,-0.0027777656886521784,0.030630529180612154,0.013800487771732373,-0.006456549049743576
2020-02-04,0.013728564860574055,0.0524474630545253,0.047382227161776536,0.027372702027266715
2020-02-05,0.012365103979049552,0.03073074069629156,0.0032490552104074144,0.013034219509422629
2020-02-06,0.007561076849546655,-0.007251936551116445,-0.013701952019647856,-0.0060546711857655255
2020-02-07,-0.015201076732613061,-0.04220788497265748,-0.023995809307644,-0.027793609214162185
2020-02-10,-0.000586217151528734,0.03135603258726505,-0.0077641679008415565,-0.00019584396332916754
2020-02-11,0.012121266360223037,0.018898835486605536,0.015649434549189767,0.00900884414613734
2020-02-12,0.006760642670007977,0.02177426095909185,0.014637908297270519,0.016498810462501456
2020-02-13,0.005180343622842587,-0.00473554724588221,-0.0012655120207094583,-0.007065318052797309
2020-02-14,-0.0053445082583665204,-0.02934171994497503,-0.005068263457179589,-0.0059614214657378595
2020-02-18,0.0017270820539667664,-0.017974032664083373,-0.02801868116356865,-0.0025150645634689495
2020-02-19,0.0009578763681779012,0.00665556296257841,0.017557884870973206,-0.002521282781437928
2020-02-20,-0.006698535512139947,-0.0016529322351216402,-0.013649451366315679,-0.015360654566613618
2020-02-21,0.008863199095865415,-0.011589342789735446,-0.011749233870306908,-0.0045419060164548775
2020-02-24,-0.009740282211824991,-0.05862641037713712,-0.045178143093208445,-0.050386823232721256
2020-02-25,0.0015428923995099986,-0.045373883502627166,-0.030160625394833662,-0.022769938651121424
2020-02-26,-0.007702669571948428,-0.025162888849186604,-0.000570572983760953,-0.00726838411885522
2020-02-27,-0.001940569043579199,-0.0630973569495148,-0.0416786677088723,-0.03273018961127161
2020-02-28,-0.00991641396214027,0.016326604556545776,0.0023830672747915393,-0.03584161681648079
2020-03-02,0.021602539935111853,0.054216606774943,0.04457647741647075,0.02170405530264352
2020-03-03,-0.008266093826553966,-0.040952335341514656,-0.013655539321931198,-0.007005512303494776
2020-03-04,0.0052335628664836875,0.0377359355848681,0.03288130849968862,0.04187501961954654
2020-03-05,-0.004049346118870978,-0.04401900859884744,-0.012566345403388302,-0.03102494570945169
2020-03-06,-0.0036786163690396556,-0.05605656156823269,-0.0028278541302091398,-0.03132248768121382
2020-03-09,-0.019043927581536724,-0.1272530997108341,-0.08175585780150418,-0.16479037280001219
2020-03-10,0.003961961467060293,0.09356000490053495,0.10090623557440082,0.0828791461534879
2020-03-11,-0.008681861351029885,-0.09777778157868333,-0.1052780172078569,-0.061175886982199335
2020-03-12,-0.012340818588144398,-0.11699496906384699,-0.1569934689617417,-0.12750353653607616
2020-03-13,-0.00282143072676444,0.050209184958721176,0.10195633258286185,0.10863245363927687
2020-03-16,-0.03051738566797868,-0.17131473832096744,-0.05667477936081877,-0.07990666850976247
2020-03-17,-0.03460493886802418,0.038461551112480175,0.009410361260476785,0.10522990637045582
2020-03-18,-0.06694017274252206,-0.18055550386500574,-0.07135194386359411,-0.11241759232413773
2020-03-19,0.018282803603789644,0.08097898682628912,0.04749049734836186,0.04523421768021296
2020-03-20,-0.004318193862260622,-0.03832728567154253,-0.06339852201378338,-0.02720256687170819
2020-03-23,-0.03241273613425366,-0.023550913245914185,-0.07398646070439752,0.007944051739169344
2020-03-24,0.03680116609693296,0.29684608778541466,0.1291965759522422,0.14943274748538116
2020-03-25,0.01660977350180648,0.0371959301111362,0.03500196616751672,0.02358713606336993
2020-03-26,-0.011638327334626442,-0.03586200931886663,0.033091109473281755,0.014201695551947946
2020-03-27,-0.004981847037848874,-0.11301865995815008,-0.06406232551967894,-0.059709262454009315
2020-03-30,-0.015930853620978014,0.006451767747616577,0.03873641090186952,0.041022518851461465
2020-03-31,0.03607773857435159,0.0817305802573276,0.019551246676905887,-0.00971645659253173
2020-04-01,-0.021428614763580822,-0.06518515466531927,-0.05752851773168555,-0.0223494521796207
2020-04-02,0.018704438610150254,0.012678348614781232,0.030143011986477175,0.0565931654082632
2020-04-03,-0.010300045452211082,-0.010954477224398906,-0.019751007741146687,-0.034564518275002176
2020-04-06,0.011312152270284148,0.13765801138368028,0.0597013456637121,0.06313212914239341
2020-04-07,0.02393743981530716,0.05563294416209241,0.040140872510814773,-0.009768672345663365
2020-04-08,-0.004588138037945888,0.057971045845812696,0.02166567994406665,0.020508718969232342
2020-04-09,-0.00021957952300588612,0.019925180011315602,0.03114638358221189,0.005087671146360329
2020-04-13,0.018880344436608132,0.01343089631177885,-0.0077122879413684675,0.0025312324320379
2020-04-14,0.01141994734961349,0.0024099437908522425,0.003886365994096641,0.01893440105275146
2020-04-15,-0.014699567687261439,-0.07812512816489825,-0.06870985254268513,-0.0483149554200244
2020-04-16,-0.003459414920291337,-0.011734041330489053,-0.017665487839041316,0.005206962028522
2020-04-17,0.021262653151211675,0.1002636757733677,0.06699578662633354,0.036518737674950064
2020-04-20,-0.008073004410566686,-0.038369243178441925,-0.022141329028295686,-0.031234223225402924
2020-04-21,-0.028914162471660676,-0.07605981981986598,-0.019263450743933652,-0.05003882022207018
2020-04-22,0.022276204405601074,0.03103911826623129,0.03824950825955553,0.02497967017686431
2020-04-23,0.002804645947141582,0.022251237957829906,0.024892094183769586,0.015894078630556363
2020-04-24,0.010327095123888519,0.08578754384781151,-0.004209643723827927,0.018774410598731084
2020-04-27,0.014480374434949095,0.043632213331061376,0.05918693108408002,0.011006078421252896
2020-04-28,-0.0012594546680396723,0.007909619063886542,0.024255522677161245,0.011139083205170985
2020-04-29,-0.0018915142326073608,0.038116924437696875,0.03836924247837814,0.05433144132167378
2020-04-30,-0.008633373078129947,-0.046436766577692246,-0.06351037295835471,-0.03395864717148034
2020-05-01,-0.015080734159040765,-0.041902506303035936,-0.020961857057256617,-0.055063870105672263
2020-05-04,0.0023721542735282153,0.028368744427529125,0.018262250333675345,0.011446490822467403
2020-05-05,0.00731505990933945,0.01149405627500144,0.0,0.007201609729539538
2020-05-06,0.004912379902119124,-0.02386327948386424,0.002473542473552026,0.005618056382430847
2020-05-07,0.01402762716502326,0.04423740220886252,0.015114151460202674,0.026917029408941806
2020-05-08,0.00964158555804051,0.026755804630524516,0.04679423834494534,0.02423350418539827
2020-05-11,-0.011002693432110022,-0.024973173903305668,-0.016836181030037256,-0.027040166280363986
2020-05-12,-0.009025975013892684,-0.03452079454202339,-0.01752274495700934,-0.02208426204488667
2020-05-13,-0.004871899889451803,-0.031142078624287972,-0.014510371033056746,0.005582261253023413
2020-05-14,0.0008514659342577779,-0.013094881323972851,0.010429361222124234,0.01842040098134512
2020-05-15,-0.007443709740245441,0.022918918410363753,-0.003946486587587117,0.024529277170434405
2020-05-18,0.030640696699269165,0.08254709046369557,0.08594948455659579,0.08319235990086038
2020-05-19,0.007484459916483166,-0.004357067829177441,0.007858374256128897,0.0013396222707806604
2020-05-20,0.018365609710474518,-0.0021883481743910638,0.003620371797245614,0.022519485666263606
2020-05-21,-0.00628168950122443,-0.024122710037200235,-0.015538378173754919,-0.006977751846718228
2020-05-22,-0.017536698425669184,-0.017977726575740594,-0.008455423031222598,-0.0008783054948983127
2020-05-26,0.012245748696714243,0.05949717770987295,0.02245593767726417,0.00945050829796168
2020-05-27,-0.014763179996499787,0.0032393182237555607,0.009174348638110397,0.006096067947764405
2020-05-28,0.0043705277907750695,-0.021528377371629936,0.013498521626566173,0.010604097499667064
2020-05-29,0.005594684876457201,-0.0022006110048613525,-0.013318738348924719,0.008565152194212722
2020-06-01,0.01978151956884422,0.029768564280257426,0.01515129200307519,0.024416196570516302
2020-06-02,0.00808243338226311,0.043897228743990935,0.01791052271632676,0.03150244673295144
2020-06-03,0.0008018013721327044,0.04000006736374817,0.020794428177550728,0.014265743168848877
2020-06-04,-0.0014019566272055473,0.005917504108520433,-0.0054843918498695965,-0.0015847691856811785
2020-06-05,0.025671837343636428,0.06470560123068814,0.022846774553350713,0.02083333333333326
2020-06-08,0.005084087540740745,0.03591165755110848,-0.0041080986769869154,0.02390674326507436
2020-06-09,0.011867772124896758,0.0017777289640195093,0.0036093313450460407,-0.007593109050429314
2020-06-10,0.02172657401179845,0.017746288878797367,0.013357158033052041,0.0034430365630968573
2020-06-11,-0.02653373492700195,-0.13600699671413907,-0.08567790616096849,-0.07224562732772422
2020-06-12,0.005799383457741447,0.05852679145149797,0.026337678873270765,0.027532435858709237
2020-06-15,-0.012684986329079773,-0.0019065252803902588,0.005402595195276971,-0.013197421348250415
2020-06-16,-0.0009733529996556189,0.029608177569475203,0.0029552737497109405,0.014184419795603143
2020-06-17,0.010132510928602345,-0.007420852317984616,0.007232805278714727,-0.008191821961153312
2020-06-18,-0.00038577450532739643,-0.013084134379296786,-0.019149093831359543,-0.012489966851965684
2020-06-19,0.009262805359347759,-0.005682050093936297,0.024945836205563454,-0.021623804598026264
2020-06-22,0.01548754319912149,0.0276191714199705,-0.009788294939430009,0.023978441107407544
2020-06-23,0.0016946529054566728,0.026876759845026577,0.02377770222651976,0.014457273151012862
2020-06-24,-0.0035714384948652977,-0.046029003999296436,-0.021920391219770186,-0.028301904919220577
2020-06-25,0.004527389261296477,0.0482498987833615,0.022411663654973157,0.02065689409272964
2020-06-26,0.0035680852744262026,-0.026173306180463984,-0.015657537284210488,-0.0176077340262909
2020-06-29,0.002806950544204767,0.023169630395094565,0.017232076869748703,0.009064624566113011
2020-06-30,0.012688904118096866,0.04800704092855779,0.03648671550898919,0.01531239219333469
2020-07-01,0.001289841426824756,-0.006914422381320229,-0.029670273919173318,-0.0056301894693624455
2020-07-02,0.006072873072863638,0.0008703875488760282,0.008292311921207496,0.012537891213135088
2020-07-06,0.011889529381699182,0.1086956191944124,0.047031368624188774,0.0071897642623202085
2020-07-07,0.007772911046856734,-0.0015685845231061535,-0.018163783635061992,-0.010113158182527782
2020-07-08,0.009686166726909251,0.007069719807049957,0.016250105060348963,0.02383822430800886
2020-07-09,0.0047965801229983285,0.00546038999858145,-0.007872338918783806,-0.011935044714049936
2020-07-10,0.020862805454828104,0.006206510004490351,0.032978026970075236,0.011287048046938475
2020-07-13,0.01905085789394234,0.003854864841170258,-0.011281732610758155,-0.005874213670675199
2020-07-14,-0.008837533536224185,0.03686629697167221,0.031075223512973205,0.03131782610036371
2020-07-15,-0.015603499095301232,0.0022222375947746897,0.008005948874034496,0.013750749573374188
2020-07-16,0.0053996968375589205,-0.004434544559796416,-0.00420455423529742,-0.0024491732556796153
2020-07-17,0.0005197954755158385,0.00816652923726413,0.024630406435801833,0.01680840459886168
2020-07-20,0.0038094953428078338,-0.011045879693490024,0.002518383884602793,-0.004643374926027732
2020-07-21,0.014662763352386587,-0.0037230591714393357,-0.01233172683266981,-0.005038193257201451
2020-07-22,-0.011050672825178354,0.017937190151611215,0.010867220374192854,-0.0024381489110161247
2020-07-23,0.005501128645781561,-0.022026207664585296,-0.008005504592765278,-0.009024389875749939
2020-07-24,-0.014532405279465421,-0.015015218387032014,-0.00668694525846969,-0.0018969338097812871
2020-07-27,0.0020819021600293475,0.033536608497946485,0.06940573389406257,0.033833937733693586
2020-07-28,0.005886412700247146,-0.02433614806377704,-0.02583004790313992,-0.015995721514661
2020-07-29,0.00017210456636829186,0.005290782432619601,-0.013591807987420768,0.013826359917853415
2020-07-30,-0.00034414990296682824,-0.027067626357140995,-0.009938934419614576,-0.020456982754676223
2020-07-31,-0.01566536062482493,-0.0015455528872844182,-0.002738117466247969,-0.0058323943643969756
2020-08-03,0.017138868608345126,0.013932063882610368,0.010295132865652423,0.01608613588063501
2020-08-04,-0.0063617915040998785,-0.011450458523629248,-0.013360473425901631,0.008754118590561966
2020-08-05,0.0076138000094228,0.07876453800060323,0.03924753967688388,0.034342682435665406
2020-08-06,-0.002060807834050493,0.042233372233162036,0.019655516170023368,0.014637544009426406
2020-08-07,-0.03958011085992341,-0.04120892714186575,-0.024041975171185226,-0.016713536221535152
2020-08-10,0.024368421434860288,0.030085945772534206,0.017532351301404736,0.02272331982354392
2020-08-11,0.004722748009953426,-0.029207218966540327,-0.02046237530338879,-0.005773402565903862
2020-08-12,0.005222877790304725,0.0007164598151760959,0.0181944315836835,0.011085707045004334
2020-08-13,-0.028749629612990546,-0.012884766346118903,-0.010147825370440233,-0.007483489000208454
2020-08-14,0.01854495278733781,-0.0007253665065531933,0.0071316246219519375,-0.0007012966732915515
2020-08-17,0.014705901995269777,0.023222098248696366,0.016375770391005018,0.017371441030610946
2020-08-18,0.02518977024692437,0.021985870577459155,0.013498275021945005,-0.018627209541221545
2020-08-19,0.01615620935157769,0.03678007629960578,0.003866946816427186,-0.019683558709266524
2020-08-20,-0.01623054783992295,-0.01606429758066652,-0.00492168368384549,-0.0007170123128817929
2020-08-21,-0.01902355471180528,-0.023129247046510204,-0.010968071752122222,-0.022066718689944143
2020-08-24,0.003089007827674184,0.01392769564447116,0.013481225605852298,0.014308964643675148
2020-08-25,0.0029085028185604767,-0.00686822500746076,-0.007079893502588641,-0.01030920695486659
2020-08-26,0.00972367115806283,0.038035912878516376,0.01944686984220656,0.008041049690721058
2020-08-27,0.0018583678474326515,-0.007328452393194018,-0.01822827252364223,-0.0021754386593475505
2020-08-28,0.010118034488434624,0.05033550274995657,0.04080317906159947,0.01435306732351127
2020-08-31,0.015358933413151199,-0.0025557752454855587,-0.002281712120164703,-0.013791786697769814
2020-09-01,-0.010358389943047719,0.0365150395432825,0.008731693937606089,0.031420450594144445
2020-09-02,-0.002159829095986776,0.00556252403872981,-0.011129196094147753,-0.007219755305441944
2020-09-03,-0.014985040286229268,-0.04363872313251915,-0.02876204246441305,-0.038531066948184756
2020-09-04,0.029918872394553597,0.02956303024143314,0.008154575755498161,0.010536243286961566
2020-09-08,-0.011160321763738712,-0.018726590800596243,-0.025117305710721793,-0.012288211168637098
2020-09-09,0.00912860206938615,0.026717542800007488,0.023362662663965805,0.022243153827820494
2020-09-10,-0.01743420196124379,-0.02292448258744839,-0.029656618843861615,-0.029319618083548327
2020-09-11,0.015734828093578956,0.03170594508596114,0.031002895866885538,0.029445310584867324
2020-09-14,0.010711941156344329,0.005531564299160241,0.009383450416813321,0.012363966311583319
2020-09-15,-0.0011413614218128698,0.0030560882108539023,-0.0008451598288750084,0.009843244534376128
2020-09-16,-0.0016323460925544708,0.022547300432636197,-0.005074817350323779,0.008664217627203596
2020-09-17,0.0027795488945969726,0.014898648568067774,0.002975445883665051,-0.006979397086808503
2020-09-18,0.015326975556283484,-0.0017613683100138333,-0.015045605029678555,-0.014056575503881952
2020-09-21,-0.026979318270680896,-0.07941199339146943,-0.0281842283041005,-0.03271785997985821
2020-09-22,0.009737582952666246,0.0019168806151643736,0.004870548703287181,-0.0005669765184758147
2020-09-23,-0.021412232969633904,-0.058035639486542556,-0.031725047047574506,-0.020041367542347532
2020-09-24,-0.008184363866814093,0.04129991625371954,0.013652011279457366,0.01582085524167476
2020-09-25,0.0013472375767582534,-0.0052013517869633485,-0.0015711519302543664,-0.0049383817891967
2020-09-28,0.005549948170223695,0.03921554686415285,0.00921743350303017,0.006680796267787947
2020-09-29,-0.0020070385916691746,-0.03647795730100023,-0.009801628996094158,-0.021615653690278402
2020-09-30,0.01508298181210277,0.020887759067275136,0.01844765439803675,0.0021318218357420093
2020-10-01,-0.05448240300099583,-0.005754580337550386,-0.017230222002099338,-0.007155440659634582
2020-10-02,0.040160560980950555,0.025080492549860667,0.025623727715951672,0.002337583972092938
2020-10-05,-0.004532474636856909,0.023839387724803318,0.025422214578701086,0.013797106715503604
2020-10-06,0.0001687022574823338,-0.036764704032863915,-0.02521918730938011,-0.03201074530711112
2020-10-07,0.023267497756308764,0.07379141438157544,0.033764374798827435,0.02851483519659115
2020-10-08,0.002471633530712447,-0.0047395710347145625,0.005938704357355551,0.011166658253180861
2020-10-09,0.012327384599178925,0.025595518145409724,0.013704512661947277,0.00666414474522381
2020-10-12,-0.006007420512235684,-0.024376251312288377,-0.0024961397906112515,-0.006998331592617202
2020-10-13,-0.006043805615259745,0.0005949287770437017,-0.011884740215412193,-0.008571302026371908
2020-10-14,0.0016433446149530795,0.007134412460096495,0.0035871122026331914,-0.002497770678592026
2020-10-15,0.011648909208558988,0.01593847234613599,0.008831048330069091,-0.00211844960372376
2020-10-16,-0.0058384326271074816,-0.0034864288251998943,-0.0008336038908454135,-0.0030882309799953322
2020-10-19,0.005220238866630478,-0.0005830146639288492,-0.0029205261028664165,-0.020135567777557872
2020-10-20,0.020285620961209894,0.027421086942672535,0.03054394804154792,0.011657709728190468
2020-10-21,0.016223915502667996,0.006246514351982757,0.013195395064804938,0.0029298807267825744
2020-10-22,-0.013930153244672061,0.03555300628870217,0.007213135709335461,0.0074000603297190715
2020-10-23,-0.007777819322319024,0.000545056168300917,0.0334192891921159,-0.00657253770681554
2020-10-26,-0.011838087122444496,-0.054465974961420804,-0.015784671971383113,-0.020042782381925695
2020-10-27,0.0004856374518416029,0.020736992382973662,0.016037823758546566,-0.012311378921694316
2020-10-28,-0.01067960947807245,-0.04796824989033888,-0.010201742511177447,-0.0410133152572878
2020-10-29,-0.0016355499346552005,0.03615872370469031,0.02119748024491952,0.008595272869684312
2020-10-30,-0.0027850914333674703,-0.008008935138521855,-0.0032371567132039036,0.0
2020-11-02,0.009857063222012297,0.05190299090465755,0.035727679400710644,-0.00041567010205467714
2020-11-03,0.004392378579701761,0.029056898169200096,-0.005349426827654269,0.03035993553017624
2020-11-04,0.004535205010636645,-0.04102277606992155,-0.019288041206540485,-0.01412723832810725
2020-11-05,0.0011286632252689444,0.04555556315736653,0.025907815226495545,0.02476971899451219
2020-11-06,0.014333990440371203,0.015940379666835813,0.016221302163986318,0.01997603371899581
2020-11-09,0.0007939210150802456,0.03504185167158713,0.0005489477146480848,0.039952923172600574
2020-11-10,-0.00031728622084348235,0.0015160832076412945,-0.009147403836738177,0.009604559848120697
2020-11-11,-0.006824348586799589,-0.014632008532223018,-0.0003691099620438676,-0.001305616772617868
2020-11-12,0.004474253498006009,-0.0005117036041211165,-0.010343651771775764,-0.026709032442527092
2020-11-13,0.010340448544027048,0.031762264593358625,0.015117794947270946,0.01611966848463564
2020-11-16,0.014013576983037401,0.04270104276422759,0.021143583354848783,0.019263421296610295
2020-11-17,-0.007298125918920317,0.0014286300711139344,0.00990253928094842,-0.004446893872567581
2020-11-18,0.0004692292355994443,-0.015216330667179867,-0.003922032168297895,-0.007444632678710872
2020-11-19,0.0017198493683623362,0.01931420709760734,0.0032217594890158185,-0.004687836910601262
2020-11-20,0.028094244812972624,0.0066319412608932815,0.013915732996231167,0.011680446227087415
2020-11-23,-0.010323340046358931,0.031058650671482724,0.023227465764111388,0.026443285966440078
2020-11-24,0.01242519566854261,0.054769616262235976,0.023387677243940752,0.04952842314525485
2020-11-25,0.003636389120223127,0.018606778152384873,0.0078978823723872,-0.009161885517881885
2020-11-27,0.026419038644757364,-0.0008497687941810828,0.014504827674457488,-0.001046591768149585
2020-11-30,0.006177422422610546,-0.005527060395543959,-0.02432218785257334,-0.025672434081139728
2020-12-01,0.013886827814529434,0.010688562222268994,0.013138157198098188,0.03513183174275181
2020-12-02,0.0020184456785807825,0.018612180911405707,0.0008310906478123936,0.04121211574695005
2020-12-03,0.0011511329582580831,0.012873914430976408,0.001827384394408993,0.024280625529707
2020-12-04,0.010060318048594308,0.027470110157808536,0.011772355469105822,0.02386757096536929
2020-12-07,-0.0015651223330228614,-0.019153999343957007,-0.028843090443424813,-0.008404645990357285
2020-12-08,-0.004132860405840932,-0.004475227884325417,0.017718775030249212,0.007676278509809453
2020-12-09,0.004006851497704078,-0.0004084847739607156,-0.013762267510087245,-0.00031732833757436296
2020-12-10,0.017816420135414734,0.016353200602925,-0.005211908174044266,0.027940871674445145
2020-12-11,-0.01302337737472059,-0.010056452526410742,0.00997117420770044,-0.003552052029678565
2020-12-14,-0.0005674957666155223,-0.03291321940642278,-0.00886882943720313,-0.01735909327759233
2020-12-15,0.004542882477852617,0.021008256610069997,0.021948430923167894,0.02034712218139556
2020-12-16,0.004522270639716552,0.0037037712753575924,0.020485661880299988,0.0027823473149000133
2020-12-17,0.012099038839018306,0.013530100729319372,0.018455590053657822,0.021735887663251185
2020-12-18,0.008757326135217403,-0.003640759972215024,-0.0025434549698988285,-0.008449024735141197
2020-12-21,-0.015295585159424085,0.009338199418086557,0.016573889856856372,-0.0021301626198890755
2020-12-22,-0.015393245861138771,-0.024537314842549507,-0.010816898295635369,-0.014486184403884605
2020-12-23,0.009664627458081831,0.025154539702960443,0.02076091505705313,0.01547264787728686
2020-12-24,0.0022522232263726405,-0.002815773682634082,-0.004813062454255723,-0.00731360151625271
2020-12-28,0.002808986130333757,-0.006454204120725393,-0.00889225172537933,0.002148892205172448
2020-12-29,-0.004761893631251901,0.004465975809297751,0.011647881969528262,0.006279636940751621
2020-12-30,-0.002814520275376431,0.07235256486890251,0.02411718878162561,0.003652766026474019
2020-12-31,-0.00818516624598542,-0.019223535619154575,-0.010635109224523376,-0.009099138876267121
2021-01-04,0.011098473252610264,0.04304397524676218,0.0330159531667622,0.030762231674857032
2021-01-05,0.02462710273713653,0.04532044687079417,0.013230351532548035,0.0319228572682162
2021-01-06,0.0026095389434688254,0.0630948247690335,0.011590230540011959,0.0317985753046357
2021-01-07,0.012465698752580856,0.033487961873794436,0.03234254621085619,0.020499197542112713
2021-01-08,-0.005953142086638441,-0.0006416250708938254,0.003652555742655661,0.0038261085425264074
2021-01-11,-0.029808130647797526,-0.026645195149536893,-0.010918142802485598,-0.02967588805347854
2021-01-12,0.011503964377961973,0.022097561051559467,0.01627511442853624,0.009399427678461914
2021-01-13,0.003328733386920746,-0.013875461536826172,-0.021863422869878413,-0.01223060193827652
2021-01-14,0.014100049318434005,0.04679325786898847,0.010820206162770019,0.03953845531208788
2021-01-15,-0.01772084447237121,-0.05126609181150599,-0.02661949907057093,-0.04426097629444148
2021-01-19,0.00915903220980141,0.044810536660633504,0.025900354890062482,0.011754688329843388
2021-01-20,0.00316284940109135,-0.02333643202442226,-0.008885635237490974,0.018757092967598865
2021-01-21,0.002193254810008982,-0.030028967465498213,0.001992208513033722,-0.006183008018341485
2021-01-22,-0.00547120264842571,0.014980025130005847,0.008663406277337193,-0.007465787284879455
2021-01-25,0.00137535813612355,-0.049524555009122784,-0.017319196799940872,-0.0080792349390304
2021-01-26,-0.003433607319859533,-0.06797789884331118,-0.0005727453938347837,0.008285434251654511
2021-01-27,-0.015573306976733536,-0.04516836033104876,-0.033691892861584805,-0.037047357354741184
2021-01-28,0.003219902433631905,0.07754929813080258,0.025964350786344514,0.0024586725287814026
2021-01-29,-0.002651416927027306,-0.03166608787312053,-0.03962398374577414,-0.03650254765345129
2021-02-01,-0.0032181004640605693,0.04905235410814357,0.037042663651409624,0.023360083509442298
2021-02-02,-0.006457047072809585,-0.003188083551651122,-0.01074488241697058,-0.01799822680361951
2021-02-03,0.011161344365486547,0.037668865373194915,-0.0035227956697725382,-0.0008938247859796578
2021-02-04,-0.003493096987691069,0.020547945686922642,0.024009589376712936,-0.0007457912869939243
2021-02-05,0.020471103347166952,0.06476518940031295,0.027905564944692207,0.011641780118387235
2021-02-08,0.010992020479232423,0.01229125806635234,-0.0032187245241427354,0.027589134125636683
2021-02-09,0.014813836495268795,-0.0031134311873749487,0.006088118750676941,0.00043078823988973447
2021-02-10,0.013927961891853746,-0.024359877596787927,0.006192059319306775,0.0018657134718087498
2021-02-11,0.0005282934923538374,-0.008002474024744077,-0.011887951950996345,-0.0012891423456197204
2021-02-12,0.0038284202003711076,0.007744288083357365,0.025619179484642762,0.009466434561232306
2021-02-16,0.012098896175921636,0.053474280133572805,0.007728259786500935,0.07246371699171794
2021-02-17,-0.0031185248879128658,0.03799432003247549,0.017940347501149256,0.0011923831561979625
2021-02-18,0.0209854344644127,-0.0002930580815153627,0.002421709227836466,0.0030433141001438013
2021-02-19,0.04429977198503532,0.09812544157969749,0.0658970808300996,0.004089857351885273
2021-02-22,0.01528117302402876,0.015737425974357233,0.026567591411914337,0.018920132974863835
2021-02-23,0.008428620379531404,-0.006039858386885921,-0.027719698483611444,0.014184184510118492
2021-02-24,0.027104505852087124,0.0010564488114706005,-0.009965938446149902,0.013859002299966061
2021-02-25,-0.008137717574270398,-0.05832634724894892,-0.04332331726398364,-0.021319273476169576
2021-02-26,-0.04020153245141933,-0.049607754909837154,-0.04994674923591658,-0.027293815708878788
2021-03-01,0.0061057748129131895,0.02919497640757407,0.0499089788148841,0.03754454284844333
2021-03-02,0.02718776167009551,0.008022820383226215,0.016691020692185532,0.017013643821377045
2021-03-03,-0.018551404486247036,-0.005116403787034929,0.01116382585310216,0.01123586416901845
2021-03-04,-0.039007932972285775,-0.0657142414810572,-0.0726068119267248,-0.03773091645468485
2021-03-05,0.02405411116136502,0.07094769367427989,0.03277315326374941,0.0048683061955148155
2021-03-08,0.004037190265848034,-0.01684746780721469,-0.016409272307944867,-0.007594422726458827
2021-03-09,-0.02047035771677319,-0.01655529592596683,0.006066769254495341,-0.0021112065179099693
2021-03-10,0.005597720956706631,0.017720267669804057,0.029738197233766916,-0.0351711532729464
2021-03-11,0.024987707463103526,0.08734750920433365,0.04085672652020955,0.015485673231758534
2021-03-12,0.0006034412610413931,-0.0013344738605920448,-0.002812637161995757,0.006477912285635101
2021-03-15,0.00024120793066839674,-0.01229299451795629,-0.028465008530277003,-0.020514943439443267
2021-03-16,-0.01627881650549956,-0.05330063714910127,-0.026000034494372937,-0.016427234675681746
2021-03-17,0.012012695862411826,0.032009205286188225,0.006504043197821385,-0.004175214030257446
2021-03-18,-0.0026646511978744014,-0.01910832297520937,-0.018039794644036156,-0.023200738000498267
2021-03-19,0.0015787629683894355,-0.012140048112376678,-0.010967835868521902,-0.01516634410461637
2021-03-22,0.006184139286641965,0.0005713415545511857,-0.0008317652711763435,0.004939491613749958
2021-03-23,-0.014702420985707065,-0.08026259200147079,-0.05424527368053478,-0.023709658433586744
2021-03-24,-0.004036202766378838,-0.018322925344859575,-0.01012198590144886,0.006663812262635238
2021-03-25,-0.021245224894051118,-0.015817734321203147,-0.024599759371472074,-0.004707425092584705
2021-03-26,0.023462961448402764,0.05946629092466815,0.054694667878827596,0.039166480646223745
2021-03-29,-0.00870407614242752,-0.02609238989916396,-0.01930280763324499,-0.006969185351022644
2021-03-30,-0.01484050900683187,0.018068683067909985,0.00014694374658019704,-0.0017186258604017235
2021-03-31,0.00502127599970148,0.007649854931487843,-0.0032310373719082186,-0.004447674009824154
2021-04-01,0.00012495683390589818,0.025205164768192123,0.02269064947441546,0.002161701206519373
2021-04-05,0.03634324557512736,0.04739340008137005,0.03299212208208324,0.02300826738750783
2021-04-06,-0.005423002467278781,-0.009898498165704317,-0.004183999030169749,-0.01785203857542239
2021-04-07,-0.015146007036366704,-0.029420186129885728,-0.00784320353051804,0.01831976266929103
2021-04-08,0.00971942874347076,0.01147769207416549,0.023009523707206103,0.0011243607371471676
2021-04-09,-0.012915797423161957,-0.009601609982368475,-0.02056022955105763,-0.007019507372045264
2021-04-12,-0.005061031154931284,-0.01086932861960277,-0.008312293421834482,-0.01003825859491092
2021-04-13,0.0032258091233969832,0.0017817088458051966,0.007529451263817766,0.0035705317253080793
2021-04-14,0.023991996023959183,0.07888872770253141,0.03539228029559216,0.0347231715767633
2021-04-15,0.021859989779098754,0.041861828712218774,0.01961058131327076,0.01870428094619947
2021-04-16,-0.01193721552362137,0.008194515977768768,0.01776367952388891,-0.004320224472795786
2021-04-19,0.016746453238300596,-0.021237211071511664,-0.02217813194557383,0.005017071428760067
2021-04-20,-0.006117652444278532,-0.038842870473842495,-0.041873831709444365,-0.02239596858863957
2021-04-21,0.014796401595327247,0.000557186247122976,0.009525241623788094,0.020424821023389717
2021-04-22,-0.0013997531771160476,-0.03231181220513302,-0.040932398717014595,-0.018393215071900504
2021-04-23,0.01460109822377742,0.051813327334575554,0.036458248066788546,0.028933351425524778
2021-04-26,0.02417684104106632,0.06869203149702319,0.01744857282059531,0.01339069351978961
2021-04-27,0.06632196028100812,-0.009219070906030247,0.0012346041978328337,-0.014534823166621025
2021-04-28,-0.04343239508778307,0.017058597231082384,0.000548104976270336,0.015419675950171241
2021-04-29,-0.009698070759184163,-0.024142202936854984,-0.013832052082384805,-0.012676651515269644
2021-04-30,-0.003115944551469574,-0.01796894257628756,-0.03610562467850309,-0.026882440473840252
2021-05-03,0.014288932438382806,0.02651832684217159,0.0024489505018259194,0.01855412469056028
2021-05-04,-0.001540930217619474,0.01317496750882885,0.0008624398073142636,0.006207114463779639
2021-05-05,0.0006614328810143899,0.059153389268872925,0.041642631789078566,0.03526887077347274
2021-05-06,0.01762501059725663,0.012758859914028475,0.0038597307886263366,0.015155407592877701
2021-05-07,0.031825035138222324,0.04516300256674577,0.05561659374972705,0.012887446285669624
2021-05-10,-0.006819091816269385,-0.02797361740164983,0.05619032724708517,0.01826649762333954
2021-05-11,0.009506723620509083,0.04819800834771293,0.011932651572075015,-0.0016081239661603908
2021-05-12,-0.005441042681240793,-0.04575870062053966,-0.033287977442762684,-0.02044608332693143
2021-05-13,-0.00988951725819387,-0.01824574218430386,-0.019695278175307807,-0.017457431047005145
2021-05-14,-0.008819485802251226,0.007624800965281731,-0.01101740977366339,-0.0025748272343454337
2021-05-17,0.012328448785552837,0.04469114884939951,0.026867451374925855,0.01587700687107607
2021-05-18,0.0029651465005564592,-0.012448955998534128,-0.022846085890543377,-0.015247671694981757
2021-05-19,-0.03083093924587932,-0.06669729557503645,-0.07262248854560738,-0.04387119521671656
2021-05-20,-0.0016342023624400515,0.012278900034903284,-0.0011271407813510104,0.0
2021-05-21,-0.018769089877876843,-0.008491188853881226,-0.020868428622757285,-0.009986429515592476
2021-05-24,0.01012016912023217,0.017127612771198564,-0.020017341956488743,-0.004225695250131167
2021-05-25,-0.0042937917409684445,-0.02140946524763887,-0.015576683756989729,-0.015605876983216693
2021-05-26,0.0024325866434342647,0.015732472949822274,0.003880968427601328,0.007648747007070078
2021-05-27,0.029450716833624435,0.03073592472834763,0.028847775480419946,0.024565210978829244
2021-05-28,0.003428649671583628,0.0030521241291392442,0.007949030975442195,-0.001751188687220906
2021-06-01,-0.004377940580742368,0.034878196874824186,0.027674228012788404,0.029550676934789744
2021-06-02,-0.013299071701802334,-0.0196787041066252,0.0026511906579069766,-0.0006553615446009964
2021-06-03,-0.02793477987071291,-0.033917872441204144,-0.03423329227390193,-0.01704918063252847
2021-06-04,0.014760144453455526,-0.0033437867019768808,0.025216163051152485,0.01561021815594188
2021-06-07,-0.0005509768094774659,-0.01126285290272433,-0.04089959700231027,-0.016946670411581488
2021-06-08,0.006174279097897584,0.00290839133140941,0.009085631381438919,0.015769070837413413
2021-06-09,-0.005807631797711488,-0.01643309035378726,-0.032965346517175975,-0.020918362511828548
2021-06-10,-0.01025023833974692,-0.013759038797466316,0.005856644750380724,0.011153002694571867
2021-06-11,0.011470005135823191,0.017687765225153473,-0.0004479165030898402,0.008239122390583553
2021-06-14,-0.002091825720878182,-0.03353714997141932,-0.017176962283973474,-0.005008478724588095
2021-06-15,-0.042365381622809783,-0.047619344033171807,-0.04042549613958868,-0.007550769421370451
2021-06-16,0.012096721030495639,-0.01436140662002916,-0.007285303370828888,-0.01468226747888235
2021-06-17,-0.0473533773206799,-0.05153819850219632,-0.052169964976703787,-0.04497428936837988
2021-06-18,-0.005257572389050336,-0.005405358165571417,0.0011783375953078323,-0.027801446427623278
2021-06-21,0.006006029054705486,0.023455541448405892,0.03665088028992858,0.027575222537971733
2021-06-22,0.011223864199510158,0.019843352617102905,0.010379385259092322,0.01206870057565701
2021-06-23,0.02278897661026158,0.018909271237137704,0.011396834991174165,0.004769880438221907
2021-06-24,-0.0045023734512562585,0.009145050073924743,0.010315741484027141,0.016336350754707185
2021-06-25,-0.00289928931744321,-0.007462917115923728,0.011938400369850832,0.006044695706513892
2021-06-28,-0.004884835889923056,-0.013426228334419754,0.00046556229181105024,-0.00573545210052917
2021-06-29,-0.0003505500012483953,0.014425439484435865,0.00884395363202084,0.00013737122562629267
2021-06-30,0.004676716911946377,-0.004292675614677055,-0.010765625631904197,0.00013735235736467288
2021-07-01,-0.012684766759884725,-0.0005394910065701364,-0.01772403947379786,-0.005766871772429849
2021-07-02,0.009429505158373042,0.001348130374631884,0.015986032128648464,0.00759576780546789
2021-07-06,-0.005604896656516312,-0.03069440229244158,-0.02726284302314297,-0.009320256542145189
2021-07-07,0.016674518764572932,0.00583294574454829,0.024823813087326174,0.024211336483091594
2021-07-08,-0.013282486858339215,-0.04197722068462828,-0.01719013893020782,-0.0071591753058818375
2021-07-09,0.01896285827672184,0.05217646849075508,0.03641283489199787,0.040544123977891866
2021-07-12,-0.006777715769774595,0.0008220877910312119,-0.0016876142389853355,0.0003923378169110592
2021-07-13,-0.00196625012078111,-0.021899736769018796,-0.01045015329412724,-0.004313097377298791
2021-07-14,-0.008691599465173172,-0.03183299661694028,-0.009163174735459356,-0.0015750661799839305
2021-07-15,0.013093344247333771,-0.0037655536440135418,0.0025080620445963042,0.0038126864375722658
2021-07-16,-0.00011544014719999662,-0.034603297113002696,-0.0314258535976536,-0.025802351971694892
2021-07-19,-0.028159311707983914,-0.02409644635554964,-0.01743353237035916,-0.02742665085924101
2021-07-20,0.014962642374489521,0.016975407731846026,0.01922115915277911,0.02059704949800234
2021-07-21,0.002105961061478423,0.05159321903126424,0.02433930066165302,0.025870294409852335
2021-07-22,0.015294865757946141,0.004328949179700725,-0.007553159729638881,-0.0014523932526818717
2021-07-23,0.013454418678154223,0.011206824866847098,0.00015850919856807977,0.010578053427694911
2021-07-26,0.04141617339927062,0.04148927940993019,0.025681577881631723,0.03401797096532011
2021-07-27,-0.009370280920352858,-0.008185656944693531,0.004482570456934454,-0.012653484207593713
2021-07-28,-0.014738212099811077,0.009078423982268324,0.0029233109716420014,0.013840644291060578
2021-07-29,0.00915380409370914,0.048800216352510084,0.038815584205221576,0.014284003013757873
2021-07-30,-0.008738884920520662,-0.009617848687255237,-0.03057141935984975,-0.020937178530589518
2021-08-02,-0.010824697832868102,-0.038845107359062436,-0.015539524386594672,-0.0019092992659749397
2021-08-03,-0.011056015668489683,0.000546120446512921,0.012844378886489372,0.016834411382951053
2021-08-04,-0.012092168501613987,-0.027019378199790167,-0.012070208834951135,-0.008904983736883643
2021-08-05,0.0035796925953024417,0.005609682190620413,0.005876845515639495,-0.02530987656046002
2021-08-06,0.0,0.02817320836330839,0.005688954443892058,-0.003895103431056368
2021-08-09,-0.01346215928720329,-0.010851734288193748,-0.002752081127191941,-0.0023463546731191665
2021-08-10,0.01504545191135831,0.04827228948239859,0.01992970861965393,0.012934452956947284
2021-08-11,0.00287252882144462,0.013343668027052003,0.013865455194922216,0.004385590145060236
2021-08-12,-0.0018331570325124114,-0.008778674611674142,-0.007965126734809203,-0.013869460202016182
2021-08-13,0.007116652366660148,-0.00755444248297521,0.018179202912385506,0.013413194150501129
2021-08-16,-0.014816516064966367,-0.033070493966580905,-0.03526263266788088,-0.025700310939073656
2021-08-17,-0.028227722509019615,-0.057817751387907124,-0.026372847995394966,-0.07900295779054867
2021-08-18,-0.019999913715176953,-0.02391242987582687,-0.009662387424422159,-0.062437314183216186
2021-08-19,-0.018829042764506143,-0.04309325167192224,-0.026391588134345723,-0.040171072441276934
2021-08-20,0.023771251340717114,0.011721287444236062,-0.0013143024017979732,0.012094275572915869
2021-08-23,0.024186698267435913,0.04268287478123689,0.03141956110258137,0.013050322289319904
2021-08-24,0.004841228819905341,0.029531891891698026,0.005741741304802206,0.01241667401314217
2021-08-25,0.0023501179261404825,-0.0028401825879754705,-0.00999062515449789,0.009198157526288497
2021-08-26,-0.004454877843036775,-0.016234464710621066,-0.01970185222278098,-0.015190716968439988
2021-08-27,0.016603951235031778,0.05877230475617057,0.029411625931678786,0.02699360510484139
2021-08-30,0.010309248740410837,0.0019140907862000844,0.0006348555754063234,0.01637136255744087
2021-08-31,-0.00022928858215021108,-0.006822946849529665,-0.007138137343811968,-0.02260961688535601
2021-09-01,-0.02224773373851363,-0.013740087794502087,-0.013740211967846916,-0.013002907815733433
2021-09-02,0.006333556260017303,0.010587909589373945,0.010853634973482684,0.009791228866424806
2021-09-03,0.00827506990832938,-0.0035840936784385935,0.0038461517344781093,0.01826113469185664
2021-09-07,-0.011096950347753265,0.0060875631041674705,-0.004310293636898388,-0.016822842923934767
2021-09-08,-0.010637119076517765,-0.05473072980488991,-0.037838904200400814,-0.015334830918635078
2021-09-09,0.01216926322459777,0.012801651930397506,0.0029996824153528667,-0.009344153782061215
2021-09-10,0.03840311712449229,0.019247431024217,0.027911515929562425,0.007115560257275444
2021-09-13,-0.01899726547608893,-0.0053549010062153846,-0.006303526779131596,0.003779172539986053
2021-09-14,-0.010427472725975329,-0.014168369785046875,-0.01154832274833939,-0.020788984301588154
2021-09-15,0.019800890110785785,0.05605081398477174,0.025834961867534423,0.008358343815622504
2021-09-16,-0.02838651021369254,-0.06641316953918297,-0.051331330878665926,-0.036637814988452644
2021-09-17,-0.007712981594654389,-0.036442816215841334,-0.010652589336188734,-0.044226560735454834
2021-09-20,-0.030267337671797012,-0.05688349017006433,-0.027858554122939583,-0.02700745384210368
2021-09-21,0.002671770534429463,-0.022136728371244252,-0.00755986004204523,0.009252333314153871
2021-09-22,0.030159951844989097,0.035433050012595,0.005314586536386612,0.008434192738082213
2021-09-23,-0.005055875446659863,0.01742722575435618,0.006872058862211761,0.000909083854898407
2021-09-24,0.013353807315410249,0.004048365779958152,0.014175712712864774,-0.009445844716345797
2021-09-27,0.0013994267277270822,0.05179921874380988,0.02243328307038328,0.009902748216678026
2021-09-28,-0.01129615969219433,-0.010026605712643688,-0.01772184856505654,-0.04557848194917635
2021-09-29,-0.010600724972226638,-0.013702524569631613,-0.01769755074979762,0.001141628109739612
2021-09-30,-0.026190395636349395,-0.017517412175616753,-0.018016396847331695,0.017103735563960054
2021-10-01,0.025305595479817145,0.00952934152140772,0.01157840722209591,0.0005605752104382855
2021-10-04,0.01263860087439661,-0.003958375727388663,-0.00475438766284364,-0.0035480790588192646
2021-10-05,-0.010479188497607539,-0.015591538624507573,-0.0049540968218478865,-0.0013118962083394914
2021-10-06,-0.010709203898716657,-0.01521746373911903,-0.0007110776782091044,0.008632134108594203
2021-10-07,0.022612427520925182,0.08230832994017856,0.03754437709562741,0.013023256869111988
2021-10-08,0.007527655938709188,-0.005536013143996987,0.004973327914477466,0.011202932100807583
2021-10-11,0.02136348485020534,0.032229779056020647,0.006484729319782945,0.014166293285798215
2021-10-12,-0.010401143842412752,-0.017598621355668476,-0.0015258675965486024,0.000716346669702661
2021-10-13,0.04423658745412684,0.0349610659970232,0.010358230124327905,-0.005905505563012281
2021-10-14,0.024554712908283483,0.03874674029654135,0.058655455217265784,0.037803785497079634
2021-10-15,0.02213115488287354,0.04066786446037107,0.051119347552045946,-0.0029489600043994812
2021-10-18,-0.0007393292329771484,-0.0025881342084651537,-0.0164628549586191,0.00922066287062262
2021-10-19,-0.003488002412762592,0.008043410690604214,0.015202647350169629,0.00120664096817924
2021-10-20,0.008909591618429191,0.00205919011487965,-0.006201963819484013,-0.0012051867404837546
2021-10-21,-0.035639165815708806,-0.013100439426287913,-0.020547780400052673,-0.03585583941518666
2021-10-22,-0.013190917419479864,-0.01952104944563926,-0.00326329710287121,0.0141247089352865
2021-10-25,0.005634074365946651,0.044332616268267566,0.022606539446412777,0.012693993971369055
2021-10-26,-0.014281019324189237,-0.012455777423129755,-0.018447763100713055,-0.009401060751750956
2021-10-27,-0.022177578778837637,-0.047618902638753347,-0.047685595349068466,-0.019859481483400776
2021-10-28,0.011511263986915043,0.029729607875364827,0.007829061212746957,0.006096539877705531
2021-10-29,-0.01397178542446087,-0.009973641564240743,-0.02913079304373367,-0.0226341922142117
2021-11-01,0.0060563928706445225,0.016172155531930077,0.00866803755991885,-0.006199826587182544
2021-11-02,-0.006360717456865617,0.005739433730912902,-0.005453893533533982,-0.02568807824617725
2021-11-03,-0.010973904449204541,-0.008301174600494288,-0.01777963817921102,0.01167615968308544
2021-11-04,0.0,-0.03217357767098272,-0.003045354166492431,-0.010052167517966448
2021-11-05,0.00531663484813083,0.0010812951157406214,0.007975660415860286,0.004512960652686138
2021-11-08,0.012876576912222326,0.06452474293986188,0.040404015435871354,0.024148196674638855
2021-11-09,-0.005675390278476189,-0.005833164120439327,-0.01611835240814652,-0.023944331463113477
2021-11-10,-0.011872156259750355,-0.04285709231938095,-0.026914378772887604,-0.020224706972430284
2021-11-11,0.017675586356552087,0.09008511991818269,0.0604709831644723,0.05237006718894599
2021-11-12,0.01157909369219512,0.008068436713959848,0.011825575914345743,-0.00980762739854213
2021-11-15,-0.01088543590278157,-0.008974118636313033,-0.026737106728179638,-0.014306708819554426
2021-11-16,-0.011005232657469555,-0.030836974063150335,-0.003618943018974252,-0.01860797073385556
2021-11-17,-0.019616895778615362,-0.018434260958429594,-0.01882112695269711,-0.007963595950785218
2021-11-18,0.008659064202840572,-0.0020579204070007018,0.009927557696520761,-0.00038232357816736506
2021-11-19,0.022853887024995245,-0.013148136718162284,-0.005664721734213063,0.001147197462833649
2021-11-22,-0.0029488512805703193,-0.014106235535306988,-0.028317876930544328,0.031703642605630744
2021-11-23,0.006370123254074267,0.02490727022409378,0.02138299596593929,0.027952578007552464
2021-11-24,0.007799281472653297,-0.0007754580701681002,0.0011819390222220783,-0.0009005070467521525
2021-11-26,-0.039591815429585564,-0.03648146231038951,-0.026812851954510664,-0.018925594553645397
2021-11-29,0.012962754244480124,0.019871150923532976,0.03205710863426181,0.028109625973120833
2021-11-30,-0.01360387749869496,-0.023696484987923427,-0.017797468485417967,0.004109986715044478
2021-12-01,-0.0071294848107631426,-0.022923732607528224,-0.018803368011137356,-0.01637324730350398
2021-12-02,0.012124742623000673,0.024013190520090433,0.02247394223112198,0.0432423585942443
2021-12-03,-0.007559849222286252,-0.014555115486443282,-0.008689679490897717,-0.05463046244786529
2021-12-06,0.016524058845941214,0.02215547859287703,0.010140686308182323,0.024215510457742173
2021-12-07,0.00023055742342137364,0.037463084924809875,0.01786654294040546,0.036002352841900453
2021-12-08,0.012217606152056915,-0.001289675484446251,0.00819116468552994,-0.0034578835816793108
2021-12-09,-0.013892023038479029,-0.006456809813895847,0.013430607609208556,-0.010062513648507188
2021-12-10,-0.010854487797593793,-0.002599466048172294,-0.010798367320957292,0.0024537525775039093
2021-12-13,-0.0007003928479102361,-0.01928552347886281,-0.01521675279522261,0.007517268477404082
2021-12-14,-0.006074771405057411,0.008769463489671336,-0.0036947581614310554,0.007808469655357975
2021-12-15,-0.017512947966576542,-0.018703866884125397,-0.0374243820998762,0.003099283377202555
2021-12-16,0.02895078600263057,0.027650702564727014,0.02206649293639984,0.003261141217717922
2021-12-17,-0.002209051712189658,-0.007314269372712956,0.00034281355125886925,-0.0030796642779995498
2021-12-20,-0.0006990870751790723,-0.015263119819386772,-0.016444050309597613,-0.0008578777460958031
2021-12-21,0.011660380749123567,0.04703360530443934,0.03169633120004067,0.02559259049817908
2021-12-22,0.01187190469412025,0.0245024627280368,0.0020256762305808085,-0.007703916527320942
2021-12-23,-0.0005695539674381855,0.024663398495232025,0.01415082478272578,0.011307985206316706
2021-12-27,0.017779819277959685,0.020909635330128795,0.018438582914914514,0.006174907615959846
2021-12-28,-0.010078404200694946,0.0,-0.0040776090257781394,-0.011112923192842294
2021-12-29,-0.004072426600522205,-0.00023856328950022654,-0.002947946192391915,0.009895949733394582
2021-12-30,-0.003975448410540983,-0.008575268258284252,0.005748894168131402,0.0008303283792248095
2021-12-31,0.0160793469206999,0.002642919686855816,0.007839365049806757,0.0014937190218862195
2022-01-03,-0.009090839032188547,-0.005990882411412768,-0.004861336089882484,-0.00016586410237950933
2022-01-04,0.01166606429680761,0.01615233944809802,0.01905216524651898,0.01624148749116583
2022-01-05,-0.013770728028681956,-0.011150658377803824,0.0007989716164256144,0.011904524098786284
2022-01-06,-0.012827780211252526,-0.027591079518404782,-0.0012774570424701759,0.001128256835596364
2022-01-07,0.012649454395428528,0.03330863440415577,0.028777084748633053,0.03605933629835789
2022-01-10,-0.013286353554781583,-0.006208225153294333,-0.007614613347213139,-0.01880059132329681
2022-01-11,0.017493321590850375,0.03291679100217615,0.03366738450307283,0.021219348282120576
2022-01-12,0.03246246680315745,0.05024441809858993,0.04847745147112259,0.04124662580736538
2022-01-13,-0.006573227203287457,-0.014889176500324841,-0.017916554713999222,-0.0007445959223777443
2022-01-14,-0.02701807343271334,-0.005639299764326089,-0.0025009726477014382,-0.001937425013061378
2022-01-18,-0.008047160778703266,0.004764278818717882,0.01106208139819298,-0.00776457813656084
2022-01-19,0.019766949104061515,-0.004741688094563878,-0.0021884489427823617,0.030549164976367615
2022-01-20,0.025546182893252167,-0.02019079986321637,-0.005701489383165281,-0.006571292411909568
2022-01-21,-0.013984514487764499,-0.050937614093958805,-0.02573153628478453,-0.04498004165856695
2022-01-24,-0.024265913786992832,-0.02512792957689769,-0.021732615477274342,-0.00554095904291918
2022-01-25,0.009084706555076094,-0.008258163096101612,-0.00277701967194266,-0.011298592685767939
2022-01-26,0.01384201546184527,-0.030280139993576594,-0.0004639268562847132,0.00923592657175032
2022-01-27,-0.02031297751862804,-0.0346085170211371,-0.00990564976105024,0.020629885436141082
2022-01-28,-0.02492638360570576,-0.028571500576297204,-0.02188547791426443,-0.0247720466641419
2022-01-31,0.0034859090352497013,0.032741672798034305,0.021096640858053073,-0.00888263852714033
2022-02-01,0.025706360619212498,0.048360792530445895,0.01987780179490617,0.02232701028976458
2022-02-02,0.013998707619468309,0.009482455597512818,-0.017342070308386637,0.0076899674102777205
2022-02-03,-0.005455437334298874,-0.030210554658439692,-0.013274859689650365,0.003357693501764958
2022-02-04,0.0038061567457168266,0.005758776081035588,0.00047479993622601135,0.006388805842928225
2022-02-07,-0.0049068441952268005,0.012493708389001545,0.007277445457056553,0.03461306113702145
2022-02-08,-0.00044835409691967865,0.04447288768204838,0.030626599050554093,0.010372519685268866
2022-02-09,0.03161795627982111,0.0721141474241811,0.03352627105591477,-0.0037594337464115224
2022-02-10,0.012389888502715829,0.008035193927293127,-0.00914173894886583,0.015094401245656641
2022-02-11,-0.03274281967159409,-0.02527915807919323,-0.00044639671153945404,-0.014726827038534673
2022-02-14,0.0005549516441620828,-0.00817739910724491,0.002115632396523459,-0.009432680661271342
2022-02-15,0.005324390481537211,0.028739465459923785,0.015382261384705442,-0.010840835222812317
2022-02-16,0.0019861638825646732,0.01328148962838882,0.019308091893241786,0.017920624709152122
2022-02-17,-0.0034137359552007807,-0.023503057631713897,-0.019816590206754192,-0.011785380798933098
2022-02-18,-0.0012155395588839824,-0.0043969614049202965,0.004757060883243458,0.020907083437379015
2022-02-22,-0.0021019029385493937,-0.01534162193227806,-0.01020876069260801,-0.008653026836828781
2022-02-23,-0.006319307907376448,0.0023604900207230273,-0.009715991265371149,0.0002909975329310477
2022-02-24,-0.00613637212428042,0.02967527377739021,-0.0030187238635197566,-0.034367459157734315
2022-02-25,0.0040413394477831766,0.05992666003771685,0.04148364912424829,0.05606297666640159
2022-02-28,-0.006149407834801113,0.013163735329424053,0.008722125911914791,0.010885839034519229
2022-03-01,0.031949645480770394,0.02044728534090834,0.035163503455238,0.010473432097298119
2022-03-02,0.015044100027987506,0.005217995581032975,0.01503572163460265,0.05065697662451174
2022-03-03,0.02491680315582112,0.01931095629910451,0.03181994696079138,0.014311602021785497
2022-03-04,0.03300844316044249,0.020777859253625186,0.01821091483388959,0.0016436702177136109
2022-03-07,-0.041996304100799686,-0.059069932897938604,-0.03028729221622961,-0.009846780416919887
2022-03-08,-0.0045531787527346435,-0.010180534641881511,0.007404540887238298,-0.039088471834162974
2022-03-09,-0.029039438658026717,0.006856829282632981,0.000534430618088555,0.003881050602996483
2022-03-10,0.01741886925238334,0.015322194485885454,0.0057433750257140925,0.01961636907843034
2022-03-11,-0.0059221872793787655,-0.016348598091503352,-0.016334742342132835,-0.03735436783172397
2022-03-14,-0.02242208888136854,-0.05135309197421978,-0.06129336196225754,-0.04463886997602484
2022-03-15,-0.002437602222795654,-0.005390790785672284,-0.01596417597651023,-0.010841419233272198
2022-03-16,0.01921574775458068,0.04832885659459518,0.029961775646561106,0.03180004150268534
2022-03-17,0.022340881834904458,0.04674723218585397,0.03703714672846692,0.015858572264561
2022-03-18,0.008527969415731418,-0.010496001911512676,0.016830889250231573,0.013254860263757662
2022-03-21,-0.00613048957429696,0.02974200541455496,0.0371416109532714,0.04127895249643321
2022-03-22,-0.002658685404107186,0.007069376762746105,-0.006747086070122421,-0.00851473050523166
2022-03-23,0.015674915234036524,-0.0010029963517250717,0.013324842546698079,0.027171698567728386
2022-03-24,-0.0070340617436310815,0.032925303602472145,-0.005930295364542815,0.017954933685322194
2022-03-25,-0.009092878075695365,0.00932928762642149,0.007132664634105446,0.014406897907781602
2022-03-28,0.005975321285071056,-0.031965984612727816,-0.018027413150807026,0.0033182854392470595
2022-03-29,0.0005302461315146445,-0.003580755332357688,0.0022293146951901655,0.0005291641240467992
2022-03-30,0.004876548558180538,0.01377514988444073,0.0053644332311237886,0.03292357068784102
2022-03-31,0.0007384712960030182,-0.020480466772727635,-0.012233403969624579,-0.011136610655878454
2022-04-01,-0.012755670370909522,0.02452743310410299,0.029908053387355915,0.02653706151594637
2022-04-04,0.02007481939251199,-0.0011774241835748045,-0.0021748432991451905,-0.006557297274281115
2022-04-05,0.0030356251697731818,-0.03555955521085685,-0.04846160296964841,-0.020309743709960415
2022-04-06,-0.012001646188014803,-0.02098206873479147,-0.01791965343534696,0.00181378189906245
2022-04-07,-0.008133480959605643,0.0087387911431962,0.007408498754057247,0.00038802752719391265
2022-04-08,0.005324732186628767,0.01010760476490713,0.005447362233309994,0.004137057921278053
2022-04-11,-0.01938555286391741,-0.025525899457709667,-0.003928082047444326,-0.022788616072357826
2022-04-12,0.016311982649452883,0.005867539849189196,-0.0020397055981704604,0.014887933340363757
2022-04-13,0.0006377088785476381,0.03301981190408054,0.016487306009500324,0.014280114776567876
2022-04-14,0.00212454415804042,-0.004855386561292807,-0.02426271261125168,0.0002560483623386123
2022-04-18,0.01674793217246684,0.03212047621248426,0.005907298212112222,0.002943056303264857
2022-04-19,-0.017097535171463063,-0.0025606922210144045,-0.007374850554652368,-0.006634264735012496
2022-04-20,-0.013682717182675441,-0.014612795022347691,-0.012245531951413646,-0.012329875904697807
2022-04-21,0.01161413099438513,-0.09919838019329574,-0.050424869244826476,-0.07074132430141333
2022-04-22,-0.025725484932310083,-0.06763085595652829,-0.029778580750027595,-0.04855852923487203
2022-04-25,-0.02913259132303092,-0.006203783341866553,-0.02797089052578028,-0.030739868412743343
2022-04-26,-0.002022887112417049,-0.035294085596116465,-0.03453106228496983,-0.025037994122674823
2022-04-27,0.0032657975128216332,0.0375809933462512,0.01369436423330006,0.04560318042153444
2022-04-28,-0.009204257354392564,0.003598108329733618,0.0012713345643105,0.01384335591744179
2022-04-29,-0.004191651054800349,-0.030831958951805016,-0.011587327341865628,-0.0165908027694065
2022-05-02,-0.0317406465868495,-0.009124537854344972,-0.006423636740630512,0.006270690008570723
2022-05-03,0.003642361472945721,-0.0007467464487184161,0.014385011068400733,0.007121574346728998
2022-05-04,0.013462862746814297,0.02864273596613831,0.034576120385746645,0.020477180584485666
2022-05-05,-0.010049658926742366,-0.040193736104077615,-0.03603881405382181,-0.050238052002522515
2022-05-06,-0.005484239557655313,-0.04439978535557865,-0.018852800421485738,0.0009119815718328095
2022-05-09,-0.0160741625865376,-0.0623017975702681,-0.049340433652099946,-0.05634032518071275
2022-05-10,-0.009181930270551919,0.015484157147081623,-0.011476495523891295,0.006115406046242056
2022-05-11,0.013960786528228297,-0.004435777066531532,-0.011609898977744337,0.003998713981433033
2022-05-12,-0.025519305367414757,-0.04372020620841621,-0.04102401153845803,-0.012585687618463681
2022-05-13,0.0183922073308862,0.020384339832854037,0.006581507781574736,0.02516927486786802
2022-05-16,0.00382724408313595,0.0031390220619751386,0.0022299750864789303,-0.0011014464462021367
2022-05-17,0.010246687251397546,0.07083943985692986,0.056369469292408825,0.03277132116038395
2022-05-18,-0.013562893015266475,-0.06110518365716611,-0.019132717410585642,-0.026392028955153246
2022-05-19,0.0246292881991359,0.039049059412973985,0.04169635872374067,0.03212157354904033
2022-05-20,-0.0009334212894834826,-0.011165623115247936,0.014602318564041594,0.022013069299249954
2022-05-23,0.015533685575748857,0.05618317615195756,0.02370467815831212,0.02049901602927795
2022-05-24,-0.005060341975886007,-0.022685845328450527,0.00975849763622505,0.004512356551628072
2022-05-25,-0.01121259066162028,0.009338236915958698,0.0,-0.004636953031494029
2022-05-26,-0.0051437540853640495,0.017446491018053845,0.00212961007694501,-0.00407623521378897
2022-05-27,0.01151581317487027,0.030137776664090676,0.025825239496323205,0.038152277473588514
2022-05-31,-0.0020910373446373365,-0.014375687075158128,-0.015615037614422511,-0.005069082255480417
2022-06-01,0.00814897480567911,0.014329336232535406,0.0033991092232841247,0.013303281203465467
2022-06-02,0.051732097242185304,0.05247236207720918,0.03887731980110254,0.05586923713890912
2022-06-03,-0.016798405935648963,-0.009348004877304361,-0.014906853132919728,-0.005041592931336658
2022-06-06,-0.008486902766113524,0.03508326916724358,0.010088189267285497,-0.004768977019792842
2022-06-07,0.0,0.01425923119186101,0.012640660572068585,0.036388105234581136
2022-06-08,0.004279773403795817,-0.027425839363661386,-0.02450309703509901,-0.023407000428245173
2022-06-09,-0.015588195785480319,-0.039810430272232855,-0.0347551855332352,-0.03417658466420592
2022-06-10,-0.02005008474207992,-0.007650632388803924,-0.016202929015526446,-0.027573557640349078
2022-06-13,-0.019646666003684587,-0.0756029732280874,-0.03959412260860895,-0.04206045259406521
2022-06-14,-0.013043953723780088,-0.009416228297309814,-0.009007364676133722,-0.013813552231359605
2022-06-15,0.0014417979081269294,0.00217271146598641,0.007691071681643846,0.0330165191802283
2022-06-16,-0.013317343794497893,-0.05501347903377951,-0.025151916475489533,-0.02808710205174547
2022-06-17,-0.022981533344566207,-0.03011194707630993,-0.013345108987490084,-0.04069106149178148
2022-06-21,0.006347305048076679,0.0062096291129671854,-0.0023444323306105463,-0.0006924251326582143
2022-06-22,-0.022631777709686274,-0.0796358639151834,-0.04464939337099094,-0.036555854583687264
2022-06-23,-0.048842172026775765,-0.05587490740650891,-0.06263003079206342,-0.015464834024199403
2022-06-24,0.00039906644713250117,0.04802177272450692,0.03956369452290942,0.028675767395170082
2022-06-27,0.005053205705838559,0.0009681920660817855,0.0017477922387474365,0.02414783448801394
2022-06-28,0.0013230685272023202,-0.007737064818273187,0.005427329894766464,0.008841852868826772
2022-06-29,-0.0013213203298594323,-0.015919390922624732,-0.00809704948342882,0.0
2022-06-30,-0.017068031942663486,-0.03400471308613218,-0.031875646981198935,-0.03454191687030761
2022-07-01,-0.025710053478420924,-0.00205052684849516,0.006022866324103537,-0.03648998426382366
2022-07-05,-0.05360597070224982,-0.0664384485591214,-0.04490120308810719,-0.02198417627804461
2022-07-06,-0.002043786738650244,0.004402161232602175,0.01880497683363469,-0.008311219950429272
2022-07-07,0.04798128588529216,0.06720228547003138,0.05086124462868913,0.031238012443685736
2022-07-08,-0.013958668921459472,-0.0417522077967466,-0.0019516237596531871,-0.021241219254946375
2022-07-11,-0.026755397257862357,-0.03892861567460981,-0.03695720041030515,-0.035289578176813885
2022-07-12,-0.04101819125088779,-0.022668219976923254,-0.01807129913505956,-0.018192517901975624
2022-07-13,0.008797222555518847,0.00532333628406545,-0.0024811895369414305,0.001992530343008392
2022-07-14,-0.03458126872379852,-0.04564459940994381,-0.04767845812053173,-0.04076352964860108
2022-07-15,0.007475449124386246,0.029095068918608247,0.022202899539326637,0.02135151398891111
2022-07-18,0.03509046859331777,0.06196755012604527,0.018313462004134307,0.02841476750218952
2022-07-19,-0.016875733931136394,0.03938743538937439,0.02634891251178062,0.003947123329499647
2022-07-20,0.01154484804374345,0.002455914284979155,-0.012021069173568488,-0.00019669178545944632
2022-07-21,-0.008259472743696983,0.011900489633966727,0.015467098477372154,-0.001966189133485896
2022-07-22,0.014082364303583894,-0.03977845963604343,-0.023761319391481406,0.006501355792122077
2022-07-25,0.0007466200419563584,0.019092206627778108,0.02371533306794049,0.03386171321250808
2022-07-26,0.009400137871534708,-0.012725315040283514,-0.0075186617094908925,-0.0018930502692310336
2022-07-27,0.01389509850158932,0.04869315894407045,-0.010647289642327307,0.01365687145231953
2022-07-28,0.013267181883442003,0.018436489348610863,-0.009105706999679497,0.01085338703028249
2022-07-29,0.03136696661439986,0.05765983123589424,0.0401001108577681,0.018881911830665565
2022-08-01,-0.008928589247242602,-0.04976231030690681,-0.03755015254042593,-0.015443284031011806
2022-08-02,-0.0077421599756426485,-0.021681146525237116,-0.02378441166670775,-0.021590811915469854
2022-08-03,-0.015605002129498446,-0.02182044489506152,-0.007053010773355295,0.004338055271253083
2022-08-04,0.003891043364212088,0.002439720292409797,-0.0034439437686080154,-0.0022535648513501982
2022-08-05,0.020097597599139316,0.05250355886931324,0.024838113622585256,0.023903756275314603
2022-08-08,0.009710138567295523,0.011562605370390555,0.0037935514705214057,-0.00036768313814694586
2022-08-09,0.0013936936277145762,-0.018615283762716928,0.004198889671940265,-0.008826858498008905
2022-08-10,0.017536524498844797,0.044925018031957586,0.02591327209202232,0.019109585015172792
2022-08-11,0.015045839894110902,0.008598899048850805,0.006211449457871554,0.0076460706293732805
2022-08-12,-0.009297906921977961,-0.0015788267989849114,0.011934132384754381,0.007407280210392164
2022-08-15,-0.012785682329175652,-0.03542067644426383,-0.012200143477613778,-0.018292615188107986
2022-08-16,0.002066666671046491,0.029180288906308638,0.015232524882602183,0.0590062189599454
2022-08-17,-0.010587057171813408,-0.03631717205741003,-0.023520011901559057,-0.02449546884277276
2022-08-18,0.013479727728372026,0.032396511735090394,0.026162903071766497,0.010256498162494854
2022-08-19,0.010146699506293988,-0.024975820715118502,-0.020639332157834867,-0.006651570141524288
2022-08-22,-0.003529255127552755,-0.01937609689206332,-0.014669587115056615,0.009867894252076015
2022-08-23,0.009263021256050497,0.06463502841936508,0.035437488745576395,0.025824523767778107
2022-08-24,-0.01187742227840638,-0.014784621519418284,-0.0030378441923673005,-0.010886308183994609
2022-08-25,0.01365932294465333,0.06098364907654563,0.028438000975813837,0.030610488279869896
2022-08-26,0.000269485923794166,-0.03129735179192272,0.014615943387384034,-0.01752042575519075
2022-08-29,-0.022901802441922747,-0.021435264379985663,-0.03114665344932266,-0.017323464850375836
2022-08-30,-0.022473408915060333,-0.05523801775568016,-0.044806096620901514,-0.04251634925160919
2022-08-31,-0.0074753134212237615,-0.005376324431442647,-0.009886380815034679,-0.009205827031169234
2022-09-01,-0.029558075572826303,-0.051013389823690414,-0.036116558915340935,-0.029383032218725957
2022-09-02,0.0020500716023816867,0.0074757130236806635,0.007053095591777581,0.006615861719516891
2022-09-06,0.01388283909529564,-0.006360196768209314,-0.012256496189656407,-0.0071699169267280816
2022-09-07,-0.008936332206898934,0.009245954733597461,0.013295096979266674,-0.017051241199562805
2022-09-08,0.02850495946017273,0.07892896119467108,0.0345505101973107,0.02836739552421874
2022-09-09,0.012726265872180731,0.05062033070837857,0.03994929095002209,0.058543365735939545
2022-09-12,0.012426660988829275,0.0,0.0071138348990065214,0.02249728494638159
2022-09-13,-0.012274134480706134,-0.03481498219250734,-0.027043281959400978,-0.04327112229471275
2022-09-14,-0.009913445602449,-0.03285027508625038,-0.028002702025070714,-0.0030662940043223452
2022-09-15,-0.00620506956368827,-0.008324848072059354,-0.0021337840639350514,-0.006535862608932463
2022-09-16,0.010642867437644865,-0.015110979351909304,-0.0017109311845190378,-0.01412537570883221
2022-09-19,-0.0009829326180642584,0.039550166010489995,0.025064166020615897,0.018449335794194832
2022-09-20,-0.002670355190414475,-0.02525423761292689,-0.011076418927475573,-0.008479455952482007
2022-09-21,-0.010146564927969393,-0.05450882194710849,-0.04141997398547148,-0.027988287718599625
2022-09-22,-0.003843956401443638,0.008896912100117449,0.004629799617114072,0.02399512693317507
2022-09-23,-0.03630129755993905,-0.05890650958017751,-0.046521908875507556,-0.0456943133892691
2022-09-26,-0.017203051305217043,-0.006746685784906781,-0.014729523611891171,-0.028647228262243196
2022-09-27,0.0028670671225845545,0.013962121190810528,0.019154169834975088,0.021697836241013846
2022-09-28,0.0177550454623987,0.03684435665063712,0.024524450823610433,0.0336082263059303
2022-09-29,0.017149641709462538,0.011126907344568782,0.002237301347250087,0.005784969676288609
2022-09-30,0.0005813532000693566,-0.02981900515918401,0.0008927394665401156,-0.00753657831582577
2022-10-03,0.004648469736424854,0.07354550732116372,0.06467437865954939,0.03237406125759246
2022-10-04,0.017351053712921338,0.04907991805684886,0.0240887252978641,0.03039099130582934
2022-10-05,0.004121700286420893,-0.008771974035836627,-0.005317874556287738,-0.01202323607389999
2022-10-06,-0.01627745888519727,-0.02261557017348359,-0.006786142993077227,-0.019395320575859243
2022-10-07,-0.017985612004386087,-0.029175072052437412,-0.008074251331821158,-0.007562525571404466
2022-10-10,0.012014689798730771,0.01070824725515429,-0.009184009048671338,0.0007815297742517213
2022-10-11,0.007094221212812224,-0.00273399419434206,-0.004002409250815631,-0.021280854853995668
2022-10-12,-0.009631959990646921,-0.01165198591929717,0.016708815900561946,-0.019748607363000215
2022-10-13,0.0066773122691607956,0.02335306702076645,0.014146072712285074,0.02238514921676038
2022-10-14,-0.004902656117071302,-0.05858310980116044,-0.03528208397968091,-0.038415693021291
2022-10-17,0.0014490294176947582,0.04269182464729915,0.013183230575990246,0.031049513776879145
2022-10-18,-0.014180230928289683,-0.011450421228986762,-0.006925806327741646,-0.010439685505574059
2022-10-19,-0.013503596785447103,-0.00456305461483153,-0.019230674656489755,-0.014607487761078009
2022-10-20,0.02693047918763014,0.026798314652122235,0.015944854600316694,-0.006588396830729759
2022-10-21,0.020863525708549213,0.09993115909311157,0.03457073498921526,0.04165798071424964
2022-10-24,-0.012347416000762834,-0.03059626744572186,-0.06068083792011225,-0.02487067781323926
2022-10-25,-0.008334543298752384,0.019967975948524952,0.03339169371822037,0.013466607723196411
2022-10-26,0.05187651071560406,0.05273129330140036,0.038859543896194504,0.027984747373697605
2022-10-27,-0.0011020660141286553,-0.01799643551969099,-0.017076432589848478,-0.022718324526709188
2022-10-28,-0.04399390021957128,-0.016493526480476195,-0.025646719564156317,-0.04749497184499352
2022-10-31,-0.015147146082898355,-0.015838586232161056,-0.002971522529727544,0.006101513302345873
2022-11-01,0.02812361334297475,0.03818250468173967,0.0647221813664296,0.03722276575826622
2022-11-02,-0.001139748816399,-0.05744693164546166,-0.04039202597545266,-0.030846773383768733
2022-11-03,-0.013978041278685294,0.017736125877786835,0.008543438487490063,0.005408832892113802
2022-11-04,0.07464194792907963,0.11501910956331685,0.10950408723558969,0.09745499979618755
2022-11-07,-0.02288330576976183,-0.021028696091668353,-0.012290371584905646,-0.0047134578063686705
2022-11-08,0.02093951702484076,0.02931773127926296,0.02950105824867033,0.010608059320733387
2022-11-09,0.009715291983466878,-0.04032672949352245,-0.013865565178443062,-0.02343034799943966
2022-11-10,0.014566378308579653,0.07992929600618548,0.053993110533058,0.044913743665382366
2022-11-11,0.04083244763804195,0.03510184733131494,0.07417301752577421,0.06631167594464848
2022-11-14,-0.02429763521474415,-0.003943265284144126,0.001490196847444114,0.005856942916636854
2022-11-15,-0.004020770061701873,0.005278536841849091,0.002645554248435378,0.022264081161119442
2022-11-16,-0.01341316428248085,-0.018640069667160364,-0.02176780491295438,-0.016920669546458766
2022-11-17,-0.026003170690074517,-0.02728734747915884,-0.012474698878170876,-0.0013633574247716718
2022-11-18,-0.015584800791734521,-0.0005498999475346267,-0.009559492375391887,0.0023891138483309593
2022-11-21,-0.016657463394345373,-0.005778891174290757,-0.013271488995984404,-0.025536218534192412
2022-11-22,0.012039754186210283,0.047882682634661444,0.03877717254211421,0.026379967435729235
2022-11-23,0.000829996110897957,0.004754288192405864,-0.0020176167906820197,0.021957580176552804
2022-11-25,0.0024878574589752844,-0.02339667925239286,-0.009435545061631356,-0.005996028013022903
2022-11-28,-0.004411910791673912,-0.025841028418765122,-0.019731188628108964,-0.011729247677784271
2022-11-29,0.005400918609822503,0.036474298126009996,0.029498518827014486,0.031027487096681794
2022-11-30,0.027410451166753447,0.06105048798670443,0.028484922868015072,0.03272481387650639
2022-12-01,0.02265714833483856,-0.005778976968290661,0.00721072258040234,0.0035032468567004482
2022-12-02,0.00891456719431516,0.01642671595042766,0.008297775622787329,0.006505887170359825
2022-12-05,-0.015202715889941376,-0.03381425273114658,-0.02146189331787629,-0.01497712231793491
2022-12-06,0.005805534872059592,-0.01029345140542759,0.003628141407696406,0.004161301981820964
2022-12-07,0.011543987804778943,0.002340268152164704,-0.013638097133713667,-0.004622258475598828
2022-12-08,0.006484268053103648,0.03398182878983769,0.023821694792177883,0.016333065227201793
2022-12-09,-0.001159683182541782,-0.031861484347117,-0.01285402135220326,0.008035221919829194
2022-12-12,-0.01999480596873171,0.007514859157416787,-0.003131808015110038,-0.013910576653549889
2022-12-13,0.010793705071734605,0.009773691296147469,0.009755345833407203,0.004279724295655818
2022-12-14,0.00924600860778324,0.004330213631428048,0.0036024472631488447,-0.014993738081603092
2022-12-15,-0.028903222853137622,-0.0324625867269801,-0.022842060843822787,-0.011857077221562484
2022-12-16,-0.0003986525897275994,0.005504505797551351,-0.00217078704634166,-0.007945562170615927
2022-12-19,0.00571583445491175,-0.026068786820711454,-0.004016104353061434,-0.0058842288094279604
2022-12-20,0.003832911116696369,0.011777092624073449,0.01495294867047603,0.011838188590820531
2022-12-21,0.002238340860287069,0.017195800159427677,0.020029966161805968,0.018199454837170892
2022-12-22,-0.014319522616595637,-0.02028599895351746,-0.01233365733188474,-0.01994879392004456
2022-12-23,0.01372786445647578,0.011414893695131267,0.0032861640883692367,0.01042163115472472
2022-12-27,0.00801996722700582,0.020472457181983206,0.018342450544760025,0.011120148401826402
2022-12-28,-0.00039125898446557006,-0.02571992552946023,-0.018012065130887822,-0.015938839361946844
2022-12-29,-0.002870542258541886,0.011351397226098126,0.011955319470552839,0.008098464524930682
2022-12-30,-0.004056547569278646,-0.008091902990915334,-0.022657298971462736,-0.003052724256589312
2023-01-03,-0.0103797129880141,-0.0021051972009749065,0.020533206054106135,-0.010475385273972626
2023-01-04,-0.007036640047901499,0.028480911297828815,0.025799069276775333,0.022312787557617897
2023-01-05,0.020992119658773678,0.02153845552967515,0.02562495182943758,0.008921449924982117
2023-01-06,0.023703477233118164,0.061245126093971924,0.03948151740014483,0.04279170879315952
2023-01-09,0.028143762653310533,0.013008449500294228,0.026409685332906996,-0.006359741915277772
2023-01-10,0.012069195677673061,0.04389444682892929,0.038161110503480256,0.017677431768481355
2023-01-11,0.021514653861589572,0.013643579265862238,0.02353113692354314,0.007786906546779715
2023-01-12,0.007582106778926789,-0.0015498855651461252,0.0297917195336177,0.025111293763898423
2023-01-13,0.0051361947664556595,-0.0011083872902916125,0.01796585741322909,0.004203451007288139
2023-01-17,0.001782572001277849,-0.019978075482879,-0.02141188143714312,-0.02193981530857081
2023-01-18,0.003202784412142945,-0.0052093584390981995,-0.000928153265106535,0.004427213492410376
2023-01-19,-0.00047294669358499686,0.005008950141734081,0.010883970429408585,0.012048224118928363
2023-01-20,0.005205213720409496,0.02877205362038615,-0.014574591037720852,0.008420585269689695
2023-01-23,0.0012946491203456034,-0.010129627096096994,-0.010925967214449606,-0.0011518318600822752
2023-01-24,-0.0019981426442491346,-0.008008937215951306,0.015761748423986477,0.005477063842011409
2023-01-25,-0.0012955638926399615,0.04597429777356021,-0.0009285760187839331,0.014334966856846432
2023-01-26,0.006368025637645935,-0.025514620863883564,-0.007035655778968919,0.006783397087873011
2023-01-27,-0.010077389091504019,-0.013861367687528214,-0.002941196020717074,-0.019090398443088574
2023-01-30,-0.004853263072100211,-0.01874163761466663,0.00013412091136522086,-0.00300519637453045
2023-01-31,0.0059474477441578966,0.014552141828877652,0.008312078655940747,0.006889716184361072
2023-02-01,-0.027787591678528845,0.004258201158257258,0.042015772426655884,-0.0007127509080095962
2023-02-02,-0.004135295089238489,-0.02454821232166371,-0.02883784421014557,-0.03637653926393203
2023-02-03,-0.007571973994087822,-0.012582904820759633,-0.005780849040860403,-0.006957827367366942
2023-02-06,-0.0047994719700626964,-0.0048655480651759175,-0.010836446563024849,-0.01580220416982625
2023-02-07,0.011128991440162661,0.017229235338964477,-0.0012024318689373148,0.011966201811711263
2023-02-08,-0.011006500193720514,-0.015335211244937641,-0.004547921862951498,-0.0038916054461138883
2023-02-09,0.015333319024877223,-0.0018595164699963806,0.0005376370209126957,0.0019533713417194676
2023-02-10,-0.018998919610520915,-0.013507377768349538,-0.011684347192447153,-0.010497856967769392
2023-02-13,0.014773367683761363,-0.005901823647001647,0.015567031775055806,0.011518601498055725
2023-02-14,0.00562765865598891,0.02066037449431124,0.01383607577799495,0.006293104609108369
2023-02-15,-0.014111943030143403,-0.015588721232380975,0.01016862562695997,-0.00536035638149901
2023-02-16,0.028010887703203036,0.01063583572683302,0.007946880797614853,0.0049401077954969175
2023-02-17,-0.012363538208271407,-0.023854091686119516,-0.027069429112215215,-0.010278443283775918
2023-02-21,0.02929025092831994,0.022041123636524107,0.004321871972145397,-0.002558765790138917
2023-02-22,-0.007556987925079861,-0.02039381910693694,-0.008741275932365955,-0.03153770485779994
2023-02-23,-0.030814971178157124,-0.02871505073860048,-0.01940024605296342,-0.02103450820955599
2023-02-24,-0.028971282063289472,-0.017245615143707038,-0.014942062059216776,-0.03819826256553782
2023-02-27,0.013653578219862572,0.005515094171246959,0.018258464345008996,0.00033084072151123856
2023-02-28,0.022075337181810095,0.021441146067097794,0.016413681347656084,0.008602236215238701
2023-03-01,0.017205705055695963,0.04954840395758442,0.03338336038383982,0.03591927388582494
2023-03-02,-0.02015357633569881,-0.004186067514112879,-0.01195036662717286,0.029290662310798465
2023-03-03,-0.0014691581290749989,0.02125176528896988,0.04465715418387872,0.012921007860404732
2023-03-06,0.005517419756773334,-0.022867528799795034,-0.023282350602780277,-0.02748664093154174
2023-03-07,-0.02780150690073646,-0.0606129852216859,-0.05470884509782836,-0.028575908193193666
2023-03-08,0.013796580061484764,0.009964970617082125,0.03224447280703502,0.01687820974197396
2023-03-09,0.0032166302485712173,-0.03379385188613271,-0.021091812005151533,-0.011877544602026835
2023-03-10,-0.0022198300980265095,-0.032933327975086635,-0.013227653971552122,-0.010209145517275808
2023-03-13,0.0059325593927790354,-0.007127701773920192,0.0023493126190277103,0.010148084003902325
2023-03-14,-0.014498099447410207,0.01143307912681224,0.017647580251145323,0.004611373162091592
2023-03-15,-0.03839921347133646,-0.0665090562120032,-0.07790257461971839,-0.046229508890263005
2023-03-16,0.0075197833639653044,0.016615234648363897,0.006611730502280144,-0.010312842886002094
2023-03-17,0.007206309787194831,0.003601014897873789,-0.005838570790238529,0.00034727132064027444
2023-03-20,0.015842605116029418,0.033673807861298366,0.04257811970684067,0.020138926017534864
2023-03-21,0.010816184947802787,0.021628624546856656,0.004788079842352078,-0.009530234217521305
2023-03-22,0.012442501576701348,-0.010977369539313608,-0.0054660741654649625,-0.011511985181699158
2023-03-23,0.019048756467070938,-0.00132125404049388,0.005637174513773324,0.0013905915120238088
2023-03-24,-0.010733206728809619,0.005821462806398836,-0.0016817724408249024,0.009373308736622787
2023-03-27,0.0007313866968536864,-0.0007892699646988577,0.013756475142007396,0.003955324325130016
2023-03-28,0.0018273046646282154,0.010268614249891561,0.022154799736387565,0.021582562612602274
2023-03-29,0.0007295191076372998,0.027886508933864018,0.0260089319919945,0.019282540219646815
2023-03-30,-0.005953801835041017,0.019269566676094252,0.00039593781692381924,0.03454504623255894
2023-03-31,0.0034225496596100857,0.017661880445545286,0.006335322281511679,0.008268481492348156
2023-04-03,-0.010963479465040837,0.007088668316515889,0.012983231225806025,-0.009462248748362767
2023-04-04,-0.018721569048471776,-0.02281564681585857,-0.03146038800402495,-0.030727667672086234
2023-04-05,0.0036399906392203807,0.001490419743839233,-0.008020120000529207,-0.003942147176273392
2023-04-06,0.007003531016212428,-0.0007442494812250899,0.006737598815021784,-0.01121375278661041
2023-04-10,-0.009811226494806258,-0.003971030890368321,0.006023214871840876,0.006003986493809954
2023-04-11,0.009532138004914037,0.02491903769320669,0.03153280559762739,0.039622026672333055
2023-04-12,0.014908670486261322,-0.0002431327386246407,-0.001805740298890246,-0.005102833070643631
2023-04-13,0.00967076462175176,0.04832804377259281,0.04005671294229218,0.0049688598308743614
2023-04-14,-0.004000968936788474,0.004889389325421822,0.0006215075513167356,-0.017862864691807978
2023-04-17,-0.010103491365039408,-0.024096315536180635,-0.00720157740508276,0.009093805158669532
2023-04-18,0.005779627583845315,0.01994294966829324,0.023636768757993254,0.01947213124671343
2023-04-19,-0.004279233138101635,-0.024906870265505532,-0.002076924878703479,-0.009628998110428832
2023-04-20,-0.012279025149061429,-0.012652086021983533,-0.011875577995415054,-0.03235570836220625
2023-04-21,-0.010442520787528276,-0.041102628808133757,-0.02552316223686102,-0.03228471437297742
2023-04-24,-0.0067839071054127675,-0.0032779652065356712,0.010679812097347252,0.006297857224800474
2023-04-25,-0.027068077580306604,-0.04502909914008657,-0.04906276390193909,-0.03416781900221266
2023-04-26,0.0010400282234039882,-0.012450214169623885,-0.001323119579999199,0.022066603709188337
2023-04-27,0.0037662705202541336,0.00509657938383401,0.0,0.011994553591663015
2023-04-28,0.0014231698065900744,0.011742762587017674,0.01775111862901202,-0.0003386417799187136
2023-05-01,0.01214474706560309,-0.007385993084313869,0.0016917370899429685,-0.006605678841065221
2023-05-02,-0.017615523295296587,-0.027371608380038714,-0.0018191146542778647,-0.015515767087122323
2023-05-03,-0.004287940741335539,-0.007377146886891617,-0.009112149315741447,0.007966745992212587
2023-05-04,0.004828357293212626,-0.030553279862801763,-0.015370347027988007,-0.0003436457607859378
2023-05-05,0.005584444456829818,0.035491203574041785,0.05683802756995249,0.044860818501091915
2023-05-08,0.012010840085703745,0.0024678510823781252,0.009461439273534378,0.0013158764261991251
2023-05-09,-0.007401746808595733,0.0027350644738097785,0.0011401879101942125,-0.006407085739093654
2023-05-10,-0.01568523303102176,-0.011456589558639485,-0.057186303875153444,-0.013723458500427
2023-05-11,-0.03409092890816501,-0.04690940952898148,-0.06803566626605839,-0.033193789262543016
2023-05-12,0.005138621624007467,0.01302839285409707,0.0005761315098613551,0.011097727874464391
2023-05-15,0.005650452899067959,0.032580589416245864,0.040437628100245204,0.020065132644141892
2023-05-16,-0.022207343343362718,-0.02435623451272495,-0.039557375435120945,-0.02269662560601038
2023-05-17,0.02421672532587893,0.016169911565185213,0.022465192891992114,0.01737478691428196
2023-05-18,-0.01643068981507434,-0.0039085290190860045,-0.027042217995481677,-0.01099082518498462
2023-05-19,0.011136799744581483,0.0014017072848280243,-0.0028951940517976116,0.0006838103362061254
2023-05-22,-0.013028894537777669,-0.0030787933803769763,0.007404242090658819,0.0015376872258203722
2023-05-23,-0.008845952202201746,-0.026389640740057008,-0.03934277045854895,-0.015011859983517506
2023-05-24,-0.02416588197720526,-0.042387509294499526,-0.024452597695149625,-0.04035337970104791
2023-05-25,0.007598128855264008,0.012646628444743513,0.0024604842346160893,-0.006857953600741928
2023-05-26,0.025974075266493868,0.033898511723866154,0.031753345351420936,0.029801888441912228
2023-05-30,-0.004219427904455508,-0.015530606936522084,-0.0032710132954620885,-0.014999028890636423
2023-05-31,-0.00738106901729052,0.003213361032369022,-0.004027390801570996,-0.016481544850678764
2023-06-01,0.020793172837118012,0.032906334823585404,0.028905055857930684,0.027140268751508545
2023-06-02,0.0043167495465770145,0.04849156095177398,0.03260558778270228,0.04131937969063859
2023-06-05,0.01074545626077561,-0.004033099243033966,-0.00662526512044459,-0.01447553612859398
2023-06-06,0.0011959899547997477,0.018898311888078334,0.012487559043784957,0.015552094216342072
2023-06-07,-0.0033183031103339866,-0.004504549165371019,0.001962300435082387,-0.0006806256398704802
2023-06-08,0.011186591102570143,0.0071866815466967715,0.006434262732312845,0.021794634906525
2023-06-09,-0.001975486186448827,0.0013213784751537894,-0.009311910326851747,-0.005832343524990624
2023-06-12,-0.010161010879664478,-0.001847656726454927,-0.010521808581334224,-0.0023465083756392113
2023-06-13,0.02079724554545659,0.05288194156461734,0.03232670523754,0.03192197235001992
2023-06-14,0.0097949338683474,0.006027359738728366,0.012910512911873395,0.021328543050257887
2023-06-15,0.007889336281764248,0.0004994197450056692,0.005558989167468331,0.019926647240227746
2023-06-16,-0.003079708349196242,-0.004740728822624107,0.003775774800790277,-0.012660255688439537
2023-06-20,-0.0015446111263802687,-0.0122838383342454,-0.01719503093541941,-0.01282245681845895
2023-06-21,0.008379535577695219,0.009391004696361227,0.001640204247489896,-0.00673514837707756
2023-06-22,-0.005753014080839058,-0.0012573533702465722,0.007096153291617391,-0.016790389112026682
2023-06-23,-0.02121640258520907,-0.03398797285900901,-0.034552824432198426,-0.02610833159122883
2023-06-26,-0.005123493745521457,0.023455969650354014,0.0195083694902074,0.0040464270907416555
2023-06-27,-0.0013204479209194542,0.029029867456566327,0.010462932840484607,0.015113417622668601
2023-06-28,-0.016131193200628946,-0.029448348315364914,-0.03705753791418309,-0.017700599153466667
2023-06-29,-0.011557581755688662,0.0033150448655625553,-0.00028295929204247283,0.006567855953650614
2023-06-30,0.017267145440130527,0.016518333905056526,0.015284687276685194,-0.0016730955513144519
2023-07-03,0.01015774056425478,0.018999845550746963,0.015054153137612492,0.018770002220837023
2023-07-05,-0.006747832450856528,-0.038763497933987257,-0.026640812384664536,-0.02253673635759912
2023-07-06,-0.008924991679010508,-0.03241447136481079,-0.026523736661178687,-0.0272635106914777
2023-07-07,0.012634390046767807,0.019256125357232312,0.024202906576725747,0.00397927547197674
2023-07-10,0.001194624562885993,0.008799052720348755,0.0038203966910950182,-0.009650195514314563
2023-07-11,-0.004772670119853495,0.01872764968139462,0.016915829308665753,0.02244647592977267
2023-07-12,0.0235780000660597,0.025434468412111944,0.027585222935160303,0.033015668619150285
2023-07-13,0.022774621341404178,0.037219577687315875,0.05139604489577776,0.02685348291103984
2023-07-14,-0.0019086834113216655,-0.023764165471042542,-0.014883144121102143,-0.003690139517443014
2023-07-17,-0.02294745429499956,-0.015092667788882852,-0.011591449094545236,-0.015942037316916013
2023-07-18,-0.004175373787382974,-0.0012356709562922896,0.009882593875186307,0.0029455352583034333
2023-07-19,-0.004323898388700287,0.006434007819502652,0.001565612765419111,-0.01125798730844807
2023-07-20,0.004737498602243928,0.029997476278185164,0.019541747517580088,0.004455415678628727
2023-07-21,-0.0037983341739656895,-0.030556191727359683,0.0014053994700613526,-0.002135648139250157
2023-07-24,0.009860674024311233,0.03669041864758538,0.012760041828688395,0.012347754412997736
2023-07-25,0.016013496210786737,0.037767229651725076,0.05316880995659723,0.04390949150877832
2023-07-26,-0.0029471762917833155,-0.006408579388299196,0.005144121347250508,-0.016669149238909053
2023-07-27,-0.006939969138261337,-0.0027644969125414365,-0.0005950046852165602,-0.01711028610997578
2023-07-28,0.013847530845074951,0.007854012065435123,0.01488607023683497,-0.011444264930913217
2023-07-31,0.01978551580066301,0.023378512689979702,0.02605011595117457,0.021522966325911108
2023-08-01,-0.025284725029570243,-0.02015698737723426,-0.02916259490908213,-0.02713491810238533
2023-08-02,-0.016951324828972103,-0.02697135006234086,-0.03286624256671222,-0.02083673088464999
2023-08-03,0.012671409872578199,0.011275629278028942,0.020341218045125675,0.0025133557609171575
2023-08-04,-0.007997910085192239,-0.012543760598422882,0.0013127486497293006,0.0010029225007830433
2023-08-07,-0.008322513553119526,-0.005175004028030061,0.0021463484679871137,0.0008347278979521366
2023-08-08,-0.017046959831690134,0.009458350565544782,0.006982583395602093,-0.008508443754811745
2023-08-09,0.005202779523049594,-0.006090286292508074,-0.002869359873542643,0.0011778671276136965
2023-08-10,-0.004379561119956632,-0.001178299326913046,-0.0016786271808879594,-0.003025237857067542
2023-08-11,-0.00973073255587642,-0.022652356421530295,-0.013331538895331896,-0.006068690370701457
2023-08-14,0.002692149844329972,-0.005070087489194575,-0.006086483924239716,-0.018996029712413987
2023-08-15,-0.016915012689092124,-0.03300162171479093,-0.018371161651156376,-0.020401071530872672
2023-08-16,-0.002731118537694144,-0.021079150767052912,0.0018716280059287715,-0.018355117373899943
2023-08-17,0.009311220050849167,0.015637034705498154,-0.004358684726174622,0.010967301551533248
2023-08-18,0.003662997028031967,-0.019686997244429016,-0.033771182479969464,-0.00764715713755193
2023-08-21,0.0035144665746680293,-0.002832250549152482,0.01721663225217207,0.00788529990755693
2023-08-22,0.010371786551650164,0.0041313660746697956,0.008144816919590347,-0.015647140339928756
2023-08-23,0.014131442156842366,0.009513781527002108,0.027770673133363344,0.02926288331758875
2023-08-24,-0.009464970145179219,-0.021905167614540644,-0.030704955702190895,-0.02825556201033108
2023-08-25,-0.00199069234098892,-0.0018228054244805447,-0.014318213410795422,-0.002889600467817166
2023-08-28,-0.0015957558449171128,0.01643624170031921,0.015297320402265058,0.015576875630004983
2023-08-29,0.01038892777498357,0.031570728648459445,0.019498922050575684,0.021758563011869736
2023-08-30,-0.0021091212864169373,0.0,0.006706271799516106,0.008029172803831974
2023-08-31,-0.0033025224307154932,-0.006966876547934375,-0.00493472720764887,-0.0045020574599213825
2023-09-01,0.010603038157336986,0.03958912721033525,0.018348574377099025,0.013393607296917187
2023-09-05,-0.00039341410652538045,-0.016630575443910556,-0.03457506131922494,0.004119502485174786
2023-09-06,-0.016399894572821316,-0.009558711885930382,0.0035310518301931992,0.0
2023-09-07,-0.006002410962891114,-0.016085264908055508,-0.01357141115804772,-0.02636201049545539
2023-09-08,-0.01221149736782945,-0.01182095917066961,0.0028026720084670664,-0.007400752663455412
2023-09-11,0.024317334510753907,0.02087044612877542,0.02134152271589973,0.02764130610007931
2023-09-12,-0.004774505983420996,-0.001246453500639788,-0.013806092729678476,-0.00035379296559789886
2023-09-13,0.001066084328878114,-0.007988010559071612,-0.011603051223932681,-0.00584176058260899
2023-09-14,0.007055374428249328,0.0236538145638181,0.023478524975822035,0.03988598534337773
2023-09-15,-0.005023146929821087,-0.00762068233316282,-0.005485734292493549,0.0008562518419121812
2023-09-18,-0.005845642229717729,-0.004458667119361159,-0.001378862065261166,-0.003421862486920779
2023-09-19,-0.0073499705728443665,-0.03408795987552782,-0.014561986048836073,-0.007038584664469272
2023-09-20,0.008750680863506721,-0.0033490222440625272,-0.00789810681938452,-0.006396945193405501
2023-09-21,-0.021353242594482902,-0.03773562857024826,-0.024139543867123803,-0.031320758150665595
2023-09-22,-0.0002727849214119171,-0.0021488558876382458,-0.016710635093650117,0.01940015525534844
2023-09-25,-0.004365034169861337,0.0013459805112527867,-0.0030778246794785913,-0.011101363997915281
2023-09-26,-0.006713219319228858,-0.01693583319909031,-0.02469785639924349,-0.01995724533658172
2023-09-27,0.000551749920022937,-0.0005465842119800612,0.0019266879173265306,0.012727279780408551
2023-09-28,0.018610387174803122,0.02134070352391304,0.03022016400834171,0.026930028971896558
2023-09-29,0.008526215008709315,-0.001071762169090218,0.003866314668204529,-0.005594377055352706
2023-10-02,-0.025228153330402292,-0.017430886084134678,-0.017797828153306328,-0.01705355373080042
2023-10-03,-0.004542950529719869,-0.008187644063384347,-0.0064909244232119745,-0.0178858450075009
2023-10-04,-0.008712449980236792,-0.013208790697892714,-0.0017693305460436681,0.002367538957158244
2023-10-05,-0.010323710420953813,-0.013664080110755705,-0.02249794188890708,0.0052688708920649585
2023-10-06,0.02184948023807709,0.036754290291694636,0.0312458095182504,0.0292788986770518
2023-10-09,0.004966171137110953,0.004363343759328231,0.0033815496784550536,-0.01246705649281199
2023-10-10,-0.002882623045589394,0.012489576226214938,0.013884876941201219,0.015291487352642852
2023-10-11,-0.004955916194293253,-0.00375423506729311,-0.011700512411443098,0.0057793537090926606
2023-10-12,-0.005534028907757227,-0.0251351825406001,-0.026637858437438378,-0.014626437583320828
2023-10-13,-0.003895430436737901,-0.017188686799309294,-0.0029026251568462502,0.00017668335622089693
2023-10-16,0.0019552987797764043,0.011283221289258183,0.013446008900491968,0.02137816168534723
2023-10-17,-0.003205988872824417,0.017573368726287786,0.009848372523181048,0.010032819419092176
2023-10-18,0.0018179291571085443,-0.02384873069162885,-0.03684160415083737,-0.02123650382509845
2023-10-19,0.002652157079104933,-0.010671144118402975,-0.0032342019532816124,-0.010673687002978771
2023-10-20,-0.013782538758535967,-0.038319353509187803,-0.009593734559678824,-0.029890332807697928
2023-10-23,0.008752088770868749,-0.010921071408251937,-0.0004274932370371687,0.0
2023-10-24,0.010355427188980082,0.027156045447221056,0.015391503064092316,0.02497722922146428
2023-10-25,-0.010526279639112235,-0.01685062393992187,-0.02357913054817884,0.008004193299872897
2023-10-26,-0.000979838945981637,-0.003841770372950415,0.015380309772083933,0.0008823173764700432
2023-10-27,0.018355056805555936,-0.001186515809098676,0.012598910552224174,0.008286339278562593
2023-10-30,0.00426522564048093,0.010989071579948773,0.003495070152862212,0.006294820687987812
2023-10-31,-0.0021920529489821705,-0.007638164691427973,-0.012259679306574234,-0.008514303567666692
2023-11-01,0.0009611381971377231,-0.002072275186732253,0.014245309996712141,0.015247037418367748
2023-11-02,0.006035685734353535,0.03856422447435515,0.027117282917042074,0.018988496772410546
2023-11-03,0.0020452503762391494,0.003998940806447138,0.005415655505981221,0.0015245632064755377
2023-11-06,0.009525128844657837,0.00625905249376002,-0.0004039453085231681,-0.0016913647768296292
2023-11-07,-0.010648334627458733,-0.03703717766586123,-0.026491905347183486,-0.025245676512298365
2023-11-08,-0.011444156523158222,-0.013212236339767425,-0.013466187955018638,-0.008169670145941055
2023-11-09,0.00192942928388673,-0.011008221614206226,-0.00725147746015975,0.004205985745237006
2023-11-10,-0.014167835529877881,0.013236810098814722,0.012174301165598811,0.013438163159724681
2023-11-13,0.022045485755163075,-0.007422739753403351,-0.006933679147936855,0.00551056254190585
2023-11-14,0.005460745787656318,0.0520489239183799,0.05571376369207659,0.038705298622483175
2023-11-15,0.009504436366160274,0.023599895460987508,0.016466488573555704,-0.0008244864686753894
2023-11-16,-0.0034969768780473975,-0.012777838185566104,-0.0058424716210027094,-0.0036303059406210814
2023-11-17,0.00890808279859967,0.012943224615299842,-0.0016028071478642048,0.008777750440675192
2023-11-20,0.02006690264630917,0.018055662381639248,0.0010701004183610863,0.011492302909862362
2023-11-21,0.0005246146780546468,0.009549668471619865,0.01657112007490036,0.014770371824994522
2023-11-22,-0.012583587914200334,-0.002973156506851815,-0.011042547197347097,-0.004798486132528312
2023-11-24,0.007964946613608026,-0.0013550267530785254,-0.013558438358133529,-0.0033751560063294272
2023-11-27,-0.008955595991503196,-0.0067861494445375925,-0.043120807212591816,-0.011288373507582605
2023-11-28,0.010232576766504131,0.01721774148278077,0.011688665492907147,0.005382363057992778
2023-11-29,-0.003946357389501665,-0.0013435431291141109,-0.0009746837295555588,-0.013627522396435054
2023-11-30,0.0113576288119972,0.0040356269259715916,0.0022295437507302562,0.002631600132742884
2023-12-01,0.02089316369437344,0.05144693751017404,0.06687032038232688,0.03248035271876981
2023-12-04,-0.022640067716001244,-0.04153935866866931,-0.03974432874944944,-0.025103257582303584
2023-12-05,-0.012563763944569817,-0.027652031243977526,-0.02849792317899491,-0.005541062166910415
2023-12-06,-0.01484426606009015,-0.008750537896423216,-0.0044699390752759305,0.007046848913255799
2023-12-07,0.018296741283480467,0.0033103515608612355,0.00561248132223624,0.020178930291964603
2023-12-08,0.009380380679734568,0.04894157066952887,0.05274173178974717,-0.003668767859359323
2023-12-11,-0.01047119438535471,-0.007339394447671399,-0.00424125838369438,-0.006244004167938466
2023-12-12,0.0015873127002865584,-0.011882987302923698,-0.003993151268635198,0.0012888777125794615
2023-12-13,0.0,0.04730132347394722,0.0336763743288484,0.030571224056550106
2023-12-14,0.027073418249222936,0.07093624657753783,0.056367227375615725,0.023106837715697326
2023-12-15,-0.000900086090659391,-0.011198464808569342,0.006975859427814202,0.003967760216562866
2023-12-18,-0.00952379432767525,-0.0036145597772481164,0.006562970796250678,0.004559856727825107
2023-12-19,0.012473975633472856,0.020072463650439687,0.025839155168509764,0.01694666132332734
2023-12-20,0.0014117244174900456,-0.019914505230486435,-0.019538591278620343,-0.01755697365959108
2023-12-21,0.0017941739091058562,0.021528794971091836,0.032293005876363745,0.02665470228787381
2023-12-22,-0.003326087140847922,0.0035518904879598967,0.018723063289100006,0.0004424772207543004
2023-12-26,0.0,0.010618330456133585,-0.0034246216324120837,0.005897950540218799
2023-12-27,0.012321935042060028,0.008638759292999731,0.010309268215280332,0.00982117626973622
2023-12-28,-0.0077342297009269645,-0.004166491797996441,-0.009863978146823937,-0.003919254574649811
2023-12-29,-0.008305654925399919,-0.01046045292851272,-0.014427900105511315,-0.004517692078882751
2024-01-02,-0.002963566532974915,-0.01127538255463989,-0.016382060205163196,-0.005855582388631486
2024-01-03,-0.0055569585011168154,-0.017106419191262323,-0.009095283990274705,-0.0107495835003808
2024-01-04,-0.004288497938198299,0.004351178652681309,-0.0009536129356607637,-0.008782438063143383
2024-01-05,-0.00952753230428538,-0.0033695989450004404,-0.002744266946985152,-0.008559951987070269
2024-01-08,0.0013176639541592206,0.01907758691160888,0.022852273710971982,0.0
2024-01-09,-0.013422787206381792,-0.011848238980577075,-0.014153842014555162,-0.021508539916065605
2024-01-10,0.008670078497812206,-0.009592469700998363,-0.01150904113048623,-0.01439627947651867
2024-01-11,-0.001190138159818388,-0.0029161908126646985,-0.003240811519478859,-0.0028269192040814017
2024-01-12,-0.009665027734902298,-0.0021935159101843515,0.001204191674323507,-0.0036228028426558145
2024-01-16,0.007085557909354723,-0.04982886648124796,-0.04161661257883098,-0.027505407902315815
2024-01-17,-0.009026926835468574,-0.016966502847411746,-0.0150601903514479,-0.017880421367015176
2024-01-18,0.003348910652279935,-0.0007848613360179613,0.0042048048006668726,0.00099303930820982
2024-01-19,0.011214968383594481,0.014656072775663942,0.028930536654893535,0.0008266656853570531
2024-01-22,-0.006073409629378412,-0.03327316366447697,-0.008262555054329601,-0.006773460425910205
2024-01-23,0.007040379138754105,0.01840977304298308,0.019149526776712333,0.0196274826090288
2024-01-24,0.024271206815683177,0.040607808691129677,0.015739406760581165,0.014192429857825983
2024-01-25,-0.004378611780549324,-0.007049451786371064,0.0068467122852979845,-0.007559867738315185
2024-01-26,-0.0038804466664635884,0.0038034101466182246,-0.007396697811340114,0.004213921202541604
2024-01-29,0.00584334478749704,0.016165799400261527,0.005528773845132395,0.0
2024-01-30,0.008649676054211186,-0.006462921210255934,-0.010399269236103903,-0.003066510607741879
2024-01-31,-0.0010239822901964013,-0.007005162201151438,-0.008334335450911445,-0.008903960033668334
2024-02-01,-0.012812287870844763,0.012345417036241146,0.020584694817864957,0.012087529936771535
2024-02-02,-0.008046696746912274,-0.0019910285684733298,-0.024585170886701535,-0.014041319604919278
2024-02-05,-0.012953025707343246,-0.035411433678912974,-0.024960158509067187,-0.026190870116753917
2024-02-06,0.0027836569503090214,0.038521135638470705,0.0316224570537984,0.014120027760456955
2024-02-07,-0.01189691366915313,-0.024147243663632523,-0.002189658410573614,0.0031493617960509646
2024-02-08,-0.008561890370064607,-0.027550804243651528,-0.013287730956719757,-0.00793125659025573
2024-02-09,-0.005262388163474241,-0.01993738098650033,-0.00963704772790197,0.0023317799978637144
2024-02-12,0.011530054096954068,0.008832937505563354,0.011592961523286593,0.004486497962275404
2024-02-13,-0.0038889374159684076,-0.027328030554431892,-0.028026749558984543,-0.02514474174932757
2024-02-14,-0.003634888328755692,0.014729942466395807,0.026784432842201777,0.01561169036700516
2024-02-15,0.015133088529866168,0.02822564946331574,0.035571754320677273,-0.004009917603312485
2024-02-16,0.02169574158967591,0.015163438181918565,0.008677511345498212,0.01224626834666398
2024-02-20,0.007425701211828617,-0.01776962249991787,-0.01589193411699541,-0.03712305718593001
2024-02-21,0.002069089778085953,0.01887770411918077,0.012263340291366553,-0.0058519724305220455
2024-02-22,0.005936250275447419,-0.00488935525874834,-0.0027586340445221458,0.010387858933655014
2024-02-23,-0.003976925853198976,0.00749937255880595,-0.01335118710661054,-0.000856767007760606
2024-02-26,-0.014940774908293042,-0.02387065843390268,-0.025478463100821247,-0.019036150024052678
2024-02-27,0.0018305983570814366,0.0034183983139819407,0.01075810905238117,0.009440543278658398
2024-02-28,-0.0009135955779983052,-0.01965411229350711,-0.02363849036293919,-0.011257423335819694
2024-02-29,0.0018288619962290031,0.010692369761831966,0.024971420090313945,0.004379131678862835
2024-03-01,0.005346184454089187,0.003173692473050771,-0.00247342965116526,0.017439789188928412
2024-03-04,-0.0007782155553804904,0.010282128447799632,0.014009455373718449,-0.004799454097054401
2024-03-05,-0.002076816460834685,-0.03131515624764103,-0.021518644907348894,-0.009817409866810345
2024-03-06,0.0068938569073004885,0.027478467755573277,0.016993609917676178,0.018611926687486235
2024-03-07,0.012659869186094852,0.043786082611457555,0.0411600094584712,0.012254888653489004
2024-03-08,-0.008802174022138676,0.0010045193981187417,0.018173213108425568,-0.008993492839215467
2024-03-11,0.009652485128602839,0.014303764989709977,0.001970314596419831,-0.020418836758264503
2024-03-12,0.0006373632344987001,-0.0014843804617558076,0.012145792361736074,-0.0023160507009946096
2024-03-13,0.03248403066263417,0.07556991771747579,0.10057141347804777,0.015535739034794105
2024-03-14,-0.003824699001306997,-0.0020734351435017784,0.009138073532877655,-0.014594675423620251
2024-03-15,0.018702008444635654,0.02977859361223434,0.059888728075923936,-0.006602439610647326
2024-03-18,0.0004862869176296414,-0.00291418230684104,-0.003883525260238052,0.0037722325917142197
2024-03-19,-0.013610458639809364,-0.0033721823271880558,-0.027290163893696873,0.013600508308464265
2024-03-20,-0.004927924565145236,0.037897264929462215,0.034468719344313836,0.02012716878526999
2024-03-21,0.001981026166358868,0.004999215611403152,0.0030028257919896273,0.0019037174893414832
2024-03-22,-0.0124799584639681,-0.024654189886219147,0.007822293585953988,-0.014682990028632603
2024-03-25,0.0027527321927545145,0.0055432153860572875,-0.004503813903803389,-0.0014025292599582073
2024-03-26,-0.0027451754598913913,-0.013671255312014186,-0.01722972450744964,-0.007198013169265716
2024-03-27,-0.0008758720460723124,0.02570986704123035,0.021743490542986743,0.017329836592501868
2024-03-28,0.002755145347547394,0.024847468682678064,0.021088955275036625,0.0027811668544774903
2024-04-01,0.01061571605731726,0.006592888014230525,0.004881765613509614,0.011440406931610525
2024-04-02,0.005931825957501635,0.02218453546825705,0.00681971784430524,0.014053157245130565
2024-04-03,0.030221047403820922,0.025423688139432965,0.03210546927141422,-0.005577125990496756
2024-04-04,0.012759403176806794,-0.00866766476091596,-0.014744138485158542,-0.01869470568531484
2024-04-05,-0.0016484091504225251,0.005896721192224952,0.006387415159267773,-0.0013855257821223654
2024-04-08,0.008845360119745127,0.010713629662501,0.017861959358643764,0.03520629276549658
2024-04-09,0.0021042376965809684,0.025999864142102647,0.03741313243380273,0.01340269291233942
2024-04-10,-0.0009332035214748569,-0.00740734489651329,-0.002146639825035157,-0.013390778858541008
2024-04-11,-0.007006120820645445,-0.003534723345080426,0.006367860550646531,-0.003183596951060297
2024-04-12,0.0012935834448233319,-0.02213903160129249,-0.01453623691407735,-0.015632922506228275
2024-04-15,0.028537876772739335,0.011118142449162649,-0.010151826187429491,0.00853826250389167
2024-04-16,-0.01678468903064423,-0.012195365906869537,-0.0021914242037746057,-0.03555709278775465
2024-04-17,0.008593700854375275,0.008297964971065941,0.002987037707469442,0.025456573252849335
2024-04-18,0.02256754588809362,0.006824535878631188,0.010247856483568851,-0.007190555519770991
2024-04-19,0.013849808690624688,-0.01096488791974648,-0.0165598689637787,0.002241693973905612
2024-04-22,-0.00033310815433929,-0.013303612961471645,-0.016309631375738154,0.006710250695342257
2024-04-23,-0.0022220260932316327,-0.01961195032729468,-0.017386640576209644,0.0032473974546536333
2024-04-24,-0.005233262622752033,0.005209451240228091,-0.0037393927445039665,0.009199296328526119
2024-04-25,0.02316988788829355,0.02404641830650389,0.023711373647714584,-0.034267438748733836
2024-04-26,-0.000328220048903316,0.022267234295386906,0.045787783354021006,-0.01363390059286107
2024-04-29,0.019697998943214445,0.037821625664689495,0.03343599832647448,0.006733974351557759
2024-04-30,-0.020283336869440727,-0.04712843515141074,-0.034588303635442075,-0.02904426856716602
2024-05-01,-0.002629003024304133,-0.0006005424132391468,-0.012856801288957387,-0.00290066241038911
2024-05-02,-0.012850041959577174,-0.02264083744359402,-0.018668015124108983,0.010545545789141686
2024-05-03,0.017690297976540315,0.03423551943285985,0.02114677884483096,0.012234546837351257
2024-05-06,0.013337677536732429,0.010703595707828084,0.02278814651205585,0.010664842748729475
2024-05-07,-0.0019419191869826102,0.007844677886615026,-0.025160847738485814,0.010728130368084177
2024-05-08,-0.01372833241429694,-0.027826527570425696,-0.01816284086709341,-0.01687838192474478
2024-05-09,0.009973757231342528,0.022418132182043804,0.03575846753829848,0.010973360799295895
2024-05-10,0.018665211989947306,0.00998413502223805,0.014783860386648806,0.0012255389603157418
2024-05-13,0.023649741140465252,0.008722614854024702,0.016168343913573358,-0.0001748117277692307
2024-05-14,0.03101252738377136,0.02767109450627281,0.02585557076438816,0.028156674108525515
2024-05-15,0.0032300941776288727,0.0024307776111067714,-0.007270227772739557,0.008164611290608859
2024-05-16,-0.015595103224520734,-0.02928561280581954,-0.022214971443316633,0.01265400722047505
2024-05-17,0.0337285272204606,0.042083025498872884,0.04319230679750685,0.024158582565591002
2024-05-20,0.006031230805584098,0.011617279552836868,0.031192636172406196,0.0017895050312859428
2024-05-21,0.006191619082146271,-0.009843315638644934,-0.019727602814844536,0.0008118800609560051
2024-05-22,-0.04913071532746904,-0.05688526919558634,-0.07931500700156235,-0.04705494899706686
2024-05-23,-0.010477584636271908,-0.0005853438538971911,-0.0009429255455908336,0.00034052521759120324
2024-05-24,-0.007889568221074228,0.006445312559875349,0.008236915331599537,0.014978703755281986
2024-05-28,0.020299282294478305,0.04075295289456382,0.029018745019305348,-0.0005031127018986226
2024-05-29,-0.0143575364082833,-0.01603576563127529,-0.011825971617105968,-0.0025166928254467535
2024-05-30,-0.027780688447472612,-0.008717109971828618,-0.00677886868006794,-0.013288495411944767
2024-05-31,-0.013270504865637411,0.008028921279859436,-0.0004213400087146324,0.014831183920162028
2024-06-03,0.014533603106619886,-0.013085511740392186,-0.024277122366240134,-0.002519720640651646
2024-06-04,-0.027581822890222485,-0.04496532121328933,-0.04812093040395704,-0.022061244400420787
2024-06-05,0.015721262880396436,0.015895332168820442,0.015156954372971043,0.009471261951158771
2024-06-06,0.015477827047106985,0.015052545688025276,0.017970566394639675,0.018423772595429266
2024-06-07,-0.04188868581605121,-0.038634223624293806,-0.043562273989239286,-0.025293190112522845
2024-06-10,0.013794592415377283,0.014816401768544818,0.013039523052714719,0.0037808186862695603
2024-06-11,-0.0073521770784747975,-0.013200000219743657,-0.023567905078013873,-0.027563889307669287
2024-06-12,0.012933958208273033,-0.0028374592659015097,0.0032491501261016076,0.010387367997262587
2024-06-13,-0.0161518893117496,-0.024593549640551826,-0.01850643070889546,-0.0006969523090366581
2024-06-14,0.009650570147001325,0.0025005137005762457,0.002168259743851042,-0.009067054837641031
2024-06-17,-0.006482093355932861,-0.017667841064468393,-0.009783579196425363,-0.010205963915620009
2024-06-18,0.008957135066665955,0.00909858407426456,0.02612586388357596,0.007288867673772126
2024-06-20,0.012275369394641578,0.03501792168369855,0.023423723213442882,0.009707029681614188
2024-06-21,-0.026851466362019516,0.0040518253326848885,-0.0128459885745279,-0.011011999376033255
2024-06-24,0.00734312253643421,0.016545618800964945,0.007881182675756992,0.0019440931151077923
2024-06-25,-0.03225091894115817,-0.009924401203493027,-0.007092237485115005,0.0049391950950390395
2024-06-26,-0.0030815369764300993,-0.008220088483364196,-0.003754615458296473,0.006319100161053859
2024-06-27,-0.00892960180083413,-0.023246354500639832,-0.009743352466798694,-0.01029133868972365
2024-06-28,0.014323732842509207,0.005794793951332089,9.267549663016794e-05,0.006168517346527791
2024-07-01,0.00819947030403112,-0.003909298904244962,0.008353507773728452,0.010860027738680111
2024-07-02,0.0006777949859759769,0.006197007146757638,0.011966139788189167,0.0006931584280300829
2024-07-03,0.02517209251254271,0.03982744418822448,0.055393801869424664,0.03099564007664335
2024-07-05,0.025875425685593978,0.017176633481481796,0.006205280727878515,-0.0008397657921784818
2024-07-08,-0.00783513482612308,-0.007569759046055169,-0.0025696128775981597,-0.019162930627654506
2024-07-09,-0.009519720186769165,-0.006454290080661784,-0.01253741819984755,0.00017140640458523926
2024-07-10,0.006443863518333259,0.015551221138463411,0.011740055158212082,0.003255604189682515
2024-07-11,-0.0214867011334805,-0.001550658350953582,-0.015041977220191405,-0.005465362908000482
2024-07-12,0.019962221087021614,-0.004465171298213444,0.00532322566312482,0.017860198731010968
2024-07-15,-0.015113618111123328,-0.013886102251261412,-0.022743095572027472,-0.016197049378835038
2024-07-16,-0.01876794917162039,-0.006941649821329499,-0.006928293341325609,-0.01903622277179251
2024-07-17,-0.010125923000237291,-0.03135614954107058,-0.01708421485519862,-0.0036712607244301365
2024-07-18,-0.03023422795308417,-0.053195932242330435,-0.05378108700669726,-0.015265859405218296
2024-07-19,-0.01101733089661261,-0.0004354718628601928,0.0030776366574620795,-0.008374911345725766
2024-07-22,-0.009125345675870089,0.002396351796684293,0.005752517276207625,0.0017969328074278756
2024-07-23,-0.008252630503160385,-0.01608332392265921,0.007531031738793104,-0.012197313329511128
2024-07-24,-0.011336211378029537,-0.024077657081622905,-0.014287183219988231,-0.011621537089233969
2024-07-25,0.003293538350434222,0.007922001911269794,0.001535864278240373,0.00661398390308876
2024-07-26,-0.001945379566998251,0.010554742534853334,0.010350839761296804,0.010768358813220802
2024-07-29,-0.010354494084407584,-0.013777879715711427,-0.014798112484418757,-0.006681125380539665
2024-07-30,0.0002462837045060784,-0.011942341964289227,-0.02609262002678847,-0.016360549559103932
2024-07-31,0.02387389623587377,0.035575878629739544,0.0539791955026494,0.026242716127830912
2024-08-01,-0.022475880750358335,-0.03919839349914089,-0.04117811384305281,-0.022870496076835556
2024-08-02,0.004303436100247415,-0.03804726458837926,-0.026707081689550827,-0.004607413961911999
2024-08-05,-0.0244858326009727,-0.02620910211349503,-0.020303634273072357,-0.01795957352576527
2024-08-06,0.006902588954098343,0.004159500821609097,0.017749213767121574,0.009049726063240282
2024-08-07,-0.018446936040343642,-0.03703705116062239,-0.021774323412215746,-0.014200383631772007
2024-08-08,0.0019047449505518177,0.03846155369244664,0.0349339567709086,0.007392036817641223
2024-08-09,0.008872011767543597,0.00024376955244886922,-0.0016443991145153047,0.011476980204804255
2024-08-12,0.018844173091887573,0.012423784585014142,0.011596278296102991,-0.003720288189692278
2024-08-13,-0.004685586734918812,0.007940260142744737,0.002890780164658935,0.0018670521147226005
2024-08-14,-0.002725391521017251,0.00047755295626106253,0.008547939539017113,-0.026276557964594716
2024-08-15,0.028322941837596538,0.0398473493525211,0.04257408259270479,0.007655527876859969
2024-08-16,-0.002778420370612711,-0.0032126974493686955,-0.01805456925973381,0.01120604707708539
2024-08-19,0.009448827084581168,0.018646417174720264,0.013573300661558152,0.013523634859712752
2024-08-20,-0.004080210726197908,-0.016271026568149716,-0.018710216534755908,-0.0059302630886401975
2024-08-21,0.007711788329572533,0.008270030968462239,0.009485043048241382,0.031879157487397114
2024-08-22,-0.009685558875619948,-0.013442687660358277,-0.024928024598545262,-0.01915083008433105
2024-08-23,0.012919627659366162,0.03140882735847894,0.02871188545259562,0.016577599634526985
2024-08-26,0.004052973772307622,0.011867379913761633,0.008984889586086453,0.005798171291377496
2024-08-27,0.004511469226766485,0.0008850995656926042,0.0009474208497552983,0.0028823731524252327
2024-08-28,-0.020210432774924958,-0.03006858970189097,-0.04542886131719881,-0.022453737503100535
2024-08-29,0.0006031501162757635,-0.0009116421482612269,0.005651532308933227,0.01304668918722851
2024-08-30,-0.000602786545500833,0.010266805361762277,0.0028590615871495473,0.0
2024-09-03,-0.027261741036582965,-0.06594374653468849,-0.05446324993074314,-0.05060772001941338
2024-09-04,-0.0031002693207448084,0.006044249449329575,0.0017674293021725518,-0.0017194832459727083
2024-09-05,0.014429678052155337,-0.0050468730900509184,0.0032174012859835788,0.004975995497823238
2024-09-06,-0.015450576923279336,-0.033816236110331466,-0.02648447347970484,-0.021329187916744763
2024-09-09,0.017436714998912528,0.00999990023085795,0.013283695381425265,0.007589099964109058
2024-09-10,-0.010772352479629155,0.00024763125739823977,-0.010487817948614864,-0.008883866282563324
2024-09-11,0.010518504479177126,0.02202423726283098,0.022257675863849302,0.029033603372621952
2024-09-12,0.012245827003533494,0.012348675414596277,0.01607058849567422,0.016474177906038445
2024-09-13,0.010162181170665807,0.020330013793464774,0.007040816186519194,0.013218332437343605
2024-09-16,0.009101707362479505,0.005391402425888092,0.007903454714933256,0.012289630317752653
2024-09-17,0.00011872826969905326,0.00559583720723178,-0.0029153981961131947,-0.0016809208956254373
2024-09-18,0.0058146180266738234,0.018316522580329675,0.02137524181719419,-0.007483709633402502
2024-09-19,0.011326064135611658,0.027777795099431124,0.0354393424330226,0.04033930732458879
2024-09-20,-0.0010499095889554555,-0.01351343503736957,-0.012298594933903506,-0.02536686410102662
2024-09-23,0.0017517626770862105,0.013698549496091283,0.023745053519457215,0.014872664868493146
2024-09-24,0.03275823444623138,0.07930888360420907,0.07222334170555422,0.05055863414215733
2024-09-25,-0.0003386679455525954,-0.008415362053062148,-0.021544174307373765,0.006626000388437969
2024-09-26,0.03455281816900335,0.07451872050782526,0.08232237567239298,0.05508400336116548
2024-09-27,-0.008731709921866782,-0.010980518898595637,-0.012953658585264538,0.018059447361145065
2024-09-30,-0.009909728559837294,-0.02765883200821706,-0.026920102875032992,0.0016126444739330559
2024-10-01,0.008785640158684105,0.009214789748519081,0.012189802962046636,0.004508147286461206
2024-10-02,0.013339244691211283,0.008733576637234064,0.0021353566917103883,0.0006411034713653674
2024-10-03,-0.02045264045452666,-0.020661039634431555,-0.017131333129430715,-0.024667559610959677
2024-10-04,0.004553572582307375,0.01567191534879675,0.022806289668344526,-0.005255369593382908
2024-10-07,-0.0007739048560948536,0.004747882655479874,-0.003221804154750041,0.003962334434862491
2024-10-08,-0.023677776687422103,-0.04331560696990111,-0.03793475748109332,-0.03963166429968423
2024-10-09,-0.01291934675905837,0.0057624050657374415,0.011670077946892565,-0.0037671127698614137
2024-10-10,0.006888681900564464,0.013709817652900247,0.01704095610966161,0.012547256739051438
2024-10-11,0.015165269466808073,0.009891067940753784,0.010826573991048916,0.0006790428358758316
2024-10-14,-0.019768577314569602,-0.02338602078380292,-0.0005950936847486377,0.008142446091398359
2024-10-15,-0.014437997128814217,-0.029357402486585693,-0.05154371153266324,-0.021369716194400645
2024-10-16,0.0072084962060370295,0.014594057555045392,0.014617515589863572,-0.02458727769583302
2024-10-17,-0.010389028220965324,-0.0004169644354867774,-0.010164348745107521,0.002820337486419744
2024-10-18,0.013880839322396143,0.004796684498355797,0.008125616486631015,0.0040428722179097765
2024-10-21,-0.005292277794826883,-0.004981521585136317,-0.004517265790220049,-0.014005614111041065
2024-10-22,0.00578304317190792,0.012307093231420208,0.01939691497248286,0.005681808974458136
2024-10-23,-0.010004587419066291,-0.012569542789813148,-0.006459048642791454,-0.016066391132193325
2024-10-24,0.0034846941867077152,-0.02253737915720777,0.006149529881242843,0.007715829073363656
2024-10-25,0.004630161145460221,-0.005124032941103973,0.007683517929822914,0.00498570254655073
2024-10-28,-0.0017283492907218534,0.0027897815483028943,-0.0051989262514026136,0.012048217336012801
2024-10-29,0.00011546680621021821,-0.0034239800636066686,-0.0034840642272410127,0.0003501264588690045
2024-10-30,-0.0011540945096204513,-0.01288372585039499,-0.022375573706054586,-0.012600626993121256
2024-10-31,-0.0032351102014506194,-0.02066588402037184,-0.020563156010751316,-0.017015215222649704
2024-11-01,0.007882211768321268,0.012661219648599342,0.005020567418324795,0.008654836348795936
2024-11-04,0.013686076946767933,0.014915600580138966,0.010989858193014346,0.0032177503029453547
2024-11-05,0.00987064804949589,0.015560794630572916,0.024346454305370413,0.009978654139576104
2024-11-06,-0.051230235579305394,-0.002553713904355881,-0.027910548323044515,-0.013055804378561464
2024-11-07,0.044404974961672394,0.036483903866342704,0.036620989380586444,0.03235618811858365
2024-11-08,-0.028004506705995857,-0.04569788354690563,-0.05638266552023152,-0.04432906684176241
2024-11-11,-0.017613440300298988,-0.03149261941424786,-0.0219400169155749,-0.03007789526056881
2024-11-12,-0.02172875948621167,-0.0289532957610813,-0.019664039600874927,-0.01737342777109463
2024-11-13,-0.012987055078364729,-0.0110091741477778,-0.016650459990421473,-0.005323137982372161
2024-11-14,0.0017215862047936792,0.0034786132584589957,-0.007129402293694742,-0.005160577203768502
2024-11-15,-0.005401383799477855,-0.013172834818716228,-0.010272247897896714,-0.004034577738541545
2024-11-18,0.014070521282697701,0.019906362333593774,0.026098376938554102,0.012538551955927124
2024-11-19,0.005355480493552056,0.013088047934546765,0.019149578738946627,0.003619747635204451
2024-11-20,0.0032687013103669393,-0.009519371505944951,-0.0075159210801485354,-0.007782838586320007
2024-11-21,-0.007360911366055989,0.0013729418702552731,-0.022524326064177425,-0.004782900078891372
2024-11-22,-0.009482138372975513,-0.0009140693681940482,-0.009336393950401978,0.006535999064498643
2024-11-25,0.004295514043697324,0.015096166353490315,0.022759153278884448,0.0019098563852566475
2024-11-26,-0.012831424566665528,-0.020279458211343693,-0.03401630631360952,-0.024208963185323618
2024-11-27,0.0069323787303003925,0.006439689839921492,0.011873343809375436,0.011916392236787532
2024-11-29,0.003319452646739496,0.010055030452192026,0.006418626548980955,0.016409318538602502
2024-12-02,-0.0012253680398633948,-0.01266984290058415,-0.0029896536175106903,0.003798673471448799
2024-12-03,0.01729846566193327,0.0043539248514696816,0.012793712577434224,0.0051087499562645355
2024-12-04,-0.0009647154296502647,-0.01802428030448311,-0.0010855935937114092,-0.006777143984055933
2024-12-05,-0.001689997379813346,-0.005808434841002796,-0.0009880951189610299,-0.01080359589880775
2024-12-06,0.0008464291529572954,-0.016826313261613546,-0.011075788269203746,-0.015136943541292247
2024-12-09,0.020538735513414785,0.03945794956436188,0.05540004956744715,0.045719763853299566
2024-12-10,0.0,-0.024239586755268383,-0.0286148450168211,-0.006511596522719043
2024-12-11,-0.0022492128263161826,0.0077336380851533715,0.009656690942156931,0.002996286854376695
2024-12-12,-0.004508792688889596,-0.02139526487827026,-0.019128582092198032,-0.02072443007650593
2024-12-13,-0.010965435502349297,-0.011644599187512372,-0.015069422824815937,-0.014871408605018899
2024-12-16,-0.0013256968901805832,-0.02043736857836409,-0.02610004238556418,-0.010837974110969317
2024-12-17,-0.012549788257135042,-0.0029457706486621937,-0.006674088762158026,-0.0021522147913622947
2024-12-18,0.002077502037469481,-0.04702115039537502,-0.03907392618410166,-0.03137249806438425
2024-12-19,-0.0193901764332417,-0.012141340743788254,-0.010542070078078614,-0.00931178050079029
2024-12-20,0.005098795009250923,0.016213202511418556,0.011197977009186788,0.005312664619589791
2024-12-23,-0.004454374258297533,0.010036019943762797,0.006020903733651162,0.004268288060165437
2024-12-24,0.006587180369147516,-0.0007643001188237797,0.009191062128868221,0.00020230000407983617
2024-12-26,0.005556250947168495,-0.0007648847203064468,0.0018001757444210398,-0.0014163756632937785
2024-12-27,-0.0023330124362923588,-0.00842057049676137,-0.014693331676292942,-0.0028369300721100554
2024-12-30,-0.00418466421274033,-0.018013284198621027,-0.01888210774696597,-0.008738044999915706
2024-12-31,-0.014707636514165179,-0.0020965209159928833,-0.003499413541361296,0.001025133170916126
2025-01-02,0.0006272095288955004,-0.005252057802852428,0.011302608913204448,0.007781960774243313
2025-01-03,0.012786791210606774,-0.004487948131943753,-0.0016273977968688236,-0.008128355820443245
2025-01-06,0.021661000967249322,0.022805694674585597,0.016845720463116942,-0.006556022723448129
2025-01-07,0.008117323897803619,0.004407660845237249,0.00235150104090609,-0.006393067732246127
2025-01-08,0.01610381239354819,0.025812999330450337,0.019407271064435738,0.011208028574271056
2025-01-10,0.011117665703028967,-0.01912444571909344,-0.010355688789483564,-0.0036946817856252645
2025-01-13,0.0049128340091268985,0.011031484419294024,0.0014796823838638673,0.01565723595765567
2025-01-14,0.0034921066268100986,0.0022837892433180684,0.006227022836039042,0.006490861337613341
2025-01-15,0.011367540825688804,0.017280614190111843,0.017306462389061528,0.003829112289225778
2025-01-16,0.011698616597980438,0.0,0.004433357744807687,-0.005019116346180796
2025-01-17,-0.01655140083954909,0.004746601984721988,0.007185437467944311,0.010694093207911592
2025-01-21,-0.006109561840803579,0.0019889293527695084,0.005707171001214872,0.0005988986918499251
2025-01-22,-0.009162551812213482,-0.030024831791944373,-0.023611614771636313,-0.020949620489077003
2025-01-23,0.0065550455822376286,-0.015093365465925768,0.008614529038144525,0.00815162652864232
2025-01-24,-0.0022095654676513865,-0.017922024548694515,-0.006997450307568487,0.008085634589122925
2025-01-27,-0.020163209467563004,-0.030150854472040134,-0.024455874810617617,0.000601620276950543
2025-01-28,0.0040442962287039474,-0.022634291899544245,-0.038453468543415026,-0.023847722306819308
2025-01-29,0.008766776296092127,0.01227679357941347,0.009390406005868046,0.001642472337147316
2025-01-30,0.007163813017121878,0.009922974821076513,0.014008819075198353,0.019676128592445385
2025-01-31,-0.006063438022513634,-0.021561136123721125,-0.011117089373853029,-0.01206031064596036
2025-02-03,0.007508227174973792,0.00027888104211548637,-0.018445855061006045,-0.007324473962404543
2025-02-04,0.011294843818068445,0.017289488075768578,0.03702892614516973,0.021315826307693797
2025-02-05,0.021185953525481693,0.005482362121575157,0.001822760125693268,0.004414918747928098
2025-02-06,0.00428449106708606,0.012813568651487861,0.012629911071733613,0.01278719171907916
2025-02-07,0.02874149889300104,0.02880213155583755,0.022302036864723096,-0.006707411774946936
2025-02-10,0.025974016512314346,0.0062794292647938565,0.0033084831547722793,0.009334688765817
2025-02-11,-0.022550781052263602,-0.02262087220962128,-0.04416408859717824,-0.012199915390932792
2025-02-12,0.02252690998213347,0.009842926655001083,0.023563779650199512,0.009163385475111196
2025-02-13,0.015112835222209409,0.059536570755433615,0.037980181994311524,0.0230951066346452
2025-02-14,-0.02358989085238561,-0.018647359937086994,-0.005825910033046444,-0.005402296245778149
2025-02-18,-0.015354843043614896,-0.004307240361575038,0.0016448445872290218,0.007565484229401509
2025-02-19,-0.006106843554357644,-0.018575091941608224,-0.0107769422710704,-0.016557610137493795
2025-02-20,0.011191494322007056,0.010111564805681539,0.014940901127375783,0.020164519221357535
2025-02-21,-0.01041663648491531,-0.050821381040376146,-0.05019432660690237,-0.01285744973569225
2025-02-24,-0.00942976863045153,0.0035154060653364017,-0.00010753276799368994,-0.006804010434312557
2025-02-25,-0.006862992244350052,-0.00943152040820816,0.0012917742516684871,-0.007633601422768366
2025-02-26,0.012483226727030505,0.032372174086214844,0.0024724553848083364,-0.009467478684378583
2025-02-27,0.008366382286097318,-0.013965864678175066,-0.029597880311652114,-0.017124617926202457
2025-02-28,-0.014301262806409532,-0.013629000436128025,-0.017239310799240348,-0.017828230809624146
2025-03-03,0.01373348009362041,-0.03738823764731891,-0.024963459968365354,0.007425699420541276
2025-03-04,-0.01070682552833957,-0.017731466378150595,-0.00911087496380314,0.007780611851099017
2025-03-05,0.052788478308675835,0.09340982098202688,0.05318889281822492,0.030272116329648213
2025-03-06,0.002622429303501539,-0.012578604824693751,0.003646852613972351,-0.0003943842191224123
2025-03-07,-0.02008782624408456,-0.019639142120016273,0.001541555373460568,0.009458700761587169
2025-03-10,-0.009288905782457335,-0.06605298531946668,-0.027484614517399586,-0.010964928436577814
2025-03-11,0.02166173659164672,0.03999999098969931,0.004521695762178757,0.0034267407151273854
2025-03-12,0.01708867763190991,0.02508372432118433,0.016655605726110023,-0.028525540194759724
2025-03-13,0.016075474982616855,0.021750893983791153,0.022913317886972928,0.00599672245021865
2025-03-14,-0.005920139972173333,0.033794560217317526,0.04025546799344326,0.016443975587454362
2025-03-17,0.013142961445080426,0.016988325620793,0.018204526735384974,0.02264912417738607
2025-03-18,0.012060447895426263,0.008352419219690876,0.009399103024204658,-0.0005932030255815235
2025-03-19,0.016623309152446586,0.014558080561786868,0.007489965168754331,-0.009497420744382201
2025-03-20,0.00177301500101823,0.006927338125623406,-0.003214833882858481,-0.014982015225614487
2025-03-21,0.000491653333668518,-0.011056465314611241,0.011993565546796425,-0.0032447754878522916
2025-03-24,-0.00461915778421762,0.033788916654559076,-0.007668453027851796,0.0030518648451713926
2025-03-25,0.02349920122245064,0.03364555207359232,0.018466493141704676,0.007099430611131385
2025-03-26,0.006366967357125164,-0.03534046833571658,-0.03724890172044981,0.0034239014535617507
2025-03-27,-0.02271860254535596,-0.036394295178660774,-0.008802350916013668,-0.003813692549936576
2025-03-28,0.0029426863701367267,-0.03901971322855502,-0.027881034088698797,-0.014305955536159987
2025-03-31,-0.01809294989875665,-0.014575494143901135,-0.007223431191548779,-0.007767709467151329
2025-04-01,-0.00019918874991053936,0.007131465594437447,0.004494031992194447,0.004944332088842707
2025-04-02,0.0008965754560830153,0.001835640426849361,0.00511289524531211,-0.018450082102434706
2025-04-03,-0.042301203706525015,-0.1227747670440773,-0.08086043328472625,-0.029239844472283005
2025-04-04,-0.08865097798699184,-0.13011045059883264,-0.09616060169082019,-0.09487950811543422
2025-04-07,-0.04915038809835337,0.04185263948152729,0.012884309679815686,0.005942443637859229
2025-04-08,-0.009954447126836019,-0.03819576210098086,-0.0474811502194491,-0.049621836512561135
2025-04-09,0.011629281209150522,0.1550840282672492,0.11622376367791842,0.1026850961371073
2025-04-10,0.03484617076514818,-0.07083573933755283,-0.030561499767358002,-0.01939111670761573
2025-04-11,0.043161321036430556,0.0637955598132216,0.0340910063816009,0.0404690428096417
2025-04-14,0.02285073394836079,0.011994265719404318,0.03592099415079941,0.022983451725639314
2025-04-15,0.00010849196275208861,-0.006845495222498776,-0.009581286496920915,-0.0008641798946245061
2025-04-16,0.013662920084120289,-0.0014982169548913848,-0.00737082892869978,-0.013405364635337702
2025-04-17,0.012302174801940069,-0.01260499713815677,0.0008120871001910945,0.01884724651523295
2025-04-21,-0.0022191596520091394,0.00151961977993742,0.004405373487256448,0.008603952771300882
2025-04-22,0.03166699576947174,0.03368756503382442,0.02850890525685834,0.016208239413041392
2025-04-23,-0.007186186966177122,0.0331767754280905,0.03523717475035171,0.015320004659618025
2025-04-24,0.0029986851107479673,0.06933764784979934,0.0388076295438855,0.0192228404193735
2025-04-25,-0.002989719882251718,-0.007440674756601817,-0.016174416103071132,-0.022307880782090894
2025-04-28,0.0005170214750780389,-0.002945179536740117,-0.004879174761610816,0.004355934566499409
2025-04-29,-0.0031004272512347164,-0.001879882987490089,-0.010125840671637576,0.003717419259162469
2025-04-30,-0.05453037817547057,-0.030669612926632395,-0.036071836557895254,-0.021604898993985766
2025-05-01,0.004605243138328996,0.01054663069882289,0.0035746712168063244,0.0033648767177165695
2025-05-02,0.010150667431521487,0.03268323079693647,0.0203104813846966,0.02347522758207976
2025-05-05,0.005942766558150847,-0.006648749146451971,-0.017639163608714648,-0.004300706261236575
2025-05-06,0.01718580453283125,0.015260848179806441,0.02224726648833375,0.004319282225347276
2025-05-07,-0.025026447593482937,-0.023733978995442384,-0.03380460262852547,-0.00942048086688374
2025-05-08,-0.01202210152928751,0.012425660617737533,0.007088872461096685,-0.004134851635649528
2025-05-09,0.010962550352269895,0.010138817327890237,0.014759260902200477,0.010379927924098364
2025-05-12,-0.007048420429105917,0.033016257590731124,0.03222210018919558,0.025272309250054636
2025-05-13,0.02249648764139267,0.009204986239454094,0.01116404815030081,0.01823646413525526
2025-05-14,-0.015059254007280809,-0.01038769781068094,0.0011792145428408674,-0.010037429832461475
2025-05-15,0.007265173990234519,-0.015105168394218604,-0.012740929826986935,0.004572585552024666
2025-05-16,-0.019162396914567226,-0.011697278357817753,-0.015399624993747363,-0.00039583305267576474
2025-05-19,0.017122174984529392,0.02051525513680086,0.009251969312422226,-0.0031676873556576446
2025-05-20,-0.0030214608104389695,-0.010309049139545001,0.00043658174628280477,-0.012512389862523676
2025-05-21,0.004004730075804597,-0.010156321541260116,-0.008072397613864024,-0.007642803926650843
2025-05-22,0.002263896980966962,-0.008155746505850492,-0.005608800350028531,-0.0038507937073560816
2025-05-23,0.03398945757503302,0.03501333015377028,0.021234204518803868,0.015055929882926478
2025-05-27,-0.020076962599359316,0.015889183476343716,0.00888027647737144,-0.0018040210067322704
2025-05-28,-0.014012735500353979,-0.01892033527632775,-0.015242502264526281,-0.012048125955124167
2025-05-29,0.0020456560279136227,0.003600050610791161,0.0070851729953869125,0.0014227878656971615
2025-05-30,-0.00021487643785078614,-0.014091742369999993,-0.016019065967295743,-0.005682986716907701
2025-06-02,0.03911868402172791,0.043399116958157125,0.01693986858915597,0.008981437811348192
2025-06-03,-0.0051710868504493135,0.002241661862853128,0.0005408209799258046,-0.016791532205771453
2025-06-04,0.011435663967580334,0.015407549941728549,0.01340542602079342,0.01028808906435219
2025-06-05,0.010072933686062546,0.020313194530243717,0.02485606001580254,0.014867740636748117
2025-06-06,-0.016993978080726224,-0.0050371151457520025,-0.004475905367584798,-0.005017107625861494
2025-06-09,0.016459668658391546,0.02073280494113572,0.013487917991668485,0.012101664368185494
2025-06-10,-0.005194072087248092,-0.003542704181048739,0.007118600495569893,0.013949779800496831
2025-06-11,-0.01699420746322422,-0.027968723266485473,-0.01598026284540932,-0.005306604494819123
2025-06-12,0.0042698824751870035,0.004145371947756882,-0.0012493435777537476,-0.015807140663376518
2025-06-13,-0.003836949476324736,-0.005828091360905008,-0.012299269869471496,-0.025296154453177566
2025-06-16,0.004892768227852562,0.023693190810842646,0.017834530140717897,0.007209102510442822
2025-06-17,-0.005386931154454766,-0.01288468122157238,-0.011612213945246475,-0.0229039470354776
2025-06-18,0.009269841660857425,-0.004592734696915568,-0.0008392737246610826,-0.0033486790371780595
2025-06-20,-0.003921481401726101,-0.023312177564915326,-0.01879262976990026,-0.03107941714483442
2025-06-23,0.0035225281339839043,0.017901406982242296,0.0127327522778784,0.014954555138088077
2025-06-24,0.004955640753262935,0.026135853067973835,0.02387738013499341,0.009822724643420822
2025-06-25,0.009451408021621477,-0.009521512701427759,0.0017542333468283378,-0.011630300966959939
2025-06-26,0.03104003102692854,0.06849310865804226,0.07787391036712266,0.03423189455847453
2025-06-27,0.0005922928690555995,-0.013270446670542002,-0.020355460212257315,0.0057922397891676525
2025-06-30,-0.007595902502630647,-0.011853140313701105,-0.013071971400718252,-0.010900851319742055
2025-07-01,0.0035784589059764116,0.016147607940591113,0.009192583212111805,0.012060700898467891
2025-07-02,0.020007985700174702,0.039046567729890125,0.03907923362731003,0.04232588907760326
2025-07-03,-0.010099056920037652,0.0006554428038043625,-0.0021679382313725126,-0.004139554680621216
2025-07-07,-0.0220718438376587,-0.014628803311910299,-0.012752641303506285,-0.02236737776215969
2025-07-08,0.13251079520310127,0.025260379209984585,-0.01444847827108775,-0.0006073755171591699
2025-07-09,-0.03569529488851686,-0.014696326746007071,-0.029902901374028512,0.005064801403360519
2025-07-10,0.019197173893448216,0.0355339924783411,0.023418755935430413,0.03829867310239066
2025-07-11,0.0025234209302467114,-0.018004595237275822,-0.006356286064501782,0.01106593253238275
2025-07-14,-0.008450185732452153,-0.015746215458620427,-0.016041789291103226,-0.0030722689005334702
2025-07-15,0.005621058581975369,-0.029903420005600423,-0.024304910309909222,-0.029853604389920352
2025-07-16,-0.008925349535135352,-0.0031730922753830937,-0.009123542300701892,0.01588245814874001
2025-07-17,-0.0019102982251403278,0.010913979361892201,-0.001551797141939204,0.010162178121738696
2025-07-18,0.016769961102048425,0.007647410510935648,-0.0007252807155543328,0.0029019744006471004
2025-07-21,0.005826423411900539,0.008705202379796662,0.016694236410553787,0.025848755415843527
2025-07-22,0.015417551024466958,0.013498640946713714,0.011218850844096684,0.03535162805850467
2025-07-23,0.017202044783521275,-0.020960560757718683,0.016944076698252264,0.004540546513067234
2025-07-24,-0.0031061476528092546,-0.005798434139881459,-0.01338889879081051,-0.02223828035030162
2025-07-25,-0.0023368074955467666,0.006953676006215437,-0.01296743847824866,-0.01719676342420484
2025-07-28,-0.0292357798535543,-0.024504304708144353,-0.010999105505372975,-0.016368851041494104
2025-07-29,0.0015192313674488034,-0.012788282035157583,-0.004633985358462711,0.008224941606225444
2025-07-30,-0.005978356094184956,-0.09461026199266764,-0.06331456456047213,-0.03908171363352109
2025-08-01,0.018935406157227774,-0.005218713589256185,-0.026550485014720904,0.0011841413950037794
2025-08-04,0.0005665852180154474,0.009742713721758278,0.015164634713096037,0.017741036261953003
2025-08-05,-0.011551555763595012,-0.00964870911110427,0.015905443901419236,-0.009684312989076016
2025-08-06,0.006186973276029795,-0.0042466708052338875,0.005712569685641045,0.00801882206300486
2025-08-07,-0.0028466886475828623,0.02358238973658744,0.025665295656736697,0.011059339117393208
2025-08-08,0.017585963551933093,0.026225512130874096,0.026561340961613222,0.014392624827623157
2025-08-11,-0.007182148792667209,-0.009792130749601946,-0.039760270955236376,0.008513079200033857
2025-08-12,0.019215561653475266,0.0166425878798222,0.022159751397075933,0.013693457546771981
2025-08-13,-0.005877836194779329,0.01399762949568184,0.012722614609798732,0.012768305843918748
2025-08-14,-0.0039044900039204578,-0.01076286769597945,-0.018894400456096694,-0.016627070787935794
2025-08-15,0.0030239027378218264,0.0018921959887889805,8.901681919648574e-05,0.006131558674348225
2025-08-18,-0.0046896794361693805,-0.01440036991475302,0.00010428654222027767,-0.01329642495919825
2025-08-19,-0.010769544814671184,-0.00694608882733716,-0.0170004207556399,0.005053341759937657
2025-08-20,0.0038557946639010687,-0.0036178164113013223,-0.005835530504231912,-0.0020484201942257974
2025-08-21,0.0012426207943443401,0.009924871147479752,0.0003201901057603429,0.01698077243845786
2025-08-22,0.0036105767787457665,0.03739202730268443,0.04064874940349816,0.026605570590634287
2025-08-25,0.0042719675302591575,0.009473206138982615,-0.005433696852892078,-0.0032171817737944863
2025-08-26,-0.0035821772536120955,0.0151064427268357,0.007937340208225896,-0.002151710292331299
2025-08-27,-0.008088928174427745,-0.01082301457439483,-0.016056581062068864,0.003953285278062824
2025-08-28,0.01109973581418977,0.011397315964521537,0.0053009766637885924,0.004474648301137529
2025-08-29,0.012322130179588164,0.0006762475646571176,-0.006513629620192418,-0.0062366010254092386
2025-09-02,0.011286958046876627,0.01216205912741919,0.012072026905296074,-0.0017931384086076196
2025-09-03,-0.002407299808743324,0.028259819674104403,0.037840555339464954,0.003951865194707915
2025-09-04,-0.015465591728420436,-0.003029495443992003,-0.0010897986861529985,-0.006083330358029659
2025-09-05,-0.0012254545199552602,0.005860639211899388,0.02142427181430495,-0.02088212528168798
2025-09-08,0.0017846953412186117,0.0069053243685262,0.003981390033608312,-0.0034932554673613447
2025-09-09,0.002338259500294093,-0.059365399985324196,-0.03365899199950484,-0.01937265704852953
2025-09-10,0.010886528327740175,0.022556359932957015,0.021919777348392122,0.0018814569420586569
2025-09-11,0.008901029779579739,0.023172807516357752,0.02889324501229451,0.018028082220449715
2025-09-12,-0.000435650821192457,-0.026132315534447725,0.010756699352162613,-0.002582520688293344
2025-09-15,0.014601702501418012,0.02057241363374729,0.035411581773995504,0.013501057128384897
2025-09-16,-0.004833001495090139,-0.007449605275930082,-0.013552821335929832,-0.012591227055131715
2025-09-17,-0.01338221437499898,-0.004635783910931668,-0.014476686627356017,-0.01737205169813083
2025-09-18,-0.00656316104952992,-0.00354846358803651,0.003555405276579604,-0.01861954990189496
2025-09-19,0.0061660159902687806,0.00022252047995086066,0.02545215010919044,-0.0007665580603807287
2025-09-22,0.0008755060459384456,0.004895391024269946,0.013182992443826702,0.019370980465414522
2025-09-23,0.0025147347167067124,0.004428853898194918,-0.010588701941672718,0.0026340250817502575
2025-09-24,0.036645267153111005,-0.16953280341750154,0.08380193501148692,0.0039406943277564555
2025-09-25,-0.011046869505147883,-0.061852816830408774,-0.012886920011329406,0.04093455384914946
2025-09-26,0.003297887083738793,0.011601594084513778,-0.00813843806933534,-0.017058692667703435
2025-09-29,0.02661440047243846,0.038321617200567815,0.03495724513974907,0.02703693507926519
2025-09-30,-0.00743653195089633,0.056573449018363364,0.0022297497485705975,-0.00836006401109679
2025-10-01,0.005307034018189327,-0.0033147072549294387,0.010547135827636778,0.0
2025-10-02,0.013973633339134484,-0.00562810717697837,0.021852642294694302,-0.004484279902234767
2025-10-03,0.032666462224428816,0.020581355543998203,0.023699235852135958,-0.0005405094750358108
2025-10-06,-0.014037188206906581,0.01638534201824604,0.013173310426825235,0.009013830556815483
2025-10-07,0.012231776707494424,0.009176521889640021,-0.025003867391878654,-0.013757320947444862
2025-10-08,-0.000396167808522252,0.05308422826801862,0.045766572134756656,0.015579706876859722
2025-10-09,0.005846216331171883,0.010735149525361143,-0.01478901752452777,-0.0003567863582437658
2025-10-10,-0.044724704166958285,-0.05610706523621256,-0.04189324678957218,-0.043183503618141494
2025-10-13,0.05197490844106545,0.04647747614258524,0.06474822982071338,0.038978052923290596
2025-10-14,-0.023527082255880516,-0.01893405688653116,-0.018393447815291064,0.012744512692948629
2025-10-15,-0.0017066757965109591,-0.0026304603319361464,0.008795374235505804,0.004785538094502106
2025-10-16,-0.002815755957587207,-0.0002396713352530444,0.010386580354235786,-0.0072322897312779855
2025-10-17,-0.005344942333289748,-0.012470043114329421,-0.02596221116522668,-0.012260114926568644
2025-10-20,0.013484778969078404,0.0245263762943293,0.03951929292806655,0.02176646719366393
2025-10-21,-0.013605505131580542,-0.02085786139215773,-0.049058874566435984,-0.014612636087993458
2025-10-22,0.00628806052911135,-0.01282994778571267,-0.010910098109246813,-0.0032159628067514046
2025-10-23,0.0243902063933088,0.011034844139150346,0.011424372198902688,-0.008962198835439139
2025-10-24,0.002262959284184962,0.0033955803595679956,0.007556346740932529,0.005968467921806608
2025-10-27,0.009227433016246955,-0.006526444884986882,0.028220073392918987,0.01366422756932728
2025-10-28,0.0,0.0017030668102482327,0.040379084987663294,0.013302583672479162
2025-10-29,0.018091612471139884,0.024775337838941258,0.023995404790059904,0.014528228005830757
2025-10-30,-0.02971241712750594,-0.010902910912390484,-0.011081398505594975,-0.012422317730214627
2025-10-31,-0.002461655362990589,-0.0007189455171137116,-0.009349699132263245,-0.003319392780677499
2025-11-03,-0.0036521275334946424,-0.012470043114329421,-0.0036744013570337852,-0.015775615388979092
2025-11-04,-0.02397460168932819,-0.042739231482370355,-0.054233794652601475,-0.03045419148835793
2025-11-05,0.007511104662075274,0.020040584849888576,0.03922317589043667,0.019654656460252662
2025-11-06,-0.003526077843692854,-0.03879628572424987,0.009711595607439394,0.0018015372875264113
2025-11-07,-0.0015164685027621028,0.030013044655105903,-0.004590485472955597,-0.008092094324552157
2025-11-10,0.03017409576933061,0.028635999718972904,0.021081785791575713,0.012690354971985673
2025-11-11,-0.007568278545645679,0.002930371175970725,-0.006953734332355577,-0.0016111478591134265
2025-11-12,0.008121202115103587,0.01801804161515408,0.0018410866077298582,0.009861877636106575
2025-11-13,-0.00039293743216228805,-0.030375562229636333,-0.034727417295610685,-0.006569524352319722
2025-11-14,-0.007469308324166035,-0.009373483699772533,-0.010149218964018325,-0.012868657572071007
2025-11-17,-0.009802948543042644,-0.028884470631701187,-0.027852085331432797,-0.011587896503657213
2025-11-18,-0.007499980926513716,0.025641013011420632,-0.02290442799756698,-0.016120192024042024
2025-11-19,0.009168725594225657,0.031250033016550605,0.009988784429608044,-0.00446840216329214
2025-11-20,-0.009684517179039731,-0.03927267735097684,-0.04275008064417729,-0.01664488480224824
2025-11-21,0.009880081628140136,0.006055952706410128,0.030578226443124468,0.009509339927923799
2025-11-24,-0.009284257776344229,0.023074970648342186,0.025143527331244808,-0.0028259072718123113
2025-11-25,0.007557417460658522,0.006864510937150126,0.018296483318416268,0.01416965176319418
2025-11-26,0.021002104874421335,0.026296563352202096,0.03028190319641877,0.02235471370853559
2025-11-28,0.015868416293379983,0.019691532113439214,0.013155066942490468,-0.0027332916094616744
2025-12-01,0.0064602674334068855,0.002094019378394707,-0.00014855517864398315,0.008039407346105643
2025-12-02,-0.011113257188007375,-0.002321746958482973,0.0010389927952840772,0.01993847360909551
2025-12-03,0.028482914011963567,0.03630427334410058,0.027353459001275837,0.029322811538498028
2025-12-04,-0.003108514678328511,0.0017966374477256242,0.00981328902277756,0.01812855419379078
2025-12-05,0.0171028775137243,0.013225662960383966,0.00328684767594134,-0.002035013901299898
2025-12-08,-0.0032515651812122792,-0.004424759580016313,0.004486714918483514,-0.00866606535872716
2025-12-09,-0.023114935487208554,-0.004444425092522075,-0.004537655049434597,0.011484364285123227
2025-12-10,0.00667872294446159,0.03683034613606462,0.025498580226982703,0.025758361279796915
2025-12-11,0.028717700732813434,0.03573735322003424,0.02535085307322915,0.0064431016264296925
2025-12-12,-0.02644183711376369,-0.015173570234251255,-0.03535870754382375,-0.021011147087032667
2025-12-15,0.010409733380034814,0.002954909592707944,0.010181856886771756,-0.007545294627948729
2025-12-16,-0.009646875222742879,0.00042081696216555997,-0.024954788690300878,-0.00962997768891316
2025-12-17,0.014469441341139921,0.005889767442273985,0.008412317198501551,0.007335379148425858
2025-12-18,0.0005592957017088729,0.002091125946954042,0.0058677861700844325,0.0037256617120509095
2025-12-19,0.013602898643957362,0.025667785170598867,0.012088844304102286,0.000843592369919044
2025-12-22,-0.0003676542135855332,0.03031541390830328,0.022083294922012442,0.02444368947528175
2025-12-23,0.007080428901760083,0.024881552004454965,0.005707361903015462,0.005101249523214113
2025-12-24,0.004108845660450777,0.000385302939531984,0.0007431221710871849,-0.0034381709704833785
2025-12-26,0.04874058965293271,0.021571762023185448,0.009383716396175856,0.016757019038253107
2025-12-29,-0.047862658990854956,-0.029411879748895697,-0.02822369357966248,-0.024236539149268044
2025-12-30,0.04316546575148905,-0.0013597491852326282,0.0012387916408833632,0.008776277044186598
2025-12-31,-0.017023107474725352,-0.012059805803766643,-0.013816291801981184,-0.009028247217474306
2026-01-02,0.001776154856378831,0.02244527090679882,0.03638384610387213,0.023024668933762094
2026-01-05,0.05044328524915209,0.047756623881685556,0.03833484014292732,0.022344599214894068
2026-01-06,0.014515987143868259,0.03197942349085081,0.03685469249456785,0.026290832461707714
2026-01-07,-0.03352465526985782,-0.011576135778234908,-0.012431304644450525,-0.014506199036933953
2026-01-08,-0.010759166781860618,-0.023063113976918403,0.015560812170890781,-0.014249914769375427
2026-01-09,0.018968103315796014,0.04260413695055387,0.06209897907463646,-0.019539305914370697
2026-01-12,0.02211594353492563,0.03856368102866026,0.03213697962543005,0.017498319002497542
2026-01-13,-0.002506322972117614,0.010730758355305126,-0.009261333784343129,0.018949112384400335
2026-01-14,0.006532669296965388,0.017020494154238897,0.0337786513538485,0.031723625132684896
2026-01-15,-0.010151418219607966,-0.003986690321300834,0.015033954293756535,0.00015153911182053115
2026-01-16,-0.026815757111271044,-0.0208472083347927,-0.011040089780003481,-0.017719260129903325
2026-01-20,-0.002677735011488269,0.023164695711524352,0.02928977945276401,-0.00724636029742054
2026-01-21,-0.0075350681407182485,0.008490114452614828,-0.011758339607800927,0.018947080232222024
2026-01-22,0.0022689609668471444,-0.028557341158179872,-0.041562521019880116,-0.00975466223800947
2026-01-23,0.02934261238680569,0.026508129783226142,0.04472543326893441,0.03924884423551056
2026-01-26,0.012349929595729003,0.012580675141541375,0.022300564917107524,0.0037025860723078896
2026-01-27,-0.02598603052044579,0.02779140268303948,0.03412772131762054,0.04013578375618332
2026-01-28,0.010980549362894498,0.012088475171295743,0.017142189392949092,0.0066675974123797666
2026-01-29,0.04802715248787215,0.023573722654114837,0.0491976885499803,0.017051831388442462
2026-01-30,-0.04509757653524116,-0.07523414980079646,-0.08469186024881259,-0.04766512270471346
2026-02-02,-0.016194674415304422,0.008799577197797781,0.013030599941693088,0.009602694133206136
2026-02-03,0.04498839324983006,0.06435157301217065,0.11742734715725844,0.048277918793108165
2026-02-04,-0.03901027404155932,-0.04345128188170588,-0.09037316246198779,-0.007148730295831518
2026-02-05,-0.004634470692767567,-0.04267703568353742,-0.033219366193235955,-0.04320143105656005
2026-02-06,0.011122664986156217,0.024484886089696678,0.0558429842910082,0.007814875723402004
2026-02-09,0.01389955687934874,0.04845894173972476,0.04119173622202954,0.029149839089787077
2026-02-10,-0.008242264390114884,-0.0055023311163668875,-0.03275213706121638,0.009487964901650603
2026-02-11,0.00898914079377544,0.034777213267220386,0.03831066108460712,0.03842430489463289
2026-02-12,-0.02992099123137404,-0.052245663636322104,-0.041981421556746334,-0.03154526996466078
2026-02-13,0.003725543401023046,0.012894859395830016,0.0007581254772053292,0.008521138936103734
2026-02-17,-0.02753562737075732,-0.027848521839423657,-0.05050500150422654,0.01240119342880508
2026-02-18,0.028492819550103743,0.023899187603902083,0.024787213493871585,0.0032306066733758243
2026-02-19,-0.01096054683802683,0.00031976296245472824,0.00731861178444948,0.007245405599500598
2026-02-20,0.01762649769932323,0.028288169232649985,0.03576033774783216,0.02331154855686557
2026-02-23,-0.009946851177818905,0.018806523689736787,0.03004821290998616,0.01549081279878739
2026-02-24,0.02598304200809154,0.035545276121109026,0.01758025658703133,0.021022867002637335
2026-02-25,0.009539078065965212,0.013848046148410509,0.021405862551148847,0.025486537371359974
2026-02-26,-0.005435202138450612,-0.006393531046537282,0.002323464566067468,-0.007468183784564264
2026-02-27,0.009668721254565193,-0.004387224947953516,0.012053721390582917,0.006167475114185139
2026-03-02,-0.018319616141515782,0.00308470283939255,0.002519481413484348,0.017653584631703856
2026-03-03,-0.02052757954391571,-0.03983022388394741,-0.057664968180009546,-0.056378697049202176
2026-03-04,0.014116229997471974,0.005490287026707064,0.0020849776962599265,-0.0025533850552137416
2026-03-05,-0.0174210480237319,-0.049598033507748274,-0.07156688092519381,-0.032381926868432
2026-03-06,0.000695321931401871,-0.05266520808838171,-0.0359618121027494,-0.030887522718904714
2026-03-09,0.00755600952315949,0.019036440052648596,0.03065366174787476,0.014474612910422513
2026-03-10,0.01784327055792545,0.031575512831397035,0.028955082723873815,0.013719303174284603
2026-03-11,-0.009908505251952748,-0.013782121792672575,-0.021105228715532554,-0.0073081732303139635
2026-03-12,-0.0035924913993112817,-0.037861563772794704,-0.059681294855023825,-0.03517384982584493
2026-03-13,-0.01888576391612118,-0.04779596921490259,-0.05388786285626035,-0.028684454932721315
2026-03-16,0.01329953876674872,0.027492033782011926,0.03494701032913605,0.022839682042697707
2026-03-17,-0.011052608218068527,0.002761917596032948,0.0012443676612670096,0.0024179462984359468
2026-03-18,-0.030123134983010336,-0.04544668266206153,-0.05818557566090454,-0.030930763356175728
2026-03-19,-0.021786066842027774,-0.03300273989000768,-0.04144674057781528,-0.013616402102808456
2026-03-20,-0.01665744091076682,-0.02853412380449072,-0.044427736100628,-0.03087430230452548
2026-03-23,0.018156226752237048,0.054712932994547936,0.04505276425190741,0.04472351245213213
2026-03-24,-0.003125236139374765,0.02803062078854457,0.0018171425886617243,0.008209904209208974
2026-03-25,0.019640326291151533,0.010800340435556999,0.03508875968417624,0.018031198977658924
2026-03-26,-0.014921321003698695,-0.022070366701166355,-0.03462440935483646,-0.021568377234044367
2026-03-27,0.0037639188039926275,0.007343706078774881,0.01445922257387311,0.014598540145985384
2026-03-30,0.0016462089832387505,-0.028271748190524137,-0.01721477745992206,-0.006906523121346653
2026-03-31,0.020361626484978634,0.0755718007492383,0.08023593839239451,0.053897441345019725
2026-04-01,0.00653243427093253,0.04117053482647792,0.03423231582909092,0.011273023355870215
2026-04-02,-0.010846349486870133,0.0029411609996341515,-0.0006743596130154295,-0.004350186316541493
2026-04-06,0.0036850090820204073,-0.005376378325607445,-0.006523034345244594,-0.006144142017579068
2026-04-07,-0.006984872386811114,-0.004750263699522139,-0.01528275892548736,0.00714379223143391
2026-04-08,0.03877719496245979,0.07142860296557596,0.07587517539662536,0.04978859156231197
2026-04-09,-0.0019966805609978877,0.020737219759663583,0.004701615093307687,0.0035083715653969616
2026-04-10,0.021311750120080353,0.02031627001804237,0.02398290515484902,-0.005438376020763691
2026-04-13,0.017971168186445396,0.0033921616263383747,0.0198379501685908,0.016794700644838345
2026-04-14,0.01581326430790786,0.0035278372066271935,-0.015327365245076385,0.013700380483090191
2026-04-15,0.0002471179845415783,0.008514422075658334,-0.0210477739780216,0.0037893527686791995
2026-04-16,-0.0009057707112199997,-0.006113543340343308,-0.005546734652139507,0.0
2026-04-17,0.006099019420354956,0.028266027294581164,0.03224435564739747,0.012331643544555071
2026-04-20,-0.011059247262121819,-0.0004273288742842052,-0.01832024833382706,-0.010689877476376397
2026-04-21,-0.00571564720337292,-0.03719012767589758,-0.037901060501702055,-0.023872270183531108
2026-04-22,0.019745022627418285,0.041290581080668076,0.022775581420378055,0.03694162732652817
2026-04-23,-0.007271221396587535,-0.12620805713455896,-0.02908748264446126,-0.00893745335803231
2026-04-24,-0.008558973858681207,-0.006994207465173541,-0.009986218987195872,-0.0002504589677306823
2026-04-27,-0.0009130638024508198,-0.00786238016077534,-0.012802778921179425,0.0002505217131403281
2026-04-28,-0.017198386043330016,-0.03896319203697862,-0.04283619655390691,-0.02154300689130062
2026-04-29,-0.006086778312693886,-0.021989292922153014,-0.012082868389774792,-0.013568934341015026
2026-04-30,0.008080315324946907,0.014930557211468853,0.019355223244700737,0.029068330705056766
2026-05-01,0.001012494404646791,-0.02128761704579185,-0.002970481606023534,-0.00302655086920256
2026-05-04,-0.023095091069303297,-0.017329791175471954,-0.02850809514819641,-0.01505179419123781
2026-05-05,0.02553921683180005,0.037970158415146615,0.0284427002795391,0.01759336161379088
2026-05-06,0.03255932141649609,0.0556518211027619,0.07530841205473737,0.06423528652835109
2026-05-07,-0.0014666055075955864,-0.004598418958282502,-0.023761696831077428,-0.02110753872462723
2026-05-08,0.019828643675917634,0.017158907177548643,0.03202634202786503,0.026287075575088137
2026-05-11,0.026324173110276128,0.044120017762012465,-0.0003238229062441089,0.0345845167960146
2026-05-12,0.011148406210697237,0.0257883278386859,0.03519948532865502,0.0076440177670447085
2026-05-13,0.02320737357142799,0.017113580599249723,0.01603566097928577,0.028192910692632855
2026-05-14,-0.010247884899679871,-0.015187755324215235,-0.017666368234046215,-0.0207025361079316
2026-05-15,-0.04811571819334659,-0.04732386066737582,-0.06217507278887602,-0.050938926838542065
2026-05-18,0.003279165935056172,-0.03983487256533047,-0.02760496049615324,-0.0045024274400751185
2026-05-19,-0.017059929354809378,-0.02975208565206766,-0.016870238507574964,-0.0255890738203427
2026-05-20,0.02035688612417008,0.03696762483588589,0.03011832152597993,0.020520340158971306
2026-05-21,-0.005325521608140038,0.02365701518192931,0.0288930948653372,0.016636736551491893
2026-05-22,0.013584791203699487,-0.005135614201550731,0.003070584338716431,-0.004002872115758449
2026-05-26,0.0029959087642548177,0.038231912237153054,0.05682644190972064,0.022340418720298016
2026-05-27,-0.008803683722559241,-0.011342403564526204,-0.011217636549604393,0.015493166844515294
2026-05-28,0.014433002789251637,0.03520353416965971,0.03797605796438086,-0.00034155503440136403
2026-05-29,-0.005706688185472042,-0.0024290568186356998,-0.01837028808167085,0.012642375532688988
2026-06-01,0.025866850898241367,0.02024048966193348,0.017354898131033636,0.025981300904818205
2026-06-02,0.019236622028355965,0.06980898814493752,0.03468297281548893,0.02115764393059183
2026-06-03,-0.02534024352219988,-0.015058561130304349,-0.02373739333168856,-0.024691390381983314
2026-06-04,0.0046289477018301994,-0.013448373936164382,-0.012716822048783771,-0.02278480715014941
2026-06-05,-0.038012584370184954,-0.09068740232286265,-0.10881547486053722,-0.06825859024461844
2026-06-08,0.010537236767017566,0.008521382233791508,-0.014395591579992595,0.011847143533331828
2026-06-09,-0.004265807156949242,0.0053199722827488305,0.027510573433505936,0.012305931257420966
2026-06-10,-0.008488647454472531,-0.033774253852375646,-0.042301785348896837,-0.02100798227509737
2026-06-11,0.0016002163432060623,0.06862104003721448,0.08583696725554346,0.060880087251948156
2026-06-12,0.02740057689755515,0.031203000324407926,0.04188619603991883,0.03204545107754786
2026-06-15,0.008086470030260084,0.02514241315606336,0.018072649011579456,0.014424108819595327
2026-06-16,0.0010026636678703849,0.00028528361837332206,0.006779823777650407,0.004124659656368435
2026-06-17,-0.0011557551248237985,-0.015538180797733392,-0.014650728018299586,-0.02324074668934506
2026-06-18,-0.0165085780291776,-0.005502488118658944,0.006521285724975678,-0.02755641707559131
2026-06-22,-0.002823695916345348,0.007716953288936512,-0.015653289422692174,-0.023785181540425637
2026-06-23,-0.03390235974562783,-0.06949854180240123,-0.059712474957701045,-0.041151769987537556
2026-06-24,-0.03224229944070056,-0.039751625745389374,-0.03768836148451771,-0.01860180886683127
2026-06-25,0.02145382141304597,0.015523939209236337,0.016817967011392376,0.005450971689200168
2026-06-26,0.01169592296956945,-0.005573233572728431,-0.01985921882648012,-0.0017250740848393509
2026-06-29,-0.007164397753077201,-0.013290651164938105,-0.016407787275046215,0.008886710078193305
2026-06-30,0.01558019998460991,0.020610205867483078,0.03449093300001027,0.019207239244620755
